case_id,status,district,age_band,language_preference,tenure,household_size,opened_date,closure_month,monthly_award,opened_year,opened_month,case_age_months,contact_attempts,months_since_review,payment_adjustments,total_payments,total_amount_paid,avg_payment_amount,min_payment_amount,max_payment_amount,std_payment_amount,distinct_payment_months,max_payments_in_single_month,multi_payment_months_count,has_same_month_multi_payments,post_closure_payment_count,is_post_closure_paid,total_post_closure_amount,total_excess_amount,avg_payment_to_award_ratio,max_payment_to_award_ratio,num_adjusted_payments,adjustment_rate
C-30000,Active,Calder Central,45-59,English,Private tenancy,2,2024-11-13,,1026.76,2024,11,13,3,0,0,6,5795.76,965.96,773.83,1064.0,99.73899518242601,6,1,0,0,0,0,0.0,37.24000000000001,0.9407846039970392,1.0362694300518134,0,0.0
C-30001,Active,Weybridge,30-44,English,Private tenancy,1,2023-10-21,,497.45,2023,10,26,0,0,0,6,3011.9700000000003,501.99500000000006,479.72,525.47,19.21114129873601,6,1,0,0,0,0,0.0,61.490000000000066,1.0091365966428787,1.0563272690722687,0,0.0
C-30002,Active,Northgate,45-59,English,No fixed abode,2,2025-02-02,,531.45,2025,2,10,4,19,1,6,3107.75,517.9583333333334,447.43,543.53,36.084862985283266,6,1,0,0,0,0,0.0,26.349999999999795,0.974613478847179,1.0227302662527047,0,0.0
C-30003,Active,Weybridge,60-74,Spanish,Owner-occupier,2,2024-10-06,,926.43,2024,10,14,7,6,1,6,5440.03,906.6716666666666,874.74,961.65,38.19654247005435,6,1,0,0,0,0,0.0,56.09000000000003,0.9786726106307726,1.0380169035976814,1,0.16666666666666666
C-30004,Active,Weybridge,30-44,English,No fixed abode,1,2023-03-19,,514.36,2023,3,33,0,20,1,6,3088.67,514.7783333333333,437.96,542.71,39.65870064269213,6,1,0,0,0,0,0.0,84.22000000000003,1.0008133084480388,1.0551170386499729,1,0.16666666666666666
C-30005,Active,Northgate,18-29,English,No fixed abode,1,2022-10-11,,612.77,2022,10,38,1,21,2,6,3706.13,617.6883333333334,586.28,647.68,23.837002677909556,6,1,0,0,0,0,0.0,68.43999999999994,1.0080263938073557,1.0569708047064967,1,0.16666666666666666
C-30006,Active,Calder Central,45-59,English,Resident with family,2,2025-01-02,,979.71,2025,1,11,2,21,1,6,5872.17,978.695,930.17,1027.62,38.877545575820484,6,1,0,0,0,0,0.0,95.97999999999979,0.9989639791366832,1.0489022261689682,1,0.16666666666666666
C-30007,Active,Weybridge,60-74,English,Social tenancy,1,2023-04-27,,651.1,2023,4,32,4,9,0,6,3762.96,627.16,484.64,684.14,71.3795049016173,6,1,0,0,0,0,0.0,36.38999999999987,0.9632314544616802,1.050744893257564,0,0.0
C-30008,Active,Weybridge,45-59,English,Resident with family,5,2024-02-01,,1259.96,2024,2,22,3,23,2,6,7279.5599999999995,1213.26,1004.68,1322.99,113.54733673671085,6,1,0,0,0,0,0.0,110.70000000000005,0.962935331280358,1.050025397631671,1,0.16666666666666666
C-30009,Active,Northgate,30-44,English,Social tenancy,5,2023-04-13,,1103.89,2023,4,32,2,8,2,6,6449.3099999999995,1074.885,881.96,1168.46,104.33875957667881,6,1,0,0,0,0,0.0,120.0799999999997,0.9737247370661931,1.0584931469621066,1,0.16666666666666666
C-30010,Active,Weybridge,45-59,Other,Social tenancy,3,2022-09-04,,1044.93,2022,9,39,3,10,0,6,6072.32,1012.0533333333333,865.45,1104.77,84.21498528567624,6,1,0,0,0,0,0.0,85.39999999999986,0.9685369673885651,1.057266993961318,0,0.0
C-30011,Active,Ash Hill,30-44,English,Social tenancy,4,2025-07-11,,1165.09,2025,7,5,1,11,1,6,6980.3,1163.3833333333334,1130.94,1201.95,26.987661378242166,6,1,0,0,0,0,0.0,57.34000000000037,0.9985351632348861,1.0316370409152942,3,0.5
C-30012,Active,Northgate,60-74,Other,Social tenancy,1,2024-08-24,,597.11,2024,8,16,4,5,1,6,3366.31,561.0516666666666,462.73,626.14,53.54314836341494,6,1,0,0,0,0,0.0,29.029999999999973,0.9396119084702428,1.0486175076619049,2,0.3333333333333333
C-30013,Active,Weybridge,75+,Spanish,Resident with family,3,2024-09-10,,1134.11,2024,9,15,5,0,0,6,6651.48,1108.58,1074.83,1152.91,30.411724055041667,6,1,0,0,0,0,0.0,18.800000000000182,0.9774889560977331,1.0165768752590139,0,0.0
C-30014,Active,Northgate,45-59,English,Resident with family,2,2021-03-13,,537.48,2021,3,57,1,23,0,6,3128.4700000000003,521.4116666666667,507.97,544.39,14.409149061157857,6,1,0,0,0,0,0.0,6.909999999999968,0.970104313958969,1.0128562923271562,0,0.0
C-30015,Active,Weybridge,45-59,English,No fixed abode,1,2023-11-28,,550.26,2023,11,25,1,18,0,6,3314.88,552.48,523.0,581.71,20.336974209552412,6,1,0,0,0,0,0.0,52.07000000000005,1.0040344564387744,1.057154799549304,0,0.0
C-30016,Closed,Northgate,75+,Other,No fixed abode,3,2023-10-16,2025-07,1034.77,2023,10,26,1,14,4,1,1022.43,1022.43,1022.43,1022.43,0.0,1,1,0,0,0,0,0.0,0.0,0.9880746446070141,0.9880746446070141,0,0.0
C-30017,Active,Northgate,60-74,Spanish,Private tenancy,3,2024-06-23,,1058.06,2024,6,18,3,22,2,6,6300.469999999999,1050.0783333333331,1020.42,1093.99,26.556410462761484,6,1,0,0,0,0,0.0,39.460000000000036,0.9924563194273796,1.0339583766516076,3,0.5
C-30018,Active,Weybridge,30-44,English,Social tenancy,4,2021-04-21,,740.23,2021,4,56,0,1,1,6,4239.7,706.6166666666667,530.09,781.34,91.90549834839406,6,1,0,0,0,0,0.0,75.02999999999997,0.9545906902809486,1.0555367926185104,3,0.5
C-30019,Active,Weybridge,45-59,English,Private tenancy,2,2024-02-27,,616.66,2024,2,22,2,17,0,6,3508.12,584.6866666666666,424.25,650.05,82.64717216376289,6,1,0,0,0,0,0.0,59.08000000000004,0.9481507908193603,1.054146531313852,0,0.0
C-30020,Active,Ash Hill,18-29,Other,Owner-occupier,2,2024-01-10,,934.22,2024,1,23,5,3,1,6,5404.97,900.8283333333334,741.48,979.89,87.05959600564815,6,1,0,0,0,0,0.0,86.00999999999999,0.9642571699742387,1.048885701440774,1,0.16666666666666666
C-30021,Active,Weybridge,45-59,Other,Owner-occupier,1,2022-04-23,,703.51,2022,4,44,3,1,0,6,3966.3,661.0500000000001,541.25,704.53,60.15533326314464,6,1,0,0,0,0,0.0,1.0199999999999818,0.9396454918906625,1.0014498727807706,0,0.0
C-30022,Active,Calder Central,75+,Other,No fixed abode,3,2021-08-15,,1193.15,2021,8,52,7,20,2,6,7186.84,1197.8066666666666,1126.7,1250.32,49.90770147649226,6,1,0,0,0,0,0.0,137.62999999999965,1.0039028342343097,1.0479151825001047,1,0.16666666666666666
C-30023,Active,Ash Hill,45-59,English,Social tenancy,3,2024-10-06,,703.54,2024,10,14,2,11,2,6,4307.28,717.88,694.91,731.02,12.877889578653773,6,1,0,0,0,0,0.0,94.67000000000007,1.0203826363817268,1.0390596128151919,0,0.0
C-30024,Active,Calder Central,45-59,English,Owner-occupier,2,2024-07-06,,619.41,2024,7,17,3,4,1,6,3612.7799999999997,602.13,486.45,653.38,60.927605565950174,6,1,0,0,0,0,0.0,65.49000000000012,0.9721024846224634,1.0548425114221598,2,0.3333333333333333
C-30025,Active,Northgate,45-59,Spanish,Resident with family,2,2021-09-26,,793.42,2021,9,51,3,6,0,6,4757.65,792.9416666666666,752.51,825.2,29.497558147525794,6,1,0,0,0,0,0.0,67.52000000000021,0.9993971246838581,1.0400544478334302,0,0.0
C-30026,Active,Calder Central,75+,Other,No fixed abode,4,2023-11-18,,916.32,2023,11,25,3,9,1,6,5336.05,889.3416666666667,873.29,900.58,10.202692618454558,6,1,0,0,0,0,0.0,0.0,0.9705579564635353,0.9828225947267331,2,0.3333333333333333
C-30027,Active,Northgate,18-29,English,Resident with family,5,2022-01-17,,1288.99,2022,1,47,2,6,0,6,7847.0,1307.8333333333333,1217.18,1365.06,60.20756486245444,6,1,0,0,0,0,0.0,222.14999999999986,1.0146186807759048,1.0590151979456783,0,0.0
C-30028,Active,Weybridge,30-44,English,Social tenancy,2,2024-07-08,,698.65,2024,7,17,2,19,0,6,4125.44,687.5733333333333,666.89,715.5,22.975373482637135,6,1,0,0,0,0,0.0,28.360000000000014,0.9841456141606431,1.0241179417447936,0,0.0
C-30029,Active,Northgate,60-74,English,Resident with family,3,2024-11-20,,777.8,2024,11,13,2,20,1,6,4665.9,777.65,750.1,822.34,24.312106449256923,6,1,0,0,0,0,0.0,48.38000000000011,0.9998071483671896,1.0572640781691953,2,0.3333333333333333
C-30030,Active,Ash Hill,75+,English,Social tenancy,4,2021-01-03,,1350.44,2021,1,59,3,12,0,6,8187.5599999999995,1364.5933333333332,1293.53,1405.45,54.29027046043031,6,1,0,0,0,0,0.0,196.54999999999973,1.0104805347392949,1.0407348715974052,0,0.0
C-30031,Active,Ash Hill,30-44,Spanish,Social tenancy,3,2021-07-12,,1215.63,2021,7,53,6,10,1,6,7072.07,1178.6783333333333,910.07,1273.23,138.58707117428622,6,1,0,0,0,0,0.0,149.99999999999955,0.9696028671004608,1.0473828385281705,0,0.0
C-30032,Active,Weybridge,18-29,English,Private tenancy,1,2023-09-29,,450.77,2023,9,27,1,6,1,6,2674.23,445.705,394.46,473.07,26.892408408322233,6,1,0,0,0,0,0.0,31.940000000000055,0.9887636710517559,1.049470905339752,0,0.0
C-30033,Active,Weybridge,45-59,English,Owner-occupier,4,2024-01-24,,1346.21,2024,1,23,0,23,1,6,7688.62,1281.4366666666667,1094.13,1414.2,105.78343493509112,6,1,0,0,0,0,0.0,67.99000000000001,0.9518846737631326,1.05050475037327,0,0.0
C-30034,Active,Weybridge,30-44,Spanish,No fixed abode,1,2025-02-17,,397.09,2025,2,10,6,1,1,6,2449.95,408.325,384.77,418.99,12.935889223397055,6,1,0,0,0,0,0.0,79.73000000000013,1.0282933340048857,1.0551512251630613,0,0.0
C-30035,Active,Weybridge,30-44,Spanish,Social tenancy,2,2021-08-26,,860.5,2021,8,52,3,13,5,6,5186.93,864.4883333333333,818.31,907.47,33.83015366011023,6,1,0,0,0,0,0.0,95.0200000000001,1.00463490218865,1.0545845438698431,1,0.16666666666666666
C-30036,Active,Calder Central,30-44,English,Resident with family,2,2025-03-31,,685.22,2025,3,9,1,8,2,6,4178.5,696.4166666666666,660.31,722.56,25.415096825836965,6,1,0,0,0,0,0.0,102.88999999999987,1.016340250819688,1.0544934473599719,0,0.0
C-30037,Active,Northgate,18-29,Spanish,Private tenancy,3,2022-12-30,,1149.77,2022,12,36,5,5,2,6,6838.22,1139.7033333333334,1080.9,1188.74,40.39827752103627,6,1,0,0,0,0,0.0,58.440000000000055,0.9912446257367415,1.033893735268793,4,0.6666666666666666
C-30038,Active,Calder Central,45-59,English,Social tenancy,3,2025-08-23,,753.29,2025,8,4,0,19,1,6,4343.81,723.9683333333334,644.87,765.62,41.02649944446477,6,1,0,0,0,0,0.0,12.330000000000041,0.9610751945908392,1.0163681981706914,1,0.16666666666666666
C-30039,Active,Calder Central,45-59,English,Resident with family,4,2025-04-13,,885.24,2025,4,8,6,16,1,6,4715.14,785.8566666666667,687.16,904.72,93.70697362878957,6,1,0,0,0,0,0.0,19.480000000000018,0.8877328935279322,1.0220053318873978,2,0.3333333333333333
C-30040,Active,Calder Central,30-44,English,Resident with family,2,2024-03-11,,911.64,2024,3,21,2,6,0,6,5484.34,914.0566666666667,859.66,965.39,43.707629844990066,6,1,0,0,0,0,0.0,110.0,1.0026509002091468,1.0589596770655083,0,0.0
C-30041,Active,Northgate,18-29,English,Resident with family,4,2023-08-20,,1281.41,2023,8,28,3,22,1,6,7567.64,1261.2733333333333,1156.79,1343.35,70.88035741068653,6,1,0,0,0,0,0.0,116.70999999999981,0.9842855396269213,1.0483373783566539,3,0.5
C-30042,Active,Calder Central,18-29,English,Resident with family,3,2022-07-13,,798.88,2022,7,41,2,19,0,6,4576.87,762.8116666666666,580.2,834.68,96.65307122211203,6,1,0,0,0,0,0.0,90.09999999999991,0.9548513752586955,1.0448127378329661,0,0.0
C-30043,Active,Calder Central,60-74,Other,Resident with family,2,2024-03-13,,651.9,2024,3,21,2,1,3,6,3792.39,632.0649999999999,485.04,676.76,74.23377310901017,6,1,0,0,0,0,0.0,70.07000000000005,0.9695735542261082,1.038134683233625,3,0.5
C-30044,Active,Northgate,45-59,English,Owner-occupier,2,2021-02-24,,671.2,2021,2,58,1,20,1,6,4001.34,666.89,565.69,709.87,52.65716589411168,6,1,0,0,0,0,0.0,94.4799999999999,0.9935786650774731,1.0576132300357568,3,0.5
C-30045,Active,Calder Central,45-59,Other,Private tenancy,1,2025-07-09,,578.59,2025,7,5,3,5,0,6,3343.85,557.3083333333333,436.67,596.86,60.6567962941224,6,1,0,0,0,0,0.0,36.049999999999955,0.9632180530830698,1.0315767642026306,0,0.0
C-30046,Active,Northgate,60-74,Spanish,No fixed abode,2,2025-05-09,,750.96,2025,5,7,2,8,1,6,4468.21,744.7016666666667,603.01,790.79,70.86974852972645,6,1,0,0,0,0,0.0,110.54999999999984,0.9916662227903839,1.0530387770320655,2,0.3333333333333333
C-30047,Active,Weybridge,18-29,Spanish,Owner-occupier,2,2022-03-07,,625.73,2022,3,45,3,11,1,6,3781.91,630.3183333333333,596.9,662.14,27.16791226183321,6,1,0,0,0,0,0.0,81.6099999999999,1.0073327686595388,1.0581880363735157,1,0.16666666666666666
C-30048,Active,Weybridge,75+,Spanish,Private tenancy,4,2022-08-23,,913.03,2022,8,40,2,21,1,6,5415.59,902.5983333333334,864.9,961.52,36.24054879091468,6,1,0,0,0,0,0.0,66.86000000000001,0.9885746726102465,1.0531088792263124,1,0.16666666666666666
C-30049,Active,Weybridge,75+,Other,Resident with family,2,2025-06-20,,650.13,2025,6,6,3,20,0,6,3741.14,623.5233333333333,527.4,671.99,51.65589285518803,6,1,0,0,0,0,0.0,32.65999999999997,0.9590748516963273,1.033624044421885,0,0.0
C-30050,Active,Calder Central,45-59,Spanish,Social tenancy,2,2023-05-21,,516.46,2023,5,31,7,3,4,6,2963.0,493.8333333333333,403.53,546.45,50.32524402987701,6,1,0,0,0,0,0.0,48.360000000000014,0.9561889271837766,1.058068388645781,1,0.16666666666666666
C-30051,Active,Weybridge,18-29,English,Resident with family,4,2023-10-19,,735.35,2023,10,26,2,22,0,6,4135.26,689.21,592.47,775.02,69.33979088517644,6,1,0,0,0,0,0.0,39.66999999999996,0.9372543686679812,1.0539471000203984,0,0.0
C-30052,Suspended,Ash Hill,60-74,Spanish,Social tenancy,1,2021-03-01,,487.24,2021,3,57,3,17,1,6,2946.3199999999997,491.0533333333333,476.44,514.89,15.513583295508054,6,1,0,0,0,0,0.0,50.47999999999996,1.007826396300249,1.0567482144323126,1,0.16666666666666666
C-30053,Active,Calder Central,30-44,Other,Private tenancy,1,2021-11-28,,742.34,2021,11,49,5,12,5,6,4421.41,736.9016666666666,701.58,765.5,22.913417393891,6,1,0,0,0,0,0.0,37.569999999999936,0.9926740666900162,1.0311986421316377,3,0.5
C-30054,Active,Northgate,75+,Other,Social tenancy,6,2021-09-14,,1155.8,2021,9,51,5,4,2,6,6908.25,1151.375,1095.4,1205.35,40.972075734578006,6,1,0,0,0,0,0.0,79.94000000000005,0.9961714829555287,1.0428707388821594,1,0.16666666666666666
C-30055,Active,Weybridge,75+,English,No fixed abode,5,2025-08-16,,1286.24,2025,8,4,2,14,0,6,7748.860000000001,1291.4766666666667,1217.7,1355.81,58.09061599489765,6,1,0,0,0,0,0.0,161.23000000000002,1.0040712982543434,1.0540878840651822,0,0.0
C-30056,Closed,Northgate,60-74,English,Social tenancy,1,2022-06-25,2025-10,733.94,2022,6,42,4,18,1,4,2411.05,602.7625,539.09,707.17,78.43748992031807,4,1,0,0,0,0,0.0,0.0,0.8212694498187862,0.9635256287979943,0,0.0
C-30057,Active,Northgate,75+,English,Social tenancy,4,2021-04-21,,811.25,2021,4,56,1,0,1,6,4932.0,822.0,779.28,858.61,26.21968573419601,6,1,0,0,0,0,0.0,97.07000000000005,1.013251155624037,1.0583790446841295,1,0.16666666666666666
C-30058,Active,Calder Central,30-44,English,Social tenancy,2,2022-03-29,,818.75,2022,3,45,5,22,0,6,4847.91,807.985,642.3,867.56,84.39474314197538,6,1,0,0,0,0,0.0,122.27999999999997,0.9868519083969466,1.0596152671755725,0,0.0
C-30059,Active,Weybridge,18-29,English,Private tenancy,1,2021-12-26,,507.64,2021,12,48,3,1,2,6,2898.27,483.045,344.7,529.5,68.99943876583345,6,1,0,0,0,0,0.0,33.83000000000004,0.9515503112441888,1.0430620124497676,2,0.3333333333333333
C-30060,Active,Calder Central,45-59,English,Private tenancy,1,2022-12-06,,671.45,2022,12,36,1,11,0,6,3874.8,645.8000000000001,557.1,704.58,50.25691713585306,6,1,0,0,0,0,0.0,39.539999999999964,0.9617990915183557,1.0493409784794103,0,0.0
C-30061,Active,Ash Hill,75+,English,Owner-occupier,1,2024-11-15,,433.99,2024,11,13,1,10,2,6,2537.37,422.895,409.7,444.42,12.963081038086603,6,1,0,0,0,0,0.0,10.430000000000007,0.9744348948132445,1.0240328118159405,1,0.16666666666666666
C-30062,Closed,Calder Central,45-59,English,Social tenancy,2,2023-04-19,2025-08,805.15,2023,4,32,1,17,1,2,1615.6599999999999,807.8299999999999,779.8,835.86,39.64040615331793,2,1,0,0,0,0,0.0,30.710000000000036,1.0033285723157177,1.0381419611252563,1,0.5
C-30063,Active,Weybridge,30-44,English,Resident with family,2,2023-04-03,,865.13,2023,4,32,2,3,0,6,5100.87,850.145,735.54,902.12,60.3375301947304,6,1,0,0,0,0,0.0,66.96000000000004,0.9826789037485696,1.0427565799359635,0,0.0
C-30064,Active,Calder Central,45-59,English,Resident with family,1,2024-11-11,,626.13,2024,11,13,2,0,0,6,3808.74,634.79,592.11,662.87,26.180644759058154,6,1,0,0,0,0,0.0,92.40999999999997,1.013830993563637,1.0586779103381088,0,0.0
C-30065,Closed,Northgate,30-44,English,Resident with family,3,2022-04-24,2025-11,957.94,2022,4,44,2,9,0,5,4885.65,977.1299999999999,901.03,1014.6,43.86582667635478,5,1,0,0,0,0,0.0,152.8599999999998,1.0200325698895547,1.0591477545566528,0,0.0
C-30066,Active,Calder Central,75+,English,No fixed abode,4,2022-07-25,,1031.88,2022,7,41,4,2,2,6,6125.56,1020.9266666666667,817.8,1081.05,101.74153442260773,6,1,0,0,0,0,0.0,150.73999999999978,0.9893850706154462,1.0476508896383299,2,0.3333333333333333
C-30067,Active,Weybridge,45-59,English,Social tenancy,1,2021-05-15,,435.4,2021,5,55,2,11,1,6,2543.01,423.83500000000004,303.66,460.89,59.76668495073153,6,1,0,0,0,0,0.0,66.62000000000006,0.9734382177308222,1.058543867707855,2,0.3333333333333333
C-30068,Active,Ash Hill,75+,Spanish,Private tenancy,3,2023-10-25,,1031.55,2023,10,26,4,8,1,6,6132.57,1022.0949999999999,970.14,1080.89,40.74504816539067,6,1,0,0,0,0,0.0,74.9200000000003,0.9908341815714218,1.0478309340313123,3,0.5
C-30069,Active,Ash Hill,45-59,English,Owner-occupier,3,2025-03-18,,1109.63,2025,3,9,1,18,0,6,6545.52,1090.92,975.93,1142.58,66.33626338587362,6,1,0,0,0,0,0.0,86.44999999999959,0.9831385236520281,1.0296945828789774,0,0.0
C-30070,Active,Northgate,60-74,English,Resident with family,1,2025-06-29,,381.55,2025,6,6,3,16,1,6,2052.67,342.1116666666667,253.75,390.55,58.015139891813305,6,1,0,0,0,0,0.0,12.269999999999982,0.8966365264491328,1.0235879963307561,2,0.3333333333333333
C-30071,Active,Calder Central,30-44,English,Resident with family,1,2022-07-27,,466.78,2022,7,41,1,16,0,6,2733.32,455.55333333333334,433.03,473.23,14.794710766576912,6,1,0,0,0,0,0.0,6.4500000000000455,0.9759486981733008,1.0138180727537598,0,0.0
C-30072,Active,Northgate,60-74,English,Owner-occupier,5,2024-01-25,,1190.13,2024,1,23,1,16,1,6,7164.33,1194.055,1136.49,1244.08,45.756601600206274,6,1,0,0,0,0,0.0,131.87999999999965,1.0032979590464908,1.0453311823078149,1,0.16666666666666666
C-30073,Active,Ash Hill,75+,English,Social tenancy,1,2022-11-19,,438.32,2022,11,37,1,9,1,6,2478.02,413.00333333333333,300.81,463.47,58.999639207936376,6,1,0,0,0,0,0.0,46.110000000000014,0.9422415890977672,1.057378171199124,1,0.16666666666666666
C-30074,Active,Calder Central,60-74,Spanish,No fixed abode,4,2021-09-13,,1164.7,2021,9,51,4,16,2,6,6668.02,1111.3366666666668,934.44,1228.82,96.48260914106044,6,1,0,0,0,0,0.0,64.11999999999989,0.9541827652328211,1.0550528032969864,0,0.0
C-30075,Active,Ash Hill,45-59,English,Owner-occupier,4,2023-11-21,,1237.3,2023,11,25,2,0,1,6,7609.61,1268.2683333333332,1163.26,1310.07,54.89726747905276,6,1,0,0,0,0,0.0,259.85000000000014,1.0250289609095073,1.058813545623535,1,0.16666666666666666
C-30076,Active,Northgate,45-59,English,Resident with family,3,2022-07-27,,602.32,2022,7,41,2,10,0,6,3475.0,579.1666666666666,514.21,633.58,38.50556098366397,6,1,0,0,0,0,0.0,31.25999999999999,0.9615597467569841,1.0518993226192057,0,0.0
C-30077,Active,Weybridge,60-74,Other,No fixed abode,3,2024-08-22,,944.27,2024,8,16,2,4,2,6,5843.41,973.9016666666666,918.01,990.89,28.92972686816567,6,1,0,0,0,0,0.0,204.05000000000007,1.0313805020456719,1.0493714721425016,2,0.3333333333333333
C-30078,Active,Weybridge,30-44,English,Resident with family,3,2025-07-07,,799.46,2025,7,5,2,4,1,6,4673.46,778.91,708.66,831.12,42.25356316335939,6,1,0,0,0,0,0.0,41.57999999999993,0.9742951492257274,1.0396017311685388,1,0.16666666666666666
C-30079,Active,Calder Central,30-44,Spanish,No fixed abode,1,2023-02-06,,537.95,2023,2,34,5,3,3,6,2966.7,494.45,426.59,545.39,48.688463931407824,6,1,0,0,0,0,0.0,7.439999999999941,0.9191374663072777,1.0138302816246862,3,0.5
C-30080,Active,Weybridge,30-44,Other,Private tenancy,1,2023-02-27,,666.52,2023,2,34,7,1,1,6,4048.71,674.785,636.2,706.22,27.21936424680048,6,1,0,0,0,0,0.0,92.61000000000013,1.0124002280501712,1.0595631038828544,1,0.16666666666666666
C-30081,Active,Northgate,45-59,Spanish,Resident with family,5,2022-03-15,,898.38,2022,3,45,4,22,1,6,5401.73,900.2883333333333,848.47,941.7,37.668768717157015,6,1,0,0,0,0,0.0,100.11000000000001,1.0021241939194254,1.0482201295665532,0,0.0
C-30082,Active,Weybridge,75+,English,Resident with family,3,2024-07-20,,918.28,2024,7,17,0,2,0,6,5417.32,902.8866666666667,876.54,944.73,23.468649442749516,6,1,0,0,0,0,0.0,26.450000000000045,0.98323677600151,1.0288038506773534,0,0.0
C-30083,Active,Weybridge,75+,English,Private tenancy,1,2022-05-11,,430.26,2022,5,43,4,11,1,6,2561.91,426.98499999999996,352.18,451.93,37.478070788128896,6,1,0,0,0,0,0.0,58.430000000000064,0.9923883233393762,1.050364895644494,2,0.3333333333333333
C-30084,Active,Northgate,30-44,Other,Social tenancy,3,2023-01-28,,858.18,2023,1,35,5,0,2,6,5193.32,865.5533333333333,837.22,909.16,27.611997150996984,6,1,0,0,0,0,0.0,87.1400000000001,1.008591826112626,1.0594047868745484,0,0.0
C-30085,Active,Weybridge,45-59,English,No fixed abode,1,2023-05-03,,525.82,2023,5,31,3,4,1,6,3015.05,502.5083333333334,453.13,530.27,25.925806769831997,6,1,0,0,0,0,0.0,4.449999999999932,0.9556660707720005,1.0084629721197367,2,0.3333333333333333
C-30086,Active,Northgate,18-29,English,Social tenancy,2,2021-01-29,,605.46,2021,1,59,1,14,1,6,3667.51,611.2516666666667,581.37,636.09,26.416247588684282,6,1,0,0,0,0,0.0,87.29999999999995,1.0095657296380713,1.0505896343276186,1,0.16666666666666666
C-30087,Active,Northgate,45-59,English,Resident with family,4,2023-02-10,,934.5,2023,2,34,2,9,1,6,5607.0,934.5,934.5,934.5,0.0,6,1,0,0,0,0,0.0,0.0,1.0,1.0,2,0.3333333333333333
C-30088,Active,Weybridge,60-74,English,No fixed abode,3,2021-06-27,,928.86,2021,6,54,2,15,1,6,5585.86,930.9766666666666,878.34,979.01,42.894019008093224,6,1,0,0,0,0,0.0,105.25999999999988,1.0022787790050887,1.0539909135930066,1,0.16666666666666666
C-30089,Active,Weybridge,30-44,English,Private tenancy,3,2022-12-17,,1237.37,2022,12,36,3,8,0,6,7481.71,1246.9516666666666,1210.23,1281.37,23.663017066018146,6,1,0,0,0,0,0.0,84.96000000000026,1.0077435744091636,1.0355592910770424,0,0.0
C-30090,Active,Northgate,45-59,English,No fixed abode,5,2023-08-05,,1156.37,2023,8,28,1,2,0,6,6741.780000000001,1123.63,999.42,1214.24,75.90003899867247,6,1,0,0,0,0,0.0,84.14000000000033,0.9716872627273277,1.0500445359184345,0,0.0
C-30091,Active,Northgate,18-29,English,Resident with family,2,2024-05-12,,547.8,2024,5,19,2,8,1,6,3381.7,563.6166666666667,548.17,576.4,10.946476449829243,6,1,0,0,0,0,0.0,94.9000000000002,1.0288730680296947,1.0522088353413654,2,0.3333333333333333
C-30092,Active,Northgate,45-59,English,Resident with family,3,2021-04-08,,1199.89,2021,4,56,3,8,0,6,7227.39,1204.565,1154.93,1248.69,33.799917603449835,6,1,0,0,0,0,0.0,91.9399999999996,1.0038961904841277,1.0406703947861886,0,0.0
C-30093,Active,Calder Central,30-44,Other,Owner-occupier,2,2021-02-09,,755.66,2021,2,58,6,11,0,6,4238.53,706.4216666666666,575.53,796.33,93.47249401116176,6,1,0,0,0,0,0.0,69.19000000000005,0.9348406249724303,1.0538205012836461,0,0.0
C-30094,Active,Calder Central,30-44,Other,Social tenancy,3,2022-06-13,,947.83,2022,6,42,5,18,2,6,5598.96,933.16,900.83,984.2,33.97073034245807,6,1,0,0,0,0,0.0,45.65999999999997,0.9845225409619868,1.0383718599326883,1,0.16666666666666666
C-30095,Active,Ash Hill,30-44,English,Owner-occupier,4,2023-10-29,,1386.99,2023,10,26,4,7,1,8,10394.89,1299.36125,943.64,1443.0,149.02125097136795,6,2,2,1,0,0,0.0,56.00999999999999,0.9368209215639622,1.0403824108320896,2,0.25
C-30096,Active,Ash Hill,18-29,Spanish,Resident with family,1,2023-03-01,,392.36,2023,3,33,4,21,1,6,2364.85,394.14166666666665,373.59,404.84,11.485593439899688,6,1,0,0,0,0,0.0,32.94999999999993,1.004540897814932,1.031807523702722,2,0.3333333333333333
C-30097,Closed,Calder Central,45-59,Spanish,Social tenancy,4,2021-04-10,2025-10,1394.97,2021,4,56,4,20,3,6,8082.27,1347.045,1153.48,1458.99,126.09958108574354,6,1,0,0,2,1,2381.81,121.12000000000012,0.965644422460698,1.04589346007441,0,0.0
C-30098,Closed,Northgate,45-59,English,Resident with family,4,2023-11-08,2025-07,1113.47,2023,11,25,2,21,2,1,1114.34,1114.34,1114.34,1114.34,0.0,1,1,0,0,0,0,0.0,0.8699999999998909,1.0007813412126056,1.0007813412126056,0,0.0
C-30099,Active,Northgate,30-44,English,Social tenancy,2,2023-05-06,,607.36,2023,5,31,2,1,0,6,3423.39,570.5649999999999,459.34,625.47,71.38124872821996,6,1,0,0,0,0,0.0,37.960000000000036,0.9394181375131717,1.0298175711275026,0,0.0
C-30100,Suspended,Northgate,45-59,English,No fixed abode,2,2021-07-01,,980.0,2021,7,53,4,18,0,6,5705.0599999999995,950.8433333333332,844.52,1013.78,56.7666397337967,6,1,0,0,0,0,0.0,33.77999999999997,0.9702482993197279,1.034469387755102,0,0.0
C-30101,Active,Ash Hill,30-44,English,Owner-occupier,3,2025-08-19,,773.58,2025,8,4,2,11,1,6,4660.49,776.7483333333333,748.43,817.19,26.31413872173414,6,1,0,0,0,0,0.0,69.43999999999994,1.0040956763790858,1.0563742599343313,1,0.16666666666666666
C-30102,Active,Calder Central,60-74,English,No fixed abode,3,2022-09-06,,940.36,2022,9,39,0,0,1,6,5510.47,918.4116666666667,853.68,970.0,44.27431373456474,6,1,0,0,0,0,0.0,54.50999999999999,0.9766596480780411,1.0315198434642052,1,0.16666666666666666
C-30103,Active,Calder Central,18-29,English,Resident with family,1,2024-02-20,,675.98,2024,2,22,2,16,1,6,4062.85,677.1416666666667,644.55,709.08,24.449491951095176,6,1,0,0,0,0,0.0,60.59000000000003,1.0017184926575737,1.0489659457380396,0,0.0
C-30104,Active,Calder Central,75+,Spanish,No fixed abode,1,2025-08-10,,648.78,2025,8,4,3,3,3,6,3772.98,628.83,612.09,646.29,13.240883656312306,6,1,0,0,0,0,0.0,0.0,0.969249976879682,0.9961620271894941,2,0.3333333333333333
C-30105,Active,Northgate,30-44,Spanish,Private tenancy,1,2024-05-09,,472.53,2024,5,19,6,3,2,6,2861.43,476.905,455.54,494.06,15.828016616114597,6,1,0,0,0,0,0.0,53.6400000000001,1.0092586714071066,1.0455632446617147,1,0.16666666666666666
C-30106,Active,Calder Central,45-59,English,Owner-occupier,4,2021-11-17,,835.98,2021,11,49,0,11,1,6,4998.13,833.0216666666666,792.29,881.16,29.80395370863848,6,1,0,0,0,0,0.0,53.88999999999987,0.9964612391046037,1.0540443551281131,1,0.16666666666666666
C-30107,Active,Ash Hill,45-59,English,Resident with family,5,2022-07-02,,1024.36,2022,7,41,4,6,0,6,5892.469999999999,982.0783333333333,755.71,1046.83,112.65685943015923,6,1,0,0,0,0,0.0,48.89000000000033,0.9587238210524948,1.0219356476238823,0,0.0
C-30108,Active,Ash Hill,60-74,English,No fixed abode,1,2021-07-20,,372.19,2021,7,53,3,4,0,6,2218.92,369.82,354.36,392.57,13.192470579842118,6,1,0,0,0,0,0.0,23.730000000000018,0.9936322845858299,1.0547569789623579,0,0.0
C-30109,Active,Weybridge,60-74,English,Private tenancy,2,2022-03-05,,671.73,2022,3,45,1,4,0,6,4092.36,682.0600000000001,639.81,702.58,21.923829957377485,6,1,0,0,0,0,0.0,93.89999999999998,1.0153782025516203,1.0459261905825257,0,0.0
C-30110,Active,Calder Central,75+,English,Private tenancy,4,2023-02-02,,794.97,2023,2,34,1,3,1,6,4772.46,795.41,762.77,823.03,23.226835341905698,6,1,0,0,0,0,0.0,54.84999999999991,1.0005534800055347,1.0352969294438783,1,0.16666666666666666
C-30111,Active,Northgate,45-59,Spanish,No fixed abode,3,2023-03-05,,1145.51,2023,3,33,6,9,2,6,6880.18,1146.6966666666667,1103.73,1193.57,34.50692317009246,6,1,0,0,0,0,0.0,86.3599999999999,1.001035928683876,1.0419551116969734,3,0.5
C-30112,Active,Northgate,60-74,English,No fixed abode,2,2024-09-09,,928.48,2024,9,15,3,12,2,6,5181.51,863.585,685.77,977.94,116.49096561536437,6,1,0,0,0,0,0.0,71.92000000000007,0.9301061950715147,1.0532698604170256,1,0.16666666666666666
C-30113,Active,Weybridge,60-74,English,Social tenancy,3,2023-04-27,,666.17,2023,4,32,3,14,0,6,4061.51,676.9183333333334,654.74,697.42,16.08433948493582,6,1,0,0,0,0,0.0,81.48000000000013,1.0161345202175622,1.0469099479111938,0,0.0
C-30114,Active,Ash Hill,75+,English,Social tenancy,4,2021-09-01,,896.37,2021,9,51,0,16,0,6,4940.99,823.4983333333333,699.82,909.88,92.19717618596928,6,1,0,0,0,0,0.0,21.889999999999986,0.9187035859447921,1.015071901112264,0,0.0
C-30115,Active,Northgate,60-74,English,Resident with family,4,2022-12-09,,1330.56,2022,12,36,0,7,2,6,7907.85,1317.9750000000001,1257.92,1371.28,41.038838555690106,6,1,0,0,0,0,0.0,66.79000000000019,0.9905415764790765,1.0306036556036555,1,0.16666666666666666
C-30116,Active,Northgate,30-44,English,Private tenancy,4,2023-04-20,,931.72,2023,4,32,3,3,0,6,5481.1,913.5166666666668,881.94,928.78,18.513840948508392,6,1,0,0,0,0,0.0,0.0,0.9804626568783182,0.9968445455716309,0,0.0
C-30117,Active,Weybridge,18-29,English,Social tenancy,2,2023-12-16,,675.43,2023,12,24,3,3,2,6,4010.52,668.42,549.75,709.16,59.460039017814296,6,1,0,0,0,0,0.0,83.62000000000023,0.9896214263506211,1.049938557659565,1,0.16666666666666666
C-30118,Active,Weybridge,18-29,English,Owner-occupier,3,2022-10-12,,920.04,2022,10,38,1,5,1,6,5285.94,880.9899999999999,663.58,969.07,110.90315144304962,6,1,0,0,0,0,0.0,71.0100000000001,0.957556193208991,1.0532911612538587,2,0.3333333333333333
C-30119,Active,Calder Central,18-29,English,Social tenancy,1,2022-10-16,,617.31,2022,10,38,1,19,0,6,3709.4100000000003,618.235,587.69,654.07,24.12429957532449,6,1,0,0,0,0,0.0,55.59000000000026,1.0014984367659687,1.059548687045407,0,0.0
C-30120,Active,Northgate,30-44,English,Owner-occupier,2,2022-04-22,,572.87,2022,4,44,3,7,0,6,3200.87,533.4783333333334,432.09,602.12,75.50607801142017,6,1,0,0,0,0,0.0,56.67999999999995,0.9312380353890645,1.0510587044181052,0,0.0
C-30121,Closed,Calder Central,30-44,Spanish,Social tenancy,2,2022-12-07,2025-09,531.08,2022,12,36,5,22,5,6,3059.3,509.8833333333334,413.46,545.56,49.56961999719856,6,1,0,0,3,1,1495.21,30.269999999999868,0.9600876201953253,1.0272651954507794,2,0.3333333333333333
C-30122,Closed,Calder Central,30-44,English,Owner-occupier,1,2024-01-02,2025-12,728.57,2024,1,23,1,17,0,6,4267.0599999999995,711.1766666666666,646.78,742.41,34.92656562942693,6,1,0,0,0,0,0.0,17.079999999999814,0.9761267505753278,1.018996115678658,0,0.0
C-30123,Active,Ash Hill,45-59,English,No fixed abode,2,2025-07-23,,735.03,2025,7,5,3,19,1,6,4317.62,719.6033333333334,667.83,764.29,31.541909686426166,6,1,0,0,0,0,0.0,29.25999999999999,0.9790121945136027,1.0398078989973198,2,0.3333333333333333
C-30124,Active,Northgate,18-29,English,Social tenancy,1,2024-02-07,,664.39,2024,2,22,0,12,1,6,3974.06,662.3433333333334,632.46,688.88,22.97761490378552,6,1,0,0,0,0,0.0,48.180000000000064,0.996919480024283,1.036860879904875,5,0.8333333333333334
C-30125,Active,Calder Central,45-59,English,Social tenancy,1,2023-07-14,,518.24,2023,7,29,3,3,0,6,3104.54,517.4233333333333,490.04,546.42,21.96997375207051,6,1,0,0,0,0,0.0,52.539999999999964,0.9984241535453329,1.0543763507255324,0,0.0
C-30126,Active,Calder Central,45-59,English,Private tenancy,2,2022-09-23,,905.66,2022,9,39,2,17,0,6,5182.95,863.8249999999999,660.3,924.12,102.04287211755657,6,1,0,0,0,0,0.0,46.770000000000095,0.9538071682529868,1.0203829251595522,0,0.0
C-30127,Active,Northgate,45-59,English,Owner-occupier,5,2021-04-14,,848.14,2021,4,56,1,7,0,6,4877.0,812.8333333333334,663.2,854.65,74.41682515847248,6,1,0,0,0,0,0.0,13.460000000000036,0.9583716524787574,1.0076756195911052,0,0.0
C-30128,Active,Northgate,30-44,English,Owner-occupier,6,2023-03-16,,1065.58,2023,3,33,3,21,1,6,6146.74,1024.4566666666667,761.69,1125.07,136.53260060024732,6,1,0,0,0,0,0.0,144.68000000000006,0.9614075589506811,1.0558287505396122,2,0.3333333333333333
C-30129,Active,Northgate,30-44,Spanish,Owner-occupier,3,2023-12-31,,631.67,2023,12,24,3,23,3,6,3795.38,632.5633333333334,613.4,665.89,20.917925008629947,6,1,0,0,0,0,0.0,53.34000000000003,1.0014142405580975,1.05417385660234,1,0.16666666666666666
C-30130,Suspended,Weybridge,45-59,English,Resident with family,1,2023-04-17,,456.09,2023,4,32,2,20,1,6,2665.81,444.3016666666667,335.99,478.16,54.836992410841304,6,1,0,0,0,0,0.0,65.05000000000013,0.9741534930971228,1.0483895722335506,2,0.3333333333333333
C-30131,Active,Weybridge,60-74,English,Social tenancy,6,2025-07-24,,1245.96,2025,7,5,1,6,1,6,7204.27,1200.7116666666668,898.26,1309.5,150.7192205946762,6,1,0,0,0,0,0.0,96.69000000000005,0.9636839598917032,1.0509968217278243,3,0.5
C-30132,Active,Weybridge,60-74,Spanish,Resident with family,1,2023-12-31,,608.24,2023,12,24,4,13,1,6,3436.77,572.795,450.3,618.4,62.53248555750842,6,1,0,0,0,0,0.0,18.299999999999955,0.941725305800342,1.0167039326581613,1,0.16666666666666666
C-30133,Active,Northgate,30-44,English,Social tenancy,2,2025-08-02,,620.14,2025,8,4,2,22,0,6,3486.56,581.0933333333334,472.89,616.81,53.702520114671216,6,1,0,0,0,0,0.0,0.0,0.9370357231162855,0.994630244783436,0,0.0
C-30134,Active,Calder Central,18-29,English,Social tenancy,4,2024-04-03,,1043.66,2024,4,20,1,12,2,6,6046.57,1007.7616666666667,863.47,1089.02,79.02777167974975,6,1,0,0,0,0,0.0,59.23999999999978,0.9656034212930136,1.0434624302933904,0,0.0
C-30135,Active,Calder Central,30-44,English,Social tenancy,1,2024-03-26,,588.3,2024,3,21,1,0,2,6,3579.2200000000003,596.5366666666667,554.33,613.29,23.642074077091134,6,1,0,0,0,0,0.0,89.33000000000015,1.0140007932460764,1.0424783273839877,1,0.16666666666666666
C-30136,Suspended,Northgate,30-44,English,No fixed abode,6,2023-01-20,,1628.8,2023,1,35,4,20,0,6,9608.89,1601.4816666666666,1386.28,1693.18,115.34639108644305,6,1,0,0,0,0,0.0,150.0200000000002,0.9832279387688279,1.0395260314341848,0,0.0
C-30137,Active,Northgate,45-59,Spanish,Owner-occupier,2,2024-02-04,,849.01,2024,2,22,4,3,0,6,4937.48,822.9133333333333,648.72,893.22,90.06669676782127,6,1,0,0,0,0,0.0,94.11000000000001,0.9692622387643648,1.0520724137524882,0,0.0
C-30138,Active,Weybridge,60-74,Spanish,No fixed abode,1,2021-01-27,,593.43,2021,1,59,4,17,0,6,3495.98,582.6633333333333,559.48,628.09,26.227634027236693,6,1,0,0,0,0,0.0,34.66000000000008,0.9818568884844604,1.058406214717827,0,0.0
C-30139,Active,Calder Central,30-44,English,Private tenancy,1,2021-02-27,,452.97,2021,2,58,1,4,1,6,2687.82,447.97,433.2,471.11,15.459809830654471,6,1,0,0,0,0,0.0,26.299999999999955,0.9889617413956774,1.0400468022164824,1,0.16666666666666666
C-30140,Active,Weybridge,45-59,English,Social tenancy,1,2024-12-01,,542.43,2024,12,12,0,20,0,6,3298.09,549.6816666666667,513.91,565.86,20.068678498263562,6,1,0,0,0,0,0.0,76.49000000000024,1.013368852509387,1.043194513577789,0,0.0
C-30141,Active,Weybridge,75+,English,No fixed abode,6,2023-08-12,,1673.86,2023,8,28,3,13,0,6,9820.4,1636.7333333333333,1574.1,1730.14,54.77797793517634,6,1,0,0,0,0,0.0,56.2800000000002,0.9778197300451253,1.0336228836342347,0,0.0
C-30142,Active,Northgate,30-44,Spanish,Owner-occupier,1,2021-02-14,,747.3,2021,2,58,4,5,2,6,4424.18,737.3633333333333,714.57,777.28,25.55139578705369,6,1,0,0,0,0,0.0,41.15000000000009,0.9867032427851377,1.0401177572594675,0,0.0
C-30143,Suspended,Calder Central,18-29,English,No fixed abode,3,2022-07-19,,1112.38,2022,7,41,1,5,0,6,6523.139999999999,1087.1899999999998,929.62,1158.1,86.21803245261394,6,1,0,0,0,0,0.0,96.26999999999953,0.9773548607490244,1.041101062586526,0,0.0
C-30144,Active,Calder Central,30-44,English,No fixed abode,1,2021-06-21,,524.39,2021,6,54,3,10,1,6,2990.14,498.3566666666666,427.57,523.61,35.616800342909336,6,1,0,0,0,0,0.0,0.0,0.9503550156689995,0.9985125574477012,1,0.16666666666666666
C-30145,Active,Calder Central,30-44,English,Private tenancy,2,2024-10-11,,884.82,2024,10,14,4,7,1,6,5132.66,855.4433333333333,689.9,917.25,85.11136508520275,6,1,0,0,0,0,0.0,70.91999999999985,0.9667992736752483,1.0366515223435275,1,0.16666666666666666
C-30146,Active,Northgate,30-44,Other,Resident with family,4,2022-06-28,,1226.92,2022,6,42,5,15,2,6,7148.84,1191.4733333333334,988.32,1292.93,106.53676917696852,6,1,0,0,0,0,0.0,85.14999999999986,0.9711092274421587,1.0538013888436084,1,0.16666666666666666
C-30147,Active,Calder Central,18-29,Other,Social tenancy,1,2022-04-07,,384.89,2022,4,44,7,23,0,6,2169.67,361.6116666666667,260.86,405.04,51.81409515437539,6,1,0,0,0,0,0.0,29.77000000000004,0.9395195163986246,1.0523526202291564,0,0.0
C-30148,Active,Northgate,30-44,English,Owner-occupier,1,2022-02-06,,452.36,2022,2,46,3,23,1,6,2685.4,447.56666666666666,426.64,477.64,21.138530380957576,6,1,0,0,0,0,0.0,42.809999999999945,0.9894037197512305,1.0558846936068618,2,0.3333333333333333
C-30149,Active,Northgate,60-74,English,Resident with family,2,2022-09-03,,650.76,2022,9,39,3,20,1,6,3953.33,658.8883333333333,624.11,683.29,20.869608924622103,6,1,0,0,0,0,0.0,75.59000000000003,1.0124905239002602,1.0499877066814185,1,0.16666666666666666
C-30150,Active,Northgate,18-29,English,Private tenancy,2,2021-07-22,,829.08,2021,7,53,3,15,1,6,4949.4,824.9,780.45,877.68,34.55913366969723,6,1,0,0,0,0,0.0,66.96999999999991,0.9949582669947411,1.0586191923577941,2,0.3333333333333333
C-30151,Active,Calder Central,30-44,English,No fixed abode,3,2021-08-31,,658.18,2021,8,52,2,7,1,6,3924.32,654.0533333333334,630.36,696.83,28.06703451857122,6,1,0,0,0,0,0.0,61.55000000000018,0.9937301852583387,1.0587225379075633,0,0.0
C-30152,Active,Calder Central,18-29,English,Social tenancy,1,2023-07-19,,688.36,2023,7,29,5,4,3,6,4164.32,694.0533333333333,670.43,729.31,20.566774824134857,6,1,0,0,0,0,0.0,60.32999999999993,1.0082708660197184,1.0594892207565807,1,0.16666666666666666
C-30153,Active,Calder Central,75+,Spanish,Owner-occupier,3,2022-03-29,,757.48,2022,3,45,4,9,0,6,4617.75,769.625,731.14,799.83,25.51253084270553,6,1,0,0,0,0,0.0,105.79999999999995,1.0160334266251254,1.055909066906057,0,0.0
C-30154,Active,Ash Hill,18-29,English,Resident with family,1,2022-01-28,,406.74,2022,1,47,2,12,0,6,2356.65,392.77500000000003,355.63,407.66,19.258393235158543,6,1,0,0,0,0,0.0,1.2900000000000205,0.9656660274376753,1.0022618872006688,0,0.0
C-30155,Active,Northgate,18-29,English,Private tenancy,5,2025-08-20,,929.17,2025,8,4,2,3,0,6,5596.89,932.815,908.36,974.17,30.956144947328294,6,1,0,0,0,0,0.0,85.91000000000008,1.0039228558821314,1.048430319532486,0,0.0
C-30156,Active,Calder Central,18-29,English,Private tenancy,1,2023-06-15,,487.24,2023,6,30,2,17,0,6,2768.34,461.39000000000004,390.61,495.86,39.33079607635726,6,1,0,0,0,0,0.0,8.620000000000005,0.9469460635415811,1.017691486741647,0,0.0
C-30157,Active,Calder Central,30-44,Other,Owner-occupier,1,2023-03-06,,695.86,2023,3,33,4,3,2,6,4279.35,713.225,696.62,727.87,10.922288679576258,6,1,0,0,0,0,0.0,104.18999999999994,1.0249547322737331,1.046000632311097,4,0.6666666666666666
C-30158,Active,Calder Central,30-44,English,Private tenancy,4,2021-08-15,,1344.66,2021,8,52,1,19,0,6,7808.0599999999995,1301.3433333333332,1074.34,1409.23,121.05302898592285,6,1,0,0,0,0,0.0,104.41999999999962,0.9677861565996856,1.048019573721238,0,0.0
C-30159,Active,Weybridge,60-74,English,Social tenancy,2,2021-03-17,,725.31,2021,3,57,3,12,0,6,4309.7,718.2833333333333,684.5,764.44,37.93184976595089,6,1,0,0,0,0,0.0,75.9100000000002,0.9903121883516475,1.0539493457969697,0,0.0
C-30160,Active,Northgate,45-59,English,Resident with family,1,2021-07-15,,708.35,2021,7,53,2,20,2,6,4138.65,689.775,539.99,745.04,76.11796023278599,6,1,0,0,0,0,0.0,78.19999999999982,0.9737770875979388,1.0517964283193335,4,0.6666666666666666
C-30161,Active,Weybridge,60-74,English,Resident with family,1,2024-05-18,,372.84,2024,5,19,3,10,0,6,2207.43,367.905,351.2,374.41,8.816064314647443,6,1,0,0,0,0,0.0,3.0800000000000978,0.9867637592532991,1.0042109215749384,0,0.0
C-30162,Active,Northgate,60-74,English,No fixed abode,1,2023-06-25,,453.68,2023,6,30,3,16,1,6,2722.08,453.68,453.68,453.68,0.0,6,1,0,0,0,0,0.0,0.0,1.0,1.0,0,0.0
C-30163,Active,Weybridge,45-59,English,Social tenancy,2,2024-08-30,,595.93,2024,8,16,2,18,1,6,3394.06,565.6766666666666,481.61,622.45,57.39160136001318,6,1,0,0,0,0,0.0,43.850000000000136,0.9492334110829573,1.0445018710251206,1,0.16666666666666666
C-30164,Active,Weybridge,60-74,English,Owner-occupier,3,2021-06-05,,1046.34,2021,6,54,1,22,2,6,6178.34,1029.7233333333334,869.93,1106.77,85.45469950018357,6,1,0,0,0,0,0.0,121.9200000000003,0.9841192474084268,1.05775369382801,3,0.5
C-30165,Active,Ash Hill,18-29,English,No fixed abode,1,2023-08-14,,520.08,2023,8,28,1,23,2,6,3089.52,514.92,494.72,533.77,15.11352109867188,6,1,0,0,0,0,0.0,23.729999999999905,0.9900784494693123,1.0263228734040917,3,0.5
C-30166,Closed,Calder Central,75+,Spanish,Social tenancy,5,2025-06-23,2025-10,932.09,2025,6,6,2,2,1,4,3789.33,947.3325,889.72,980.63,40.41246538301433,4,1,0,0,0,0,0.0,103.33999999999992,1.016353034578206,1.052076516216245,1,0.25
C-30167,Active,Calder Central,18-29,English,Private tenancy,2,2021-08-23,,688.04,2021,8,52,4,9,1,6,4066.08,677.68,597.78,717.66,44.40506322481704,6,1,0,0,0,0,0.0,66.98000000000013,0.9849427358874484,1.0430498226847276,1,0.16666666666666666
C-30168,Active,Calder Central,30-44,Spanish,Private tenancy,2,2022-12-31,,609.84,2022,12,36,2,12,1,6,3744.02,624.0033333333333,615.49,645.77,11.18201532223359,6,1,0,0,0,0,0.0,84.97999999999979,1.0232246709519437,1.058917093008002,2,0.3333333333333333
C-30169,Active,Calder Central,18-29,English,No fixed abode,2,2025-03-04,,648.29,2025,3,9,4,13,1,6,3894.9700000000003,649.1616666666667,522.43,685.96,63.09205192943617,6,1,0,0,0,0,0.0,131.09000000000026,1.0013445628756679,1.0581067115025684,2,0.3333333333333333
C-30170,Active,Calder Central,60-74,English,Resident with family,3,2023-09-29,,843.78,2023,9,27,2,13,1,6,4778.38,796.3966666666666,598.16,889.69,103.65780928934718,6,1,0,0,0,0,0.0,60.98000000000013,0.9438439719674164,1.0544099172770154,1,0.16666666666666666
C-30171,Active,Ash Hill,30-44,English,Owner-occupier,2,2022-10-14,,516.28,2022,10,38,1,6,1,6,2777.59,462.9316666666667,386.5,541.47,66.98862572606389,6,1,0,0,0,0,0.0,36.88000000000011,0.896667828826735,1.048791353529093,1,0.16666666666666666
C-30172,Active,Ash Hill,30-44,English,Private tenancy,1,2024-07-10,,424.6,2024,7,17,5,22,2,7,2949.88,421.4114285714286,364.59,444.67,28.58521087822131,6,2,1,1,0,0,0.0,57.42999999999995,0.9924904111432608,1.047268016957136,0,0.0
C-30173,Active,Calder Central,75+,Spanish,Resident with family,3,2024-08-13,,1121.88,2024,8,16,3,10,1,6,6738.8,1123.1333333333334,1057.18,1179.88,40.81178048880824,6,1,0,0,0,0,0.0,89.23999999999978,1.0011171723654342,1.051698933932328,4,0.6666666666666666
C-30174,Active,Calder Central,45-59,Other,Social tenancy,1,2023-01-04,,459.9,2023,1,35,4,5,1,6,2572.28,428.71333333333337,356.13,452.58,36.05935200009379,6,1,0,0,0,0,0.0,0.0,0.9321881568456911,0.9840834964122636,2,0.3333333333333333
C-30175,Active,Calder Central,45-59,English,Private tenancy,4,2022-03-23,,1308.36,2022,3,45,1,9,0,6,7717.08,1286.18,1233.61,1360.36,53.86907016090025,6,1,0,0,0,0,0.0,88.95000000000005,0.9830474792870464,1.0397444128527316,0,0.0
C-30176,Active,Calder Central,18-29,English,Private tenancy,1,2023-12-08,,707.07,2023,12,24,3,15,0,6,4143.1,690.5166666666668,604.9,725.8,47.597258604531675,6,1,0,0,0,0,0.0,47.42999999999972,0.9765888337316908,1.0264895979181692,0,0.0
C-30177,Active,Weybridge,18-29,English,Resident with family,5,2021-01-05,,1127.62,2021,1,59,1,21,4,6,6604.65,1100.7749999999999,1066.29,1161.54,38.90962078972243,6,1,0,0,0,0,0.0,42.49000000000024,0.9761932211205903,1.0300810556747841,2,0.3333333333333333
C-30178,Active,Northgate,30-44,English,No fixed abode,1,2022-08-27,,684.9,2022,8,40,3,8,1,6,3932.81,655.4683333333334,576.42,717.63,46.18454045096336,6,1,0,0,0,0,0.0,32.73000000000002,0.9570277899450041,1.0477879982479195,0,0.0
C-30179,Active,Ash Hill,45-59,Spanish,No fixed abode,1,2024-04-28,,691.53,2024,4,20,4,7,1,6,4100.32,683.3866666666667,571.51,732.29,57.338842913566594,6,1,0,0,0,0,0.0,78.83000000000015,0.9882241792354152,1.0589417668069354,2,0.3333333333333333
C-30180,Active,Calder Central,45-59,English,Resident with family,1,2023-05-15,,738.54,2023,5,31,0,20,0,6,4414.59,735.765,708.34,765.88,21.6061970277048,6,1,0,0,0,0,0.0,45.56000000000017,0.9962425867251605,1.0370189833996806,0,0.0
C-30181,Active,Weybridge,30-44,English,Private tenancy,4,2022-06-01,,842.7,2022,6,42,3,9,1,6,4734.61,789.1016666666666,611.87,881.23,105.13914007954729,6,1,0,0,0,0,0.0,66.88999999999987,0.9363968988568488,1.0457220837783314,2,0.3333333333333333
C-30182,Active,Ash Hill,45-59,English,Owner-occupier,1,2025-03-11,,487.75,2025,3,9,1,8,2,6,2765.42,460.90333333333336,327.95,501.05,66.4957784123674,6,1,0,0,0,0,0.0,31.03000000000003,0.9449581411242098,1.0272680676576116,3,0.5
C-30183,Active,Northgate,45-59,English,Social tenancy,5,2022-01-26,,1285.75,2022,1,47,4,13,0,6,7866.6900000000005,1311.115,1241.53,1350.47,40.35379325416636,6,1,0,0,0,0,0.0,196.41000000000008,1.019727785339296,1.0503363795450127,0,0.0
C-30184,Active,Northgate,30-44,English,No fixed abode,2,2023-08-08,,952.55,2023,8,28,4,19,2,6,5804.72,967.4533333333334,937.54,994.17,24.614109503832672,6,1,0,0,0,0,0.0,118.83000000000015,1.015645722884188,1.0436932444491103,2,0.3333333333333333
C-30185,Closed,Ash Hill,75+,English,Resident with family,5,2024-02-28,2025-07,932.34,2024,2,22,0,1,0,1,979.72,979.72,979.72,979.72,0.0,1,1,0,0,0,0,0.0,47.379999999999995,1.0508183709805436,1.0508183709805436,0,0.0
C-30186,Active,Calder Central,45-59,English,Social tenancy,6,2021-07-05,,1257.5,2021,7,53,3,6,0,6,7107.48,1184.58,1080.18,1258.82,79.99472082581451,6,1,0,0,0,0,0.0,1.3199999999999363,0.9420119284294235,1.0010497017892643,0,0.0
C-30187,Active,Northgate,60-74,English,Owner-occupier,4,2023-07-20,,1125.12,2023,7,29,0,1,0,6,6167.92,1027.9866666666667,790.99,1162.46,171.1482254265777,6,1,0,0,0,0,0.0,91.20000000000027,0.9136684679560106,1.0331875711035268,0,0.0
C-30188,Active,Calder Central,30-44,English,No fixed abode,1,2022-05-27,,596.49,2022,5,43,1,16,1,6,3527.38,587.8966666666666,562.68,632.13,26.89575703836327,6,1,0,0,0,0,0.0,39.5,0.985593499751323,1.059749534778454,1,0.16666666666666666
C-30189,Active,Northgate,75+,English,Social tenancy,3,2022-09-23,,1125.79,2022,9,39,3,5,1,6,6734.93,1122.4883333333335,1073.77,1191.53,38.418683692529875,6,1,0,0,0,0,0.0,65.74000000000001,0.9970672446311775,1.058394549605166,2,0.3333333333333333
C-30190,Active,Calder Central,60-74,English,No fixed abode,3,2022-08-25,,812.08,2022,8,40,1,1,0,6,4628.98,771.4966666666666,596.94,837.42,87.95276338277645,6,1,0,0,0,0,0.0,33.219999999999914,0.9500254490526384,1.0312038222835187,0,0.0
C-30191,Active,Ash Hill,18-29,English,Resident with family,2,2022-01-23,,969.84,2022,1,47,2,14,0,6,5226.7,871.1166666666667,687.53,973.03,119.49094052130756,6,1,0,0,0,0,0.0,3.189999999999941,0.898206577029888,1.0032892023426545,0,0.0
C-30192,Active,Calder Central,75+,English,Private tenancy,1,2021-10-06,,758.01,2021,10,50,0,18,0,6,4503.33,750.555,722.66,787.16,28.121637043387068,6,1,0,0,0,0,0.0,54.08000000000004,0.9901650374005619,1.0384559570454215,0,0.0
C-30193,Active,Weybridge,45-59,Other,Private tenancy,4,2023-06-10,,1261.17,2023,6,30,3,7,4,6,7250.49,1208.415,1007.48,1320.59,132.66520971980557,6,1,0,0,0,0,0.0,124.53999999999974,0.9581697947144319,1.0471149805339486,2,0.3333333333333333
C-30194,Active,Calder Central,30-44,Spanish,Resident with family,4,2021-04-22,,942.89,2021,4,56,1,17,2,6,5696.81,949.4683333333334,892.37,999.45,42.70380705120643,6,1,0,0,0,0,0.0,125.07000000000016,1.00697677707191,1.0599857883740416,3,0.5
C-30195,Active,Northgate,18-29,English,Social tenancy,3,2023-03-19,,866.45,2023,3,33,0,11,2,6,4960.45,826.7416666666667,734.98,894.21,53.62282775709118,6,1,0,0,0,0,0.0,27.75999999999999,0.9541712351164714,1.0320387789255006,1,0.16666666666666666
C-30196,Active,Calder Central,75+,Spanish,Social tenancy,2,2022-09-22,,690.08,2022,9,39,3,4,1,6,4163.55,693.9250000000001,667.0,728.21,26.45056880295775,6,1,0,0,0,0,0.0,80.28999999999996,1.0055718177602595,1.0552544632506375,0,0.0
C-30197,Active,Calder Central,30-44,Spanish,Resident with family,6,2021-06-24,,1500.24,2021,6,54,4,3,1,6,8985.4,1497.5666666666666,1442.09,1571.64,54.05341863995906,6,1,0,0,0,0,0.0,125.18000000000006,0.9982180628877156,1.047592385218365,1,0.16666666666666666
C-30198,Active,Ash Hill,75+,English,Resident with family,4,2021-10-27,,791.97,2021,10,50,1,16,0,6,4415.89,735.9816666666667,538.59,817.77,100.65875091946386,6,1,0,0,0,0,0.0,33.90999999999997,0.9293049820910725,1.0325769915527103,0,0.0
C-30199,Active,Weybridge,30-44,English,Resident with family,5,2022-09-01,,1534.23,2022,9,39,1,2,2,6,8556.42,1426.07,1143.52,1547.27,161.95399297331326,6,1,0,0,0,0,0.0,15.269999999999982,0.9295020955137104,1.008499377537918,2,0.3333333333333333
C-30200,Active,Northgate,18-29,English,Social tenancy,2,2023-05-20,,963.31,2023,5,31,2,17,1,6,5499.08,916.5133333333333,757.88,998.74,83.30575842441306,6,1,0,0,0,0,0.0,35.430000000000064,0.9514209686739817,1.0367794375642316,2,0.3333333333333333
C-30201,Active,Northgate,30-44,English,No fixed abode,2,2023-11-06,,1016.19,2023,11,25,1,8,1,6,5825.91,970.985,699.82,1068.09,136.67004832808098,6,1,0,0,0,0,0.0,92.41999999999985,0.9555152087700134,1.051073126088625,1,0.16666666666666666
C-30202,Active,Calder Central,60-74,Spanish,Owner-occupier,1,2022-06-19,,762.54,2022,6,42,4,17,1,6,4661.57,776.9283333333333,747.54,807.63,24.799235001642,6,1,0,0,0,0,0.0,110.66000000000008,1.018868955508345,1.0591313242583995,4,0.6666666666666666
C-30203,Active,Weybridge,60-74,English,Private tenancy,1,2024-06-27,,503.0,2024,6,18,2,1,0,6,2906.32,484.3866666666667,411.43,528.48,41.131595965469984,6,1,0,0,0,0,0.0,39.09000000000003,0.9629953611663353,1.0506560636182902,0,0.0
C-30204,Active,Weybridge,45-59,English,No fixed abode,4,2024-09-03,,837.07,2024,9,15,0,22,1,6,4955.18,825.8633333333333,715.04,879.59,62.66376550022083,6,1,0,0,0,0,0.0,105.07999999999993,0.9866120316500809,1.0507962297059983,4,0.6666666666666666
C-30205,Active,Calder Central,60-74,English,Owner-occupier,1,2021-10-10,,528.84,2021,10,50,0,6,2,6,3150.52,525.0866666666667,508.25,543.3,14.320419919355224,6,1,0,0,0,0,0.0,26.34999999999991,0.9929027052920857,1.0273428636260493,1,0.16666666666666666
C-30206,Active,Ash Hill,18-29,Other,Owner-occupier,1,2021-10-21,,733.94,2021,10,50,1,15,1,6,4491.69,748.6149999999999,722.39,773.79,18.490463217561615,6,1,0,0,0,0,0.0,99.59999999999968,1.0199948224650515,1.0542959914979424,1,0.16666666666666666
C-30207,Active,Ash Hill,45-59,English,No fixed abode,6,2021-10-19,,995.43,2021,10,50,3,13,3,6,5642.27,940.3783333333334,691.11,1036.14,125.94510001054691,6,1,0,0,0,0,0.0,55.96000000000015,0.9446955921896402,1.0408968988276426,2,0.3333333333333333
C-30208,Active,Calder Central,60-74,English,Private tenancy,1,2023-04-12,,631.58,2023,4,32,1,6,0,6,3730.05,621.6750000000001,595.18,665.99,28.74838621557741,6,1,0,0,0,0,0.0,51.88999999999987,0.9843171094714842,1.0544824091959846,0,0.0
C-30209,Active,Weybridge,30-44,English,Resident with family,2,2024-08-09,,682.84,2024,8,16,2,11,0,6,3956.65,659.4416666666667,593.6,709.54,47.08770940135723,6,1,0,0,0,0,0.0,46.67999999999995,0.9657337980590865,1.0391014000351473,0,0.0
C-30210,Active,Northgate,60-74,English,Owner-occupier,3,2021-05-27,,601.36,2021,5,55,1,14,1,6,3600.75,600.125,570.12,630.48,20.6734194075388,6,1,0,0,0,0,0.0,42.710000000000036,0.9979463216708794,1.048423573234003,1,0.16666666666666666
C-30211,Active,Ash Hill,18-29,English,Owner-occupier,2,2024-06-30,,732.72,2024,6,18,1,7,0,6,4157.19,692.8649999999999,586.47,729.68,53.56519046918436,6,1,0,0,0,0,0.0,0.0,0.9456067802161807,0.9958510754449175,0,0.0
C-30212,Active,Calder Central,75+,English,Owner-occupier,2,2025-01-22,,880.16,2025,1,11,0,7,1,6,5304.97,884.1616666666667,832.14,931.3,42.066512295015215,6,1,0,0,0,0,0.0,112.43000000000006,1.004546521844513,1.0581030721686966,1,0.16666666666666666
C-30213,Active,Calder Central,60-74,English,Owner-occupier,2,2022-08-28,,827.99,2022,8,40,0,13,1,6,5047.05,841.1750000000001,809.43,876.72,24.626553758088033,6,1,0,0,0,0,0.0,97.66999999999996,1.0159241053635915,1.058853367794297,2,0.3333333333333333
C-30214,Active,Weybridge,45-59,English,Private tenancy,4,2022-03-31,,1172.62,2022,3,45,1,17,0,6,6816.93,1136.155,959.4,1220.0,91.96650036834068,6,1,0,0,0,0,0.0,62.66000000000031,0.9689029694189082,1.0404052463713735,0,0.0
C-30215,Active,Ash Hill,30-44,English,Resident with family,3,2025-02-28,,891.29,2025,2,10,0,6,2,6,5196.66,866.11,837.9,923.18,33.97968451884154,6,1,0,0,0,0,0.0,31.889999999999986,0.971748813517486,1.0357796003545423,2,0.3333333333333333
C-30216,Active,Ash Hill,60-74,English,Social tenancy,4,2022-12-21,,1313.08,2022,12,36,3,4,1,6,7414.24,1235.7066666666667,939.31,1347.13,149.23704790254558,6,1,0,0,0,0,0.0,34.49000000000024,0.9410749281587312,1.0259313979346272,1,0.16666666666666666
C-30217,Active,Weybridge,18-29,English,Resident with family,3,2022-11-02,,696.34,2022,11,37,2,8,0,6,4194.72,699.12,660.47,733.03,28.157700190178886,6,1,0,0,0,0,0.0,72.63999999999999,1.0039923026107935,1.0526897779820201,0,0.0
C-30218,Active,Calder Central,75+,English,Social tenancy,2,2023-01-21,,898.9,2023,1,35,2,1,1,6,5279.02,879.8366666666667,684.57,949.37,101.2571671866573,6,1,0,0,0,0,0.0,139.44000000000005,0.9787925983609598,1.0561464011569697,1,0.16666666666666666
C-30219,Active,Weybridge,60-74,English,No fixed abode,5,2025-02-14,,1235.72,2025,2,10,2,8,0,6,7271.43,1211.905,1162.84,1248.03,35.145713678911136,6,1,0,0,0,0,0.0,23.169999999999845,0.980727834784579,1.0099618036448386,0,0.0
C-30220,Active,Weybridge,18-29,Other,Resident with family,4,2024-09-21,,1311.51,2024,9,15,2,20,1,6,7440.33,1240.055,1076.56,1306.22,83.53387330897577,6,1,0,0,0,0,0.0,0.0,0.9455169994891385,0.9959664813840535,3,0.5
C-30221,Active,Calder Central,30-44,English,Resident with family,6,2024-07-01,,1813.82,2024,7,17,1,5,0,6,9960.71,1660.118333333333,1326.25,1882.87,232.93504729144277,6,1,0,0,0,0,0.0,69.04999999999995,0.9152607939780868,1.038068827116252,0,0.0
C-30222,Active,Northgate,30-44,English,Owner-occupier,1,2025-08-26,,476.1,2025,8,4,2,19,0,6,2838.1099999999997,473.01833333333326,453.84,483.4,10.469407655959655,6,1,0,0,0,0,0.0,12.07999999999987,0.9935272701813344,1.015332913253518,0,0.0
C-30223,Active,Calder Central,45-59,English,Private tenancy,4,2022-04-27,,1194.64,2022,4,44,2,4,1,6,6930.54,1155.09,1015.24,1245.33,76.58126454949667,6,1,0,0,0,0,0.0,50.68999999999983,0.9668937922721489,1.0424311926605503,3,0.5
C-30224,Active,Ash Hill,18-29,Spanish,Social tenancy,3,2024-03-30,,639.14,2024,3,21,5,21,3,6,3834.82,639.1366666666667,608.48,669.36,24.27200252691703,6,1,0,0,0,0,0.0,61.530000000000086,0.9999947846585516,1.0472822855712365,0,0.0
C-30225,Active,Northgate,60-74,English,No fixed abode,3,2022-11-08,,749.55,2022,11,37,3,0,0,6,4212.84,702.14,548.32,782.32,90.96704480195008,6,1,0,0,0,0,0.0,50.320000000000164,0.9367487158962046,1.043719565072377,0,0.0
C-30226,Active,Northgate,45-59,English,Private tenancy,2,2021-08-21,,524.75,2021,8,52,1,22,1,6,3042.09,507.01500000000004,461.66,545.32,27.79538864632046,6,1,0,0,0,0,0.0,20.57000000000005,0.9662029537875179,1.0391996188661268,1,0.16666666666666666
C-30227,Active,Ash Hill,45-59,English,Owner-occupier,4,2024-08-02,,1434.1,2024,8,16,4,2,0,6,8472.24,1412.04,1370.96,1460.05,37.0245102600966,6,1,0,0,0,0,0.0,45.51000000000022,0.9846175301582876,1.018094972456593,0,0.0
C-30228,Active,Ash Hill,45-59,English,Private tenancy,1,2024-04-15,,383.6,2024,4,20,0,17,0,6,2320.76,386.79333333333335,361.49,402.03,15.920237016661103,6,1,0,0,0,0,0.0,51.38999999999993,1.0083246437261035,1.0480448383733054,0,0.0
C-30229,Active,Northgate,18-29,English,Social tenancy,1,2025-05-19,,637.83,2025,5,7,3,11,1,6,3708.88,618.1466666666666,511.76,672.77,57.72548472439764,6,1,0,0,0,0,0.0,58.56999999999982,0.9691401575132349,1.054779486697082,3,0.5
C-30230,Active,Calder Central,18-29,English,Social tenancy,2,2022-04-20,,599.67,2022,4,44,1,8,0,6,3645.14,607.5233333333333,584.52,632.92,19.07415913393474,6,1,0,0,0,0,0.0,75.34000000000015,1.0130960917393457,1.0554471626061,0,0.0
C-30231,Active,Northgate,30-44,English,No fixed abode,2,2025-03-16,,501.25,2025,3,9,2,19,0,6,2913.75,485.625,410.54,520.34,39.676249696764415,6,1,0,0,0,0,0.0,31.0,0.9688279301745636,1.0380847880299253,0,0.0
C-30232,Active,Weybridge,30-44,English,No fixed abode,3,2022-05-11,,1024.71,2022,5,43,1,3,0,6,6317.32,1052.8866666666665,1024.39,1080.48,23.528451429421924,6,1,0,0,0,0,0.0,169.37999999999988,1.0274972105929157,1.0544251544339374,0,0.0
C-30233,Suspended,Northgate,75+,English,Owner-occupier,1,2022-11-01,,609.24,2022,11,37,0,18,1,6,3652.55,608.7583333333333,575.18,637.42,22.283030688545622,6,1,0,0,0,0,0.0,49.45999999999992,0.9992093975007114,1.0462543496815704,0,0.0
C-30234,Active,Calder Central,45-59,English,Resident with family,5,2023-05-14,,1577.11,2023,5,31,3,11,1,6,9503.45,1583.9083333333335,1501.78,1664.19,68.58454386132978,6,1,0,0,0,0,0.0,183.78000000000065,1.0043106272443478,1.0552149184267428,2,0.3333333333333333
C-30235,Active,Calder Central,60-74,English,Resident with family,6,2024-02-20,,1038.35,2024,2,22,1,23,2,6,6513.47,1085.5783333333334,1072.93,1094.3,9.38017359469782,6,1,0,0,0,0,0.0,283.3700000000006,1.0454840211232566,1.0538835652718255,3,0.5
C-30236,Closed,Northgate,60-74,English,Private tenancy,1,2024-08-17,2025-11,754.36,2024,8,16,2,16,0,5,3753.46,750.692,712.3,792.56,34.6293296210019,5,1,0,0,0,0,0.0,58.739999999999895,0.9951376000848402,1.050638952224402,0,0.0
C-30237,Active,Weybridge,60-74,English,Social tenancy,1,2023-02-10,,733.12,2023,2,34,0,3,0,6,4118.88,686.48,545.38,759.59,86.500797915395,6,1,0,0,0,0,0.0,37.430000000000064,0.936381492797905,1.036105958096901,0,0.0
C-30238,Active,Northgate,30-44,English,No fixed abode,2,2024-10-15,,585.79,2024,10,14,0,20,0,6,3491.93,581.9883333333333,483.2,620.88,50.4631724792117,6,1,0,0,0,0,0.0,83.87000000000012,0.9935101885203458,1.0599020126666554,0,0.0
C-30239,Active,Northgate,30-44,Other,Private tenancy,1,2021-12-29,,418.23,2021,12,48,2,4,1,6,2480.19,413.365,400.94,425.61,9.970042627792537,6,1,0,0,0,0,0.0,8.979999999999961,0.9883676445974703,1.0176457929847214,2,0.3333333333333333
C-30240,Active,Weybridge,30-44,English,Owner-occupier,2,2023-01-04,,536.63,2023,1,35,1,2,0,6,3146.33,524.3883333333333,390.5,568.21,66.86916162676684,6,1,0,0,0,0,0.0,72.68000000000006,0.9771878824019034,1.0588487412183443,0,0.0
C-30241,Active,Calder Central,75+,Spanish,Private tenancy,2,2023-12-05,,727.24,2023,12,24,3,7,2,6,4076.87,679.4783333333334,523.63,734.48,78.05676304245945,6,1,0,0,0,0,0.0,7.240000000000009,0.934324752947216,1.0099554479951598,1,0.16666666666666666
C-30242,Active,Weybridge,18-29,English,Resident with family,3,2024-05-03,,880.12,2024,5,19,3,7,1,6,5119.360000000001,853.2266666666668,684.11,916.71,85.71117398954857,6,1,0,0,0,0,0.0,67.29000000000008,0.9694435607265676,1.041573876289597,1,0.16666666666666666
C-30243,Active,Calder Central,18-29,Other,Social tenancy,1,2024-11-17,,495.66,2024,11,13,5,0,2,6,2596.7599999999998,432.7933333333333,356.26,492.14,53.78533728319147,6,1,0,0,0,0,0.0,0.0,0.8731657453361846,0.9928983577452285,3,0.5
C-30244,Active,Northgate,45-59,English,Owner-occupier,1,2023-06-24,,740.54,2023,6,30,1,17,0,6,4435.45,739.2416666666667,710.29,782.94,25.166466113991202,6,1,0,0,0,0,0.0,49.29000000000008,0.9982467748759914,1.0572555162449024,0,0.0
C-30245,Active,Northgate,60-74,Spanish,Resident with family,4,2023-10-04,,915.74,2023,10,26,6,1,1,6,5459.96,909.9933333333333,861.83,961.02,37.5635933673373,6,1,0,0,0,0,0.0,68.48000000000002,0.9937245651968172,1.0494463494004849,0,0.0
C-30246,Closed,Northgate,45-59,English,Social tenancy,3,2023-08-20,2025-09,767.59,2023,8,28,0,15,0,3,2308.2,769.4,749.23,794.24,22.865513333402344,3,1,0,0,0,0,0.0,26.649999999999977,1.0023580296773016,1.034719055745906,0,0.0
C-30247,Active,Northgate,30-44,English,Social tenancy,2,2022-12-03,,746.3,2022,12,36,2,6,1,6,4492.6,748.7666666666668,713.85,789.17,26.613979534572906,6,1,0,0,0,0,0.0,65.74000000000001,1.0033051945151639,1.0574433873777302,2,0.3333333333333333
C-30248,Active,Calder Central,60-74,English,Private tenancy,4,2023-05-21,,815.3,2023,5,31,2,9,0,6,4941.7,823.6166666666667,787.74,842.94,19.740328940184018,6,1,0,0,0,0,0.0,77.46000000000038,1.0102007441023755,1.0339016313013616,0,0.0
C-30249,Active,Northgate,18-29,English,Private tenancy,3,2023-01-11,,1032.64,2023,1,35,3,15,0,6,6135.04,1022.5066666666667,806.17,1089.53,107.61280493819805,6,1,0,0,0,0,0.0,165.6699999999994,0.9901869641565954,1.0550918035326928,0,0.0
C-30250,Suspended,Weybridge,60-74,English,Private tenancy,2,2021-02-06,,576.1,2021,2,58,4,13,1,6,3392.06,565.3433333333334,543.78,593.35,19.103601405668698,6,1,0,0,0,0,0.0,23.220000000000027,0.9813284730660184,1.0299427182780767,4,0.6666666666666666
C-30251,Closed,Calder Central,60-74,English,Resident with family,4,2023-01-28,2025-10,1252.44,2023,1,35,1,12,1,4,4615.21,1153.8025,898.88,1308.09,178.20798735840478,4,1,0,0,0,0,0.0,55.649999999999864,0.9212437322346778,1.0444332662642521,0,0.0
C-30252,Active,Calder Central,75+,English,Owner-occupier,6,2021-06-02,,920.96,2021,6,54,2,6,0,6,5137.0,856.1666666666666,690.88,966.7,112.28138771259763,6,1,0,0,0,0,0.0,65.43999999999994,0.9296458767662729,1.0496655663655317,0,0.0
C-30253,Suspended,Northgate,75+,English,Private tenancy,2,2025-05-20,,867.14,2025,5,7,0,13,1,6,5204.47,867.4116666666667,832.9,907.28,33.328182918765165,6,1,0,0,0,0,0.0,90.15000000000009,1.0003132904336862,1.0462901030975391,2,0.3333333333333333
C-30254,Active,Northgate,45-59,Other,Owner-occupier,2,2022-05-15,,912.8,2022,5,43,6,8,2,6,5302.02,883.6700000000001,768.0,949.17,64.23254502197463,6,1,0,0,0,0,0.0,59.530000000000086,0.9680872042068361,1.039844434706398,2,0.3333333333333333
C-30255,Active,Weybridge,30-44,English,Resident with family,4,2025-07-20,,1056.93,2025,7,5,3,1,0,6,6093.27,1015.5450000000001,820.48,1089.95,99.85986355888934,6,1,0,0,0,0,0.0,65.93999999999983,0.960844142942295,1.0312414256384055,0,0.0
C-30256,Active,Calder Central,60-74,Spanish,Resident with family,1,2022-10-16,,491.54,2022,10,38,4,6,1,6,2821.44,470.24,411.9,515.23,40.11811810142647,6,1,0,0,0,0,0.0,29.370000000000005,0.9566668022948285,1.0481954673068317,2,0.3333333333333333
C-30257,Active,Weybridge,30-44,English,No fixed abode,1,2023-12-20,,478.26,2023,12,24,1,12,1,6,2748.12,458.02,418.35,484.15,23.527174926029677,6,1,0,0,0,0,0.0,7.610000000000014,0.9576799230544055,1.0123154769372307,1,0.16666666666666666
C-30258,Active,Calder Central,60-74,Spanish,Private tenancy,1,2023-08-01,,380.66,2023,8,28,6,12,4,6,2283.96,380.66,380.66,380.66,0.0,6,1,0,0,0,0,0.0,0.0,1.0,1.0,0,0.0
C-30259,Active,Weybridge,45-59,English,Resident with family,1,2022-10-11,,600.84,2022,10,38,0,23,2,6,3586.38,597.73,569.08,635.88,28.29635877635141,6,1,0,0,0,0,0.0,61.92999999999995,0.9948239131882031,1.0583183543039745,1,0.16666666666666666
C-30260,Active,Northgate,30-44,Spanish,No fixed abode,3,2025-07-11,,840.31,2025,7,5,5,22,0,6,5127.59,854.5983333333334,813.39,890.44,29.600265820878484,6,1,0,0,0,0,0.0,121.19000000000028,1.017003645480041,1.0596565553188706,0,0.0
C-30261,Active,Calder Central,60-74,English,Owner-occupier,4,2022-09-02,,1289.16,2022,9,39,2,0,0,6,7652.639999999999,1275.4399999999998,1252.5,1294.65,18.596924476912875,6,1,0,0,0,0,0.0,9.879999999999882,0.9893574110273354,1.0042585869868752,0,0.0
C-30262,Closed,Ash Hill,30-44,English,Owner-occupier,4,2022-09-25,2025-08,777.54,2022,9,39,2,6,0,2,1573.6399999999999,786.8199999999999,752.06,821.58,49.15806342808881,2,1,0,0,0,0,0.0,44.04000000000008,1.0119350772950588,1.0566401728528436,0,0.0
C-30263,Active,Weybridge,30-44,English,Resident with family,3,2022-10-09,,1093.94,2022,10,38,2,5,4,7,7905.32,1129.3314285714284,1060.19,1159.37,34.19633334563395,6,2,1,1,0,0,0.0,281.48999999999955,1.0323522575017172,1.0598113242042524,2,0.2857142857142857
C-30264,Active,Ash Hill,45-59,English,Social tenancy,4,2025-06-03,,1002.93,2025,6,6,1,22,0,6,5869.55,978.2583333333333,799.76,1054.13,96.2311029587974,6,1,0,0,0,0,0.0,126.54000000000008,0.9754004101316477,1.0510504222627703,0,0.0
C-30265,Active,Calder Central,30-44,Other,Private tenancy,1,2023-06-06,,691.78,2023,6,30,3,23,3,6,4116.4400000000005,686.0733333333334,658.25,716.6,21.8753456353646,6,1,0,0,0,0,0.0,33.100000000000136,0.9917507492748175,1.0358784584694556,0,0.0
C-30266,Active,Northgate,18-29,English,Resident with family,2,2022-09-27,,806.85,2022,9,39,4,16,0,6,4683.57,780.5949999999999,721.89,817.01,32.28757826161633,6,1,0,0,0,0,0.0,10.159999999999968,0.9674598748218379,1.012592179463345,0,0.0
C-30267,Active,Weybridge,45-59,English,Social tenancy,1,2024-08-28,,502.19,2024,8,16,1,5,2,6,2961.9,493.65000000000003,393.95,521.48,49.726761406711375,6,1,0,0,0,0,0.0,63.520000000000095,0.982994484159382,1.0384117565065016,1,0.16666666666666666
C-30268,Active,Weybridge,60-74,Spanish,Social tenancy,2,2021-01-04,,619.36,2021,1,59,2,6,4,6,3409.35,568.225,464.76,648.7,81.42182575943627,6,1,0,0,0,0,0.0,29.340000000000032,0.9174389692585895,1.0473714802376648,2,0.3333333333333333
C-30269,Active,Weybridge,60-74,English,No fixed abode,4,2025-02-15,,1054.51,2025,2,10,4,3,2,6,5875.610000000001,979.2683333333334,801.49,1097.73,112.6938645032047,6,1,0,0,0,0,0.0,43.22000000000003,0.9286477447661315,1.0409858607315245,1,0.16666666666666666
C-30270,Active,Weybridge,45-59,English,Private tenancy,1,2024-02-23,,379.24,2024,2,22,0,15,0,6,2232.67,372.1116666666667,363.47,381.05,8.517106120430032,6,1,0,0,0,0,0.0,2.6399999999999864,0.9812036353408572,1.0047727033013396,0,0.0
C-30271,Active,Northgate,30-44,English,Resident with family,6,2024-08-07,,1161.79,2024,8,16,3,1,0,6,6837.59,1139.5983333333334,994.16,1215.39,79.51290899386508,6,1,0,0,0,0,0.0,98.94000000000028,0.9808987281120799,1.0461357043871957,0,0.0
C-30272,Active,Weybridge,45-59,English,Resident with family,3,2025-03-16,,1123.25,2025,3,9,1,10,0,6,6796.81,1132.8016666666667,1098.78,1189.03,32.70847805488152,6,1,0,0,0,0,0.0,98.66000000000008,1.0085035981897768,1.0585622078789227,0,0.0
C-30273,Active,Northgate,18-29,Spanish,Private tenancy,4,2022-12-26,,984.07,2022,12,36,2,15,2,6,5607.32,934.5533333333333,778.63,1037.06,113.99427471003384,6,1,0,0,0,0,0.0,114.06999999999971,0.9496817638311637,1.0538477953804097,1,0.16666666666666666
C-30274,Active,Weybridge,45-59,English,Social tenancy,2,2023-12-06,,861.16,2023,12,24,2,5,0,6,5019.66,836.61,648.18,902.16,96.10996077410499,6,1,0,0,0,0,0.0,99.46000000000004,0.9714919411026987,1.0476102001950858,0,0.0
C-30275,Active,Northgate,30-44,English,No fixed abode,1,2022-04-01,,739.65,2022,4,44,2,4,1,6,3970.51,661.7516666666667,506.56,745.62,105.06540961071187,6,1,0,0,0,0,0.0,8.020000000000095,0.8946821694945809,1.0080713851145813,1,0.16666666666666666
C-30276,Active,Calder Central,60-74,Spanish,Owner-occupier,6,2021-03-15,,1240.08,2021,3,57,4,14,1,6,7321.18,1220.1966666666667,1178.11,1295.98,53.132056864633626,6,1,0,0,0,0,0.0,94.34000000000015,0.9839660882093629,1.0450777369201987,2,0.3333333333333333
C-30277,Active,Calder Central,45-59,Spanish,Resident with family,4,2021-11-12,,1222.0,2021,11,49,4,20,2,6,6823.65,1137.2749999999999,1009.04,1243.91,80.55902897875572,6,1,0,0,0,0,0.0,21.910000000000082,0.9306669394435353,1.0179296235679216,2,0.3333333333333333
C-30278,Active,Ash Hill,30-44,English,Resident with family,1,2022-07-07,,716.74,2022,7,41,1,4,1,6,4098.6,683.1,580.34,757.28,73.30463232293027,6,1,0,0,0,0,0.0,55.11999999999989,0.9530652677400452,1.0565616541563188,3,0.5
C-30279,Active,Northgate,18-29,Other,Resident with family,4,2021-10-03,,1006.09,2021,10,50,3,21,3,6,6023.01,1003.835,918.78,1059.42,61.914350759739094,6,1,0,0,0,0,0.0,151.66999999999996,0.9977586498225804,1.053007186235824,1,0.16666666666666666
C-30280,Active,Calder Central,60-74,English,Owner-occupier,1,2024-10-10,,428.28,2024,10,14,1,4,1,6,2406.24,401.03999999999996,344.06,426.86,28.892063270040104,6,1,0,0,0,0,0.0,0.0,0.9363967497898571,0.9966844120668722,0,0.0
C-30281,Active,Ash Hill,75+,English,Private tenancy,5,2024-03-01,,1092.08,2024,3,21,2,2,2,6,6465.54,1077.59,1027.63,1143.36,39.860626186752214,6,1,0,0,0,0,0.0,52.11000000000013,0.9867317412643763,1.0469562669401509,1,0.16666666666666666
C-30282,Active,Northgate,60-74,English,Resident with family,2,2023-07-23,,603.99,2023,7,29,5,16,2,6,3468.83,578.1383333333333,417.79,634.32,81.33770820884168,6,1,0,0,0,0,0.0,64.28000000000009,0.9571985187392728,1.050216063179854,2,0.3333333333333333
C-30283,Active,Northgate,30-44,English,Resident with family,1,2021-10-12,,594.54,2021,10,50,2,7,1,6,3550.75,591.7916666666666,560.14,630.0,29.458850905401363,6,1,0,0,0,0,0.0,66.77000000000021,0.99537737858961,1.059642749016046,1,0.16666666666666666
C-30284,Active,Northgate,30-44,Other,Resident with family,1,2023-03-13,,559.85,2023,3,33,4,4,2,6,3300.58,550.0966666666667,528.58,579.27,21.520331472044436,6,1,0,0,0,0,0.0,34.75999999999999,0.9825786669048258,1.0346878628203982,3,0.5
C-30285,Active,Weybridge,18-29,English,Resident with family,2,2023-08-01,,674.01,2023,8,28,1,11,1,6,3988.91,664.8183333333333,634.74,703.55,27.749059383457777,6,1,0,0,0,0,0.0,48.22000000000003,0.9863627146976058,1.0438272429192446,2,0.3333333333333333
C-30286,Active,Weybridge,30-44,English,Private tenancy,2,2023-06-25,,798.55,2023,6,30,1,13,1,6,4826.24,804.3733333333333,760.18,838.98,35.73854818912864,6,1,0,0,0,0,0.0,108.0300000000002,1.0072923841128714,1.0506292655437983,0,0.0
C-30287,Active,Northgate,18-29,English,Social tenancy,3,2024-04-18,,990.75,2024,4,20,0,14,1,6,5695.45,949.2416666666667,746.51,1039.25,103.26304051627895,6,1,0,0,0,0,0.0,48.5,0.958104129867945,1.0489528135251072,1,0.16666666666666666
C-30288,Active,Weybridge,75+,English,No fixed abode,6,2022-09-23,,1421.66,2022,9,39,1,18,0,6,7812.65,1302.1083333333333,1012.45,1470.24,169.5086250804562,6,1,0,0,0,0,0.0,48.57999999999993,0.9159069913575211,1.0341713208502736,0,0.0
C-30289,Active,Calder Central,18-29,English,Private tenancy,1,2025-06-03,,660.44,2025,6,6,6,5,4,6,4008.06,668.01,648.88,693.56,17.47055007720133,6,1,0,0,0,0,0.0,68.05999999999972,1.0114620555992975,1.050148385924535,2,0.3333333333333333
C-30290,Active,Weybridge,60-74,Spanish,Private tenancy,1,2021-03-21,,518.58,2021,3,57,3,10,2,6,2943.65,490.60833333333335,389.54,539.3,63.002624204604885,6,1,0,0,0,0,0.0,45.859999999999786,0.9460610384768661,1.0399552624474524,2,0.3333333333333333
C-30291,Active,Calder Central,75+,Spanish,No fixed abode,4,2024-11-30,,1227.01,2024,11,13,7,12,1,6,6836.69,1139.4483333333333,860.12,1290.55,157.845398211879,6,1,0,0,0,0,0.0,81.84999999999991,0.9286381800745986,1.0517844190348897,0,0.0
C-30292,Active,Calder Central,60-74,English,Social tenancy,3,2025-06-01,,1129.68,2025,6,6,2,0,2,6,6865.51,1144.2516666666668,1077.75,1191.38,42.08956992731884,6,1,0,0,0,0,0.0,147.9599999999998,1.0128989330311828,1.0546172367396076,2,0.3333333333333333
C-30293,Active,Calder Central,30-44,English,Resident with family,3,2024-08-25,,608.74,2024,8,16,0,18,0,6,3589.64,598.2733333333333,523.85,636.94,39.936718776918404,6,1,0,0,0,0,0.0,49.870000000000005,0.9828060146094119,1.0463251963071263,0,0.0
C-30294,Active,Ash Hill,30-44,English,No fixed abode,3,2024-08-31,,1226.73,2024,8,16,1,17,1,6,7250.19,1208.365,1154.12,1285.61,55.228726854780916,6,1,0,0,0,0,0.0,88.1099999999999,0.985029305552159,1.0479975218670774,1,0.16666666666666666
C-30295,Active,Weybridge,30-44,English,Owner-occupier,4,2022-06-10,,959.32,2022,6,42,2,19,1,6,5706.4,951.0666666666666,908.04,987.69,35.396884985358106,6,1,0,0,0,0,0.0,63.41999999999996,0.9913966837621092,1.0295730308968853,2,0.3333333333333333
C-30296,Active,Weybridge,60-74,English,No fixed abode,6,2022-05-06,,1578.98,2022,5,43,1,6,1,6,9423.96,1570.6599999999999,1497.89,1618.9,44.756994090309426,6,1,0,0,0,0,0.0,73.61999999999989,0.9947307755639717,1.0252821441690205,3,0.5
C-30297,Active,Weybridge,45-59,English,Resident with family,2,2023-11-18,,1013.47,2023,11,25,2,1,2,6,5757.42,959.57,791.03,1026.4,84.31584074182031,6,1,0,0,0,0,0.0,12.930000000000064,0.9468163833167237,1.0127581477498102,1,0.16666666666666666
C-30298,Active,Weybridge,45-59,English,Owner-occupier,1,2025-06-20,,642.69,2025,6,6,3,8,1,6,3952.4300000000003,658.7383333333333,649.36,666.98,6.938565894092733,6,1,0,0,0,0,0.0,96.28999999999974,1.0249705664213435,1.0377942709548926,2,0.3333333333333333
C-30299,Active,Weybridge,45-59,English,Private tenancy,3,2022-04-07,,649.87,2022,4,44,1,12,2,6,3888.5299999999997,648.0883333333333,617.14,682.1,27.88292625723972,6,1,0,0,0,0,0.0,68.49000000000001,0.9972584260441831,1.0495945342914736,0,0.0
C-30300,Active,Weybridge,30-44,English,Private tenancy,4,2023-05-08,,897.79,2023,5,31,5,16,1,6,5380.55,896.7583333333333,849.29,943.41,39.52704816535966,6,1,0,0,0,0,0.0,100.00999999999999,0.9988508819805672,1.0508136646654562,1,0.16666666666666666
C-30301,Active,Calder Central,75+,English,No fixed abode,1,2022-09-17,,628.48,2022,9,39,1,15,0,6,3580.25,596.7083333333334,433.35,650.89,82.42779468520715,6,1,0,0,0,0,0.0,45.42999999999995,0.9494468134758994,1.0356574592668024,0,0.0
C-30302,Active,Weybridge,45-59,English,Resident with family,2,2025-04-24,,724.97,2025,4,8,4,5,3,6,4026.73,671.1216666666667,521.35,746.73,97.69654454824213,6,1,0,0,0,0,0.0,44.819999999999936,0.9257233632656064,1.030015035104901,2,0.3333333333333333
C-30303,Active,Northgate,45-59,English,No fixed abode,2,2025-07-12,,959.32,2025,7,5,0,13,1,6,5932.23,988.7049999999999,957.39,1012.22,21.616650758153973,6,1,0,0,0,0,0.0,178.23999999999978,1.03063107200934,1.0551432264520701,3,0.5
C-30304,Active,Ash Hill,30-44,English,Social tenancy,1,2023-12-23,,488.82,2023,12,24,3,18,2,6,2895.65,482.60833333333335,464.59,497.46,12.88397053189221,6,1,0,0,0,0,0.0,14.129999999999995,0.9872925275834321,1.017675217871609,1,0.16666666666666666
C-30305,Active,Calder Central,18-29,English,Owner-occupier,2,2021-07-27,,651.39,2021,7,53,4,19,0,6,3883.9700000000003,647.3283333333334,614.81,678.4,26.989959182382368,6,1,0,0,0,0,0.0,55.91000000000008,0.9937646161797593,1.0414651744730499,0,0.0
C-30306,Active,Calder Central,45-59,Spanish,Social tenancy,1,2022-08-15,,466.19,2022,8,40,5,4,3,6,2761.79,460.29833333333335,376.94,493.72,43.13545475205594,6,1,0,0,0,0,0.0,59.30000000000007,0.9873620912789492,1.0590531757437955,2,0.3333333333333333
C-30307,Active,Weybridge,18-29,English,Resident with family,5,2024-08-29,,920.14,2024,8,16,2,11,0,6,5410.83,901.805,776.02,967.7,69.09787485878276,6,1,0,0,0,0,0.0,92.44000000000005,0.9800736844393244,1.0516877866411634,0,0.0
C-30308,Closed,Calder Central,30-44,English,Resident with family,1,2024-06-26,2025-11,500.18,2024,6,18,2,17,1,5,2545.43,509.08599999999996,486.57,529.18,19.27756416148053,5,1,0,0,0,0,0.0,67.83999999999986,1.0178055899876044,1.0579791275140948,1,0.2
C-30309,Active,Calder Central,60-74,English,Resident with family,1,2022-02-14,,654.34,2022,2,46,0,4,1,6,3932.1,655.35,630.67,691.74,22.78447541638825,6,1,0,0,0,0,0.0,55.399999999999864,1.0015435400556285,1.0571568297826817,2,0.3333333333333333
C-30310,Active,Weybridge,75+,English,Social tenancy,1,2021-03-21,,760.08,2021,3,57,3,2,0,6,4350.43,725.0716666666667,604.76,784.38,61.86999641721881,6,1,0,0,0,0,0.0,24.299999999999955,0.9539412517980562,1.0319703189137985,0,0.0
C-30311,Active,Ash Hill,45-59,English,No fixed abode,2,2022-09-02,,760.65,2022,9,39,0,12,1,6,4485.73,747.6216666666666,721.07,773.8,19.83747909051617,6,1,0,0,0,0,0.0,13.149999999999977,0.9828721049979184,1.0172878459212515,1,0.16666666666666666
C-30312,Active,Weybridge,30-44,Other,Owner-occupier,3,2025-06-04,,1184.58,2025,6,6,4,6,2,6,7072.59,1178.765,1143.57,1221.81,33.80363515955054,6,1,0,0,0,0,0.0,69.13000000000034,0.9950910871363691,1.0314288608620776,2,0.3333333333333333
C-30313,Active,Northgate,45-59,English,Private tenancy,5,2025-05-29,,799.19,2025,5,7,1,5,1,6,4654.26,775.71,659.37,843.53,61.957287545534136,6,1,0,0,0,0,0.0,44.33999999999992,0.9706202530061687,1.0554811746893729,1,0.16666666666666666
C-30314,Active,Calder Central,30-44,Other,Owner-occupier,1,2024-01-23,,535.5,2024,1,23,2,20,0,6,2982.04,497.00666666666666,450.27,540.92,37.314514423568035,6,1,0,0,0,0,0.0,5.419999999999959,0.9281170245876128,1.0101213818860877,0,0.0
C-30315,Active,Calder Central,30-44,English,Owner-occupier,5,2022-12-25,,1069.28,2022,12,36,0,4,0,6,6326.29,1054.3816666666667,882.81,1128.98,89.03699802142178,6,1,0,0,0,0,0.0,116.00999999999999,0.9860669484762333,1.05583196169385,0,0.0
C-30316,Active,Calder Central,75+,English,Private tenancy,2,2024-03-29,,778.56,2024,3,21,4,6,1,6,4583.53,763.9216666666666,733.45,823.42,34.58170638743358,6,1,0,0,0,0,0.0,51.280000000000086,0.9811981949582136,1.0576191944101931,3,0.5
C-30317,Active,Ash Hill,18-29,English,Owner-occupier,3,2022-03-16,,843.32,2022,3,45,3,4,1,6,4897.37,816.2283333333334,628.1,888.21,95.65311692081272,6,1,0,0,0,0,0.0,85.32999999999993,0.9678749861657892,1.0532300905943177,3,0.5
C-30318,Active,Calder Central,75+,English,Owner-occupier,1,2021-05-09,,456.83,2021,5,55,4,22,0,6,2596.24,432.70666666666665,374.14,474.16,32.670798990331825,6,1,0,0,0,0,0.0,17.33000000000004,0.9471940692744932,1.037935336996257,0,0.0
C-30319,Active,Ash Hill,45-59,English,Resident with family,3,2022-07-02,,850.28,2022,7,41,1,5,0,6,5042.68,840.4466666666667,805.32,873.52,28.41624723053114,6,1,0,0,0,0,0.0,40.66999999999996,0.9884351821360807,1.0273321729312697,0,0.0
C-30320,Active,Northgate,30-44,Other,Private tenancy,4,2021-07-16,,890.99,2021,7,53,6,16,3,6,5358.36,893.06,748.23,942.55,73.83021603652534,6,1,0,0,0,0,0.0,157.66999999999985,1.002323258397962,1.0578682140091358,1,0.16666666666666666
C-30321,Active,Ash Hill,30-44,English,Private tenancy,4,2024-01-10,,1011.64,2024,1,23,1,11,1,6,6209.37,1034.895,991.62,1069.58,31.51218922893168,6,1,0,0,0,0,0.0,165.18999999999983,1.0229874263572023,1.0572733383417026,3,0.5
C-30322,Active,Weybridge,30-44,English,Private tenancy,3,2021-12-09,,798.09,2021,12,48,0,0,2,6,4757.86,792.9766666666666,758.13,818.91,25.188233496350303,6,1,0,0,0,0,0.0,43.249999999999886,0.9935930367084748,1.0260872833890913,1,0.16666666666666666
C-30323,Active,Northgate,75+,English,Resident with family,2,2024-09-23,,729.07,2024,9,15,0,14,1,6,4363.05,727.1750000000001,688.04,768.0,31.95488303843402,6,1,0,0,0,0,0.0,67.86999999999989,0.9974007982772571,1.0533967931748665,2,0.3333333333333333
C-30324,Suspended,Northgate,60-74,English,Resident with family,2,2024-08-25,,1019.8,2024,8,16,3,4,1,6,5766.6,961.1,817.54,1009.04,71.89366787137796,6,1,0,0,0,0,0.0,0.0,0.9424396940576584,0.9894489115512846,1,0.16666666666666666
C-30325,Active,Calder Central,60-74,English,Resident with family,2,2023-08-02,,765.95,2023,8,28,0,0,0,6,4205.88,700.98,518.04,802.04,131.26440218124637,6,1,0,0,0,0,0.0,76.92999999999984,0.9151772308897446,1.047117958091259,0,0.0
C-30326,Active,Calder Central,45-59,English,Owner-occupier,3,2024-12-16,,1114.6,2024,12,12,5,7,1,6,5856.16,976.0266666666666,746.48,1160.42,169.71632751938355,6,1,0,0,0,0,0.0,45.820000000000164,0.8756743824391412,1.041108917997488,2,0.3333333333333333
C-30327,Active,Calder Central,75+,English,Resident with family,1,2022-07-10,,703.17,2022,7,41,0,7,1,6,4026.38,671.0633333333334,526.66,744.92,75.09377408724819,6,1,0,0,0,0,0.0,48.780000000000086,0.9543401074183104,1.0593739778431959,0,0.0
C-30328,Active,Northgate,60-74,English,No fixed abode,3,2025-04-11,,986.24,2025,4,8,4,22,1,6,5702.99,950.4983333333333,827.06,1006.05,64.597041237712,6,1,0,0,0,0,0.0,29.329999999999927,0.9637596663422019,1.0200863887086307,2,0.3333333333333333
C-30329,Active,Northgate,45-59,Other,Private tenancy,4,2024-02-22,,1058.55,2024,2,22,5,18,0,6,6474.44,1079.0733333333333,1010.6,1120.12,40.430511085894814,6,1,0,0,0,0,0.0,171.09000000000015,1.01938815675531,1.0581644702659299,0,0.0
C-30330,Closed,Northgate,60-74,English,Private tenancy,2,2021-01-07,2025-10,821.61,2021,1,59,4,19,2,4,3286.44,821.61,821.61,821.61,0.0,4,1,0,0,0,0,0.0,0.0,1.0,1.0,2,0.5
C-30331,Active,Weybridge,75+,English,Resident with family,4,2021-08-09,,1219.36,2021,8,52,0,23,1,6,6741.73,1123.6216666666667,830.89,1205.52,144.9131933837173,6,1,0,0,0,0,0.0,0.0,0.9214847679657089,0.9886497834929799,2,0.3333333333333333
C-30332,Active,Weybridge,30-44,English,No fixed abode,1,2024-12-27,,569.73,2024,12,12,0,17,0,6,3443.96,573.9933333333333,538.09,596.86,25.82508057425314,6,1,0,0,0,0,0.0,82.00999999999999,1.007483076779059,1.0476190476190477,0,0.0
C-30333,Active,Northgate,60-74,Spanish,Resident with family,1,2021-11-23,,512.13,2021,11,49,7,21,1,8,3722.23,465.27875,387.8,522.32,56.989459034732256,6,2,2,1,0,0,0.0,18.029999999999973,0.9085168804795657,1.0198972917032785,4,0.5
C-30334,Active,Ash Hill,18-29,English,Social tenancy,1,2025-08-16,,634.88,2025,8,4,2,5,1,6,3862.2599999999998,643.7099999999999,617.64,668.55,18.639678108808614,6,1,0,0,0,0,0.0,74.65999999999985,1.0139081401209677,1.0530336441532258,3,0.5
C-30335,Active,Calder Central,60-74,English,No fixed abode,3,2021-12-29,,793.17,2021,12,48,3,9,0,6,4523.6900000000005,753.9483333333334,548.02,813.23,102.22389572241251,6,1,0,0,0,0,0.0,39.63000000000011,0.9505507436404975,1.0252909212400874,0,0.0
C-30336,Active,Weybridge,30-44,English,No fixed abode,4,2024-03-06,,942.42,2024,3,21,1,21,0,6,5595.3,932.5500000000001,890.66,996.69,43.746247381918415,6,1,0,0,0,0,0.0,81.34000000000015,0.989526962500796,1.0575857897752596,0,0.0
C-30337,Closed,Northgate,45-59,English,Owner-occupier,3,2023-07-31,2025-07,628.92,2023,7,29,0,4,0,1,626.9,626.9,626.9,626.9,0.0,1,1,0,0,0,0,0.0,0.0,0.9967881447560898,0.9967881447560898,0,0.0
C-30338,Active,Northgate,18-29,English,No fixed abode,6,2022-09-15,,1783.09,2022,9,39,2,18,1,6,10698.19,1783.0316666666668,1717.63,1846.42,45.52183274722876,6,1,0,0,0,0,0.0,99.35000000000036,0.9999672852557452,1.0355169957769939,3,0.5
C-30339,Active,Calder Central,30-44,English,No fixed abode,1,2024-08-20,,664.59,2024,8,16,3,22,1,6,3916.2200000000003,652.7033333333334,628.41,679.64,16.943274378545226,6,1,0,0,0,0,0.0,15.049999999999955,0.9821142860008928,1.022645540859778,2,0.3333333333333333
C-30340,Active,Ash Hill,60-74,English,Owner-occupier,4,2025-06-29,,1288.06,2025,6,6,0,11,2,6,7784.04,1297.34,1223.11,1358.33,57.60516504620056,6,1,0,0,0,0,0.0,180.58000000000015,1.0072046333245346,1.0545549120382591,2,0.3333333333333333
C-30341,Active,Weybridge,30-44,English,Social tenancy,2,2025-04-26,,815.01,2025,4,8,0,21,1,6,4655.92,775.9866666666667,629.84,840.44,76.55947535522085,6,1,0,0,0,0,0.0,41.010000000000105,0.9521191969014695,1.0312020711402314,0,0.0
C-30342,Active,Calder Central,75+,English,Owner-occupier,1,2021-07-01,,545.04,2021,7,53,1,13,1,6,3132.9700000000003,522.1616666666667,421.19,574.55,52.754158287917576,6,1,0,0,0,0,0.0,29.680000000000064,0.9580244874993884,1.0541428152062233,1,0.16666666666666666
C-30343,Active,Northgate,45-59,Spanish,No fixed abode,3,2022-04-22,,1006.58,2022,4,44,4,12,2,6,6039.4800000000005,1006.58,1006.58,1006.58,0.0,6,1,0,0,0,0,0.0,0.0,1.0,1.0,1,0.16666666666666666
C-30344,Suspended,Northgate,45-59,Other,No fixed abode,2,2021-03-31,,781.71,2021,3,57,3,6,0,6,4771.65,795.275,778.86,818.55,13.966890491444401,6,1,0,0,0,0,0.0,84.23999999999978,1.0173529825638663,1.047127451356641,0,0.0
C-30345,Active,Calder Central,18-29,Other,Private tenancy,2,2023-07-03,,873.4,2023,7,29,5,5,1,6,5129.54,854.9233333333333,689.04,919.15,82.94360485695489,6,1,0,0,0,0,0.0,76.8900000000001,0.9788451263262347,1.0523814975956034,1,0.16666666666666666
C-30346,Active,Calder Central,18-29,English,Social tenancy,2,2022-03-02,,821.11,2022,3,45,2,18,1,6,4738.110000000001,789.6850000000001,583.32,866.95,103.75712423732647,6,1,0,0,0,0,0.0,75.98000000000002,0.9617286356273825,1.0558268685072647,1,0.16666666666666666
C-30347,Active,Ash Hill,45-59,English,No fixed abode,2,2021-09-20,,687.84,2021,9,51,4,10,2,6,3965.04,660.84,564.06,710.99,54.75578617826617,6,1,0,0,0,0,0.0,43.049999999999955,0.9607466852756454,1.0336560828099557,1,0.16666666666666666
C-30348,Active,Ash Hill,45-59,English,Social tenancy,1,2022-06-12,,472.01,2022,6,42,3,4,2,6,2819.8199999999997,469.96999999999997,453.84,482.96,11.933453816896437,6,1,0,0,0,0,0.0,23.189999999999998,0.9956780576682697,1.0231986610453168,1,0.16666666666666666
C-30349,Active,Calder Central,30-44,English,Owner-occupier,1,2023-03-11,,709.46,2023,3,33,3,12,1,6,3908.02,651.3366666666667,515.72,750.97,87.53147449156029,6,1,0,0,0,0,0.0,41.50999999999999,0.918073840197709,1.0585092887548275,1,0.16666666666666666
C-30350,Suspended,Calder Central,60-74,English,Resident with family,5,2023-03-01,,851.49,2023,3,33,5,3,2,6,5155.46,859.2433333333333,816.08,886.5,31.404591171780368,6,1,0,0,0,0,0.0,108.7299999999999,1.0091056070339446,1.041116161082338,2,0.3333333333333333
C-30351,Active,Calder Central,45-59,Other,Social tenancy,3,2022-09-28,,1020.5,2022,9,39,9,7,3,6,5809.41,968.235,778.25,1036.92,95.66826114234547,6,1,0,0,0,0,0.0,16.420000000000073,0.9487849093581578,1.0160901518863303,3,0.5
C-30352,Active,Northgate,45-59,English,Social tenancy,1,2022-03-03,,532.21,2022,3,45,1,12,0,6,3109.13,518.1883333333334,502.05,553.27,20.89297338022201,6,1,0,0,0,0,0.0,22.079999999999927,0.9736538834921052,1.0395708460945867,0,0.0
C-30353,Active,Calder Central,60-74,English,Private tenancy,5,2025-05-16,,1444.07,2025,5,7,0,3,0,6,8465.03,1410.8383333333334,1168.38,1496.38,128.2909495508809,6,1,0,0,0,0,0.0,153.74000000000024,0.976987495989345,1.0362240057614938,0,0.0
C-30354,Active,Weybridge,75+,English,No fixed abode,4,2021-09-07,,879.17,2021,9,51,1,8,0,6,5335.78,889.2966666666666,829.09,925.65,38.72806768568073,6,1,0,0,0,0,0.0,136.9100000000002,1.0115184397405128,1.0528680459979298,0,0.0
C-30355,Active,Calder Central,18-29,Spanish,Owner-occupier,2,2022-05-21,,642.33,2022,5,43,2,14,2,6,3749.79,624.965,563.98,671.78,36.50396896229228,6,1,0,0,0,0,0.0,33.87999999999988,0.9729656095776313,1.0458487070508928,3,0.5
C-30356,Active,Calder Central,30-44,English,Resident with family,3,2023-10-29,,1129.02,2023,10,26,0,7,1,6,6681.76,1113.6266666666668,1077.02,1161.53,38.92694936244904,6,1,0,0,0,0,0.0,64.0,0.9863657567329779,1.0287948840587413,1,0.16666666666666666
C-30357,Active,Northgate,60-74,Other,Owner-occupier,1,2024-04-16,,621.94,2024,4,20,4,18,3,6,3631.13,605.1883333333334,483.21,654.66,64.06171443746001,6,1,0,0,0,0,0.0,74.64999999999975,0.9730654618344748,1.0526095764864776,1,0.16666666666666666
C-30358,Active,Calder Central,30-44,English,Owner-occupier,1,2021-05-20,,746.93,2021,5,55,3,15,0,6,4256.74,709.4566666666666,585.15,784.89,67.23091957326379,6,1,0,0,0,0,0.0,37.960000000000036,0.9498301938155741,1.050821362108899,0,0.0
C-30359,Active,Calder Central,60-74,English,Social tenancy,3,2021-09-30,,1118.52,2021,9,51,4,21,1,6,6399.32,1066.5533333333333,981.92,1149.62,65.58105021015338,6,1,0,0,0,0,0.0,31.09999999999991,0.953539796636031,1.0278045989343059,1,0.16666666666666666
C-30360,Active,Northgate,18-29,English,Private tenancy,1,2021-09-24,,446.88,2021,9,51,3,8,1,6,2700.31,450.0516666666667,425.37,470.72,19.135665566336247,6,1,0,0,0,0,0.0,60.10000000000002,1.0070973564864543,1.0533476548514142,3,0.5
C-30361,Active,Ash Hill,45-59,Other,Private tenancy,1,2024-09-20,,609.78,2024,9,15,4,5,1,6,3696.27,616.045,590.04,635.99,19.925688695751493,6,1,0,0,0,0,0.0,73.0200000000001,1.0102741972514677,1.042982715077569,2,0.3333333333333333
C-30362,Active,Weybridge,45-59,English,Private tenancy,1,2023-11-27,,534.8,2023,11,25,1,21,0,6,3208.7999999999997,534.8,534.8,534.8,0.0,6,1,0,0,0,0,0.0,0.0,1.0,1.0,0,0.0
C-30363,Active,Northgate,18-29,English,Resident with family,4,2023-12-05,,965.46,2023,12,24,2,18,1,6,5764.27,960.7116666666667,798.94,1009.85,80.81239543947862,6,1,0,0,0,0,0.0,138.02999999999975,0.9950817917538445,1.0459780829863485,3,0.5
C-30364,Active,Calder Central,18-29,English,Owner-occupier,2,2023-01-24,,912.71,2023,1,35,2,11,0,6,5344.1900000000005,890.6983333333334,713.73,966.71,91.88223602343746,6,1,0,0,0,0,0.0,110.82999999999993,0.9758831757440296,1.0591644662598196,0,0.0
C-30365,Active,Calder Central,45-59,English,Private tenancy,4,2025-07-07,,1150.34,2025,7,5,1,19,2,6,6698.889999999999,1116.4816666666666,1002.98,1214.34,73.06757130674771,6,1,0,0,0,0,0.0,88.26999999999998,0.9705666730415935,1.0556357250899735,2,0.3333333333333333
C-30366,Active,Northgate,60-74,English,Resident with family,2,2021-12-09,,530.51,2021,12,48,1,21,1,6,3064.4700000000003,510.74500000000006,417.91,552.62,47.93311955214263,6,1,0,0,0,0,0.0,31.379999999999995,0.9627433978624342,1.0416768769674465,2,0.3333333333333333
C-30367,Active,Weybridge,30-44,English,Resident with family,4,2023-02-12,,1169.5,2023,2,34,1,13,0,6,7102.620000000001,1183.7700000000002,1145.92,1224.68,25.727299119806556,6,1,0,0,0,0,0.0,109.20000000000027,1.012201795639162,1.0471825566481403,0,0.0
C-30368,Active,Northgate,45-59,English,No fixed abode,3,2024-11-23,,1082.51,2024,11,13,2,15,0,6,6558.85,1093.1416666666667,1032.46,1128.78,35.67668617832474,6,1,0,0,0,0,0.0,124.31000000000017,1.009821310349712,1.0427432541038881,0,0.0
C-30369,Active,Weybridge,45-59,Other,Owner-occupier,2,2025-07-03,,803.64,2025,7,5,3,19,1,6,4882.8099999999995,813.8016666666666,775.03,849.03,33.014273529288296,6,1,0,0,0,0,0.0,117.43000000000006,1.012644550627976,1.0564805136628341,1,0.16666666666666666
C-30370,Active,Weybridge,18-29,English,No fixed abode,3,2024-01-16,,685.36,2024,1,23,1,5,0,6,4084.17,680.695,644.85,703.49,26.04031701035913,6,1,0,0,0,0,0.0,47.32000000000005,0.993193358235088,1.0264532508462705,0,0.0
C-30371,Active,Calder Central,60-74,English,Owner-occupier,3,2021-02-19,,702.25,2021,2,58,3,11,0,6,4213.0599999999995,702.1766666666666,670.27,734.59,30.052141798325568,6,1,0,0,0,0,0.0,79.15999999999997,0.9998955737510383,1.046051975792097,0,0.0
C-30372,Active,Weybridge,60-74,Other,Social tenancy,3,2022-10-29,,741.3,2022,10,38,7,16,1,6,4420.42,736.7366666666667,719.72,770.78,18.426726965651433,6,1,0,0,0,0,0.0,30.190000000000055,0.9938441476685104,1.03976797517874,1,0.16666666666666666
C-30373,Active,Ash Hill,45-59,Other,Social tenancy,2,2025-01-13,,585.55,2025,1,11,5,15,0,6,3277.95,546.3249999999999,408.56,619.22,92.29122769797786,6,1,0,0,0,0,0.0,79.23000000000013,0.9330116984032107,1.0575014943215781,0,0.0
C-30374,Active,Ash Hill,18-29,English,Owner-occupier,3,2021-04-11,,619.97,2021,4,56,1,11,1,6,3564.32,594.0533333333334,469.49,647.08,64.35943618978234,6,1,0,0,0,0,0.0,40.549999999999955,0.9581969020006343,1.0437279223188218,2,0.3333333333333333
C-30375,Active,Ash Hill,18-29,English,Owner-occupier,6,2023-01-21,,1023.44,2023,1,35,1,22,1,6,5842.11,973.685,859.0,1047.87,63.291440732534994,6,1,0,0,0,0,0.0,24.429999999999836,0.9513845462362229,1.023870476041585,0,0.0
C-30376,Active,Northgate,60-74,English,Owner-occupier,5,2023-12-13,,1236.7,2023,12,24,3,1,1,6,6771.12,1128.52,969.72,1272.55,127.56876263411817,6,1,0,0,0,0,0.0,35.84999999999991,0.9125252688606776,1.0289884369693538,0,0.0
C-30377,Active,Northgate,18-29,English,Owner-occupier,3,2021-05-27,,770.74,2021,5,55,1,22,0,6,4473.54,745.59,607.41,807.68,74.1408694311039,6,1,0,0,0,0,0.0,77.56999999999982,0.9673690219788774,1.0479279653320186,0,0.0
C-30378,Active,Calder Central,30-44,English,Owner-occupier,1,2022-06-14,,509.46,2022,6,42,2,14,1,6,3060.92,510.15333333333336,492.62,521.5,11.363162705280008,6,1,0,0,0,0,0.0,29.839999999999975,1.001360918096285,1.0236328661720253,1,0.16666666666666666
C-30379,Active,Calder Central,75+,Other,Owner-occupier,2,2024-02-15,,611.54,2024,2,22,4,12,2,6,3498.28,583.0466666666667,472.72,629.09,57.27090558622821,6,1,0,0,0,0,0.0,25.020000000000095,0.9534072450970773,1.0286980410112176,0,0.0
C-30380,Active,Ash Hill,45-59,English,Owner-occupier,2,2023-07-07,,542.03,2023,7,29,1,21,0,6,3215.51,535.9183333333334,460.96,565.32,39.02696730040225,6,1,0,0,0,0,0.0,57.69000000000017,0.9887244863445442,1.042968101396602,0,0.0
C-30381,Active,Ash Hill,45-59,English,Social tenancy,6,2025-01-11,,1100.93,2025,1,11,0,3,1,6,6449.33,1074.8883333333333,935.42,1161.66,74.83343141047774,6,1,0,0,0,0,0.0,60.73000000000002,0.9763457561637282,1.0551624535619886,1,0.16666666666666666
C-30382,Active,Northgate,75+,English,Private tenancy,1,2021-12-15,,510.11,2021,12,48,3,8,3,6,2656.3,442.7166666666667,359.14,516.47,65.8778398755353,6,1,0,0,0,0,0.0,6.360000000000014,0.867884704606196,1.0124678990805904,1,0.16666666666666666
C-30383,Active,Calder Central,60-74,English,Social tenancy,2,2022-06-24,,912.41,2022,6,42,1,15,1,6,5474.7699999999995,912.4616666666666,865.55,965.31,41.92948290483282,6,1,0,0,0,0,0.0,106.11000000000001,1.0000566265896544,1.0579783211494833,0,0.0
C-30384,Active,Weybridge,30-44,English,Private tenancy,2,2024-02-05,,756.56,2024,2,22,0,8,1,6,4584.55,764.0916666666667,722.36,799.79,35.03127141093601,6,1,0,0,0,0,0.0,115.30000000000018,1.0099551478622537,1.0571402135983927,1,0.16666666666666666
C-30385,Active,Northgate,45-59,English,No fixed abode,1,2024-06-05,,756.25,2024,6,18,2,14,0,6,4360.11,726.685,612.53,795.23,60.99864613251676,6,1,0,0,0,0,0.0,38.98000000000002,0.960905785123967,1.0515438016528926,0,0.0
C-30386,Active,Weybridge,18-29,English,Owner-occupier,1,2025-07-09,,516.73,2025,7,5,4,3,2,6,2963.34,493.89000000000004,421.7,539.97,44.52833569762068,6,1,0,0,0,0,0.0,34.680000000000064,0.9557989665782903,1.0449751320805838,2,0.3333333333333333
C-30387,Closed,Weybridge,30-44,Other,Social tenancy,5,2021-05-07,2025-09,1116.54,2021,5,55,3,20,6,6,6624.8,1104.1333333333334,1063.49,1147.44,31.67412045608644,6,1,0,0,3,1,3343.0700000000006,46.50000000000023,0.9888882918062348,1.0276747810199367,0,0.0
C-30388,Active,Ash Hill,18-29,English,Owner-occupier,2,2025-07-18,,515.24,2025,7,5,0,6,0,6,3162.78,527.13,518.25,536.94,9.036089862324308,6,1,0,0,0,0,0.0,71.34000000000003,1.0230766244856766,1.0421162953186864,0,0.0
C-30389,Active,Weybridge,60-74,English,Private tenancy,3,2023-11-18,,955.87,2023,11,25,0,21,1,6,5716.2,952.6999999999999,902.55,1001.55,38.45702380580174,6,1,0,0,0,0,0.0,87.96000000000004,0.996683649450239,1.047788925272265,3,0.5
C-30390,Active,Weybridge,30-44,English,Private tenancy,3,2022-11-29,,965.73,2022,11,37,2,13,0,6,5543.46,923.91,764.83,1022.63,117.18028759138626,6,1,0,0,0,0,0.0,133.15999999999997,0.95669597092355,1.058919159599474,0,0.0
C-30391,Active,Weybridge,60-74,Spanish,Owner-occupier,2,2023-12-06,,749.76,2023,12,24,5,1,1,6,4392.62,732.1033333333334,715.53,769.79,19.43813948572926,6,1,0,0,0,0,0.0,20.029999999999973,0.9764502418551716,1.026715215535638,0,0.0
C-30392,Active,Northgate,30-44,English,Private tenancy,2,2023-09-07,,833.7,2023,9,27,4,1,0,6,4934.68,822.4466666666667,721.67,874.14,58.701346037945896,6,1,0,0,0,0,0.0,99.58999999999992,0.9865019391467754,1.0485066570708887,0,0.0
C-30393,Active,Weybridge,18-29,English,Social tenancy,1,2021-11-10,,402.12,2021,11,49,2,2,0,6,2459.04,409.84,381.42,425.68,16.68178287833768,6,1,0,0,0,0,0.0,70.45000000000005,1.0191982492788223,1.0585894757783747,0,0.0
C-30394,Active,Weybridge,60-74,English,Private tenancy,5,2024-02-17,,990.43,2024,2,22,0,17,2,6,5957.86,992.9766666666666,945.31,1040.52,35.481037001004715,6,1,0,0,0,0,0.0,92.48000000000013,1.0025712737565164,1.050573993114102,0,0.0
C-30395,Active,Northgate,18-29,English,Resident with family,1,2024-12-02,,511.26,2024,12,12,3,10,0,6,3069.56,511.5933333333333,486.21,540.43,24.715772022469114,6,1,0,0,0,0,0.0,64.32000000000005,1.0006519839872732,1.057055118726284,0,0.0
C-30396,Active,Northgate,18-29,English,Owner-occupier,1,2023-09-25,,741.26,2023,9,27,1,20,2,6,4382.68,730.4466666666667,698.56,785.37,36.78266203888277,6,1,0,0,0,0,0.0,68.19000000000005,0.9854122260295534,1.0595067857431941,3,0.5
C-30397,Active,Weybridge,30-44,English,Social tenancy,5,2023-10-21,,1188.4,2023,10,26,1,18,1,6,7100.19,1183.365,1057.32,1252.51,71.63813698024259,6,1,0,0,0,0,0.0,143.7899999999995,0.9957632110400537,1.053946482665769,2,0.3333333333333333
C-30398,Active,Northgate,60-74,English,Private tenancy,3,2022-08-20,,1108.47,2022,8,40,0,18,1,6,6788.76,1131.46,1097.13,1171.78,26.255348407514926,6,1,0,0,0,0,0.0,149.27999999999997,1.020740299692369,1.057114761788772,2,0.3333333333333333
C-30399,Active,Ash Hill,30-44,English,Owner-occupier,3,2022-12-12,,623.56,2022,12,36,0,4,3,6,3666.9,611.15,495.2,654.86,60.556309002448316,6,1,0,0,0,0,0.0,82.83000000000015,0.9800981461286806,1.050195650779396,4,0.6666666666666666
C-30400,Active,Ash Hill,45-59,English,Owner-occupier,2,2023-02-25,,567.34,2023,2,34,5,1,0,6,3401.34,566.89,538.14,589.33,23.584999470002142,6,1,0,0,0,0,0.0,58.85000000000002,0.9992068248316706,1.0387598265590299,0,0.0
C-30401,Active,Ash Hill,45-59,English,Owner-occupier,3,2025-02-26,,864.14,2025,2,10,1,7,0,6,5244.2,874.0333333333333,854.33,894.39,15.618646121436575,6,1,0,0,0,0,0.0,75.68000000000006,1.0114487621604524,1.0350059018214641,0,0.0
C-30402,Active,Ash Hill,30-44,English,No fixed abode,3,2023-05-10,,682.6,2023,5,31,0,12,1,6,3655.2799999999997,609.2133333333333,485.45,660.74,68.4752234510167,6,1,0,0,0,0,0.0,0.0,0.892489500927825,0.967975388221506,2,0.3333333333333333
C-30403,Active,Weybridge,60-74,English,Social tenancy,1,2024-04-30,,761.25,2024,4,20,2,10,2,6,4534.44,755.7399999999999,718.08,793.93,32.97110613855712,6,1,0,0,0,0,0.0,65.07999999999993,0.9927619047619047,1.0429293924466339,0,0.0
C-30404,Active,Calder Central,30-44,English,No fixed abode,4,2025-02-10,,1171.58,2025,2,10,2,13,1,6,7045.389999999999,1174.2316666666666,1125.43,1240.48,47.44089224146895,6,1,0,0,0,0,0.0,123.80000000000018,1.0022633253099802,1.0588094709708258,1,0.16666666666666666
C-30405,Active,Calder Central,18-29,English,Owner-occupier,2,2023-04-01,,984.18,2023,4,32,1,18,1,6,5794.04,965.6733333333333,814.57,1021.49,77.19128154569442,6,1,0,0,0,0,0.0,83.82000000000028,0.9811958517073435,1.037909731959601,1,0.16666666666666666
C-30406,Active,Northgate,45-59,English,Social tenancy,1,2025-01-15,,584.17,2025,1,11,3,15,0,6,3469.79,578.2983333333333,556.97,597.32,15.367450558458511,6,1,0,0,0,0,0.0,20.820000000000164,0.9899487021472061,1.0225105705530926,0,0.0
C-30407,Active,Calder Central,18-29,English,Owner-occupier,5,2025-08-19,,1098.62,2025,8,4,0,4,0,6,6516.610000000001,1086.1016666666667,938.78,1163.21,84.71583781481871,6,1,0,0,0,0,0.0,150.31000000000063,0.98860540192848,1.0587919389779907,0,0.0
C-30408,Active,Calder Central,30-44,Spanish,Private tenancy,2,2021-03-04,,988.12,2021,3,57,4,12,1,6,5782.700000000001,963.7833333333334,824.57,1030.38,74.46680996703611,6,1,0,0,0,0,0.0,76.36000000000013,0.9753707376971757,1.0427680848479943,3,0.5
C-30409,Active,Calder Central,75+,Other,No fixed abode,4,2023-09-06,,956.66,2023,9,27,5,10,2,6,5741.97,956.995,921.11,988.12,28.631133927946298,6,1,0,0,0,0,0.0,75.40000000000009,1.0003501766562835,1.0328852465870844,2,0.3333333333333333
C-30410,Active,Weybridge,45-59,Other,Owner-occupier,4,2021-12-30,,1076.5,2021,12,48,6,7,2,6,6183.43,1030.5716666666667,830.63,1127.76,104.50688004464911,6,1,0,0,0,0,0.0,57.15000000000009,0.9573355008515251,1.0476172782164421,3,0.5
C-30411,Active,Northgate,60-74,English,Social tenancy,2,2023-02-01,,665.01,2023,2,34,2,14,0,6,3792.27,632.045,557.11,683.29,41.502355475322105,6,1,0,0,0,0,0.0,18.279999999999973,0.9504293168523782,1.0274883084464894,0,0.0
C-30412,Active,Weybridge,45-59,English,Owner-occupier,2,2022-02-21,,871.53,2022,2,46,4,18,0,6,5194.26,865.71,837.97,914.77,30.94319569792363,6,1,0,0,0,0,0.0,64.19000000000005,0.9933220887404909,1.0496138973988274,0,0.0
C-30413,Active,Calder Central,45-59,English,Resident with family,1,2021-12-21,,508.19,2021,12,48,0,13,1,6,3058.89,509.815,477.77,531.95,19.118914979673946,6,1,0,0,0,0,0.0,48.520000000000095,1.0031976229363033,1.046754166748657,0,0.0
C-30414,Active,Weybridge,60-74,Other,No fixed abode,2,2022-08-04,,552.11,2022,8,40,4,9,2,6,3380.5299999999997,563.4216666666666,542.91,584.55,15.682523287617496,6,1,0,0,0,0,0.0,77.06999999999982,1.020488066991481,1.058756407237688,0,0.0
C-30415,Active,Ash Hill,30-44,English,Owner-occupier,4,2023-04-06,,1194.27,2023,4,32,3,10,0,6,7203.280000000001,1200.5466666666669,1162.72,1261.24,39.0557343634282,6,1,0,0,0,0,0.0,113.36000000000013,1.0052556512904676,1.0560760966950522,0,0.0
C-30416,Active,Weybridge,30-44,Spanish,No fixed abode,2,2021-01-02,,919.91,2021,1,59,2,23,1,6,5512.71,918.785,874.63,959.14,36.02292978090485,6,1,0,0,0,0,0.0,87.0200000000001,0.9987770542770488,1.042645476187888,2,0.3333333333333333
C-30417,Active,Weybridge,45-59,English,No fixed abode,1,2021-07-20,,467.65,2021,7,53,2,10,0,6,2452.37,408.7283333333333,341.38,475.36,61.77178366104276,6,1,0,0,0,0,0.0,7.710000000000036,0.8740047756513062,1.0164866887629638,0,0.0
C-30418,Active,Northgate,75+,English,Owner-occupier,4,2021-09-04,,859.76,2021,9,51,0,20,0,6,5002.53,833.755,723.0,902.22,62.993538001925266,6,1,0,0,0,0,0.0,65.24000000000001,0.9697531869358892,1.0493858751279428,0,0.0
C-30419,Closed,Northgate,45-59,English,Social tenancy,6,2021-10-02,2025-08,1760.46,2021,10,50,3,12,1,2,3202.6099999999997,1601.3049999999998,1440.53,1762.08,227.3701854905344,2,1,0,0,0,0,0.0,1.6199999999998909,0.90959465139793,1.000920214034968,1,0.5
C-30420,Active,Northgate,60-74,English,Owner-occupier,1,2022-10-10,,538.44,2022,10,38,1,11,0,6,2851.69,475.2816666666667,397.48,557.14,59.279336844018985,6,1,0,0,0,0,0.0,18.699999999999932,0.8827012604313696,1.0347299606269964,0,0.0
C-30421,Suspended,Weybridge,45-59,English,Owner-occupier,2,2023-09-08,,745.8,2023,9,27,2,8,1,6,4432.35,738.725,701.14,786.46,32.83903332925622,6,1,0,0,0,0,0.0,65.86000000000013,0.990513542504693,1.0545186377044786,0,0.0
C-30422,Active,Calder Central,60-74,Spanish,No fixed abode,2,2024-02-09,,574.21,2024,2,22,5,5,3,6,3508.25,584.7083333333334,562.1,605.39,17.438440775099888,6,1,0,0,0,0,0.0,78.83999999999992,1.0182830903908557,1.0543006913846849,2,0.3333333333333333
C-30423,Active,Ash Hill,30-44,Other,Owner-occupier,5,2024-09-04,,887.16,2024,9,15,2,4,1,6,5395.24,899.2066666666666,868.94,934.92,23.295558088757275,6,1,0,0,0,0,0.0,95.31000000000017,1.0135789109818598,1.0538347085080482,3,0.5
C-30424,Active,Calder Central,45-59,English,Social tenancy,1,2022-08-23,,483.44,2022,8,40,1,23,1,6,2693.32,448.8866666666667,336.29,495.13,56.84505595622777,6,1,0,0,0,0,0.0,11.689999999999998,0.9285261183738761,1.024180870428595,2,0.3333333333333333
C-30425,Closed,Northgate,45-59,English,Owner-occupier,2,2021-11-18,2025-09,963.05,2021,11,49,3,12,0,3,2838.08,946.0266666666666,910.97,1012.92,57.95369387134295,3,1,0,0,0,0,0.0,49.870000000000005,0.9823235207587007,1.0517833965007009,0,0.0
C-30426,Active,Northgate,60-74,English,No fixed abode,1,2024-11-17,,411.54,2024,11,13,1,1,0,6,2474.92,412.4866666666667,387.8,423.27,12.581144092119247,6,1,0,0,0,0,0.0,29.419999999999902,1.0023003029272164,1.0285026971861786,0,0.0
C-30427,Closed,Northgate,30-44,English,No fixed abode,3,2021-09-01,2025-08,816.38,2021,9,51,0,21,0,2,1604.8,802.4,787.91,816.89,20.49195451878616,2,1,0,0,0,0,0.0,0.5099999999999909,0.9828756216467822,1.0006247090815552,0,0.0
C-30428,Active,Calder Central,18-29,English,Social tenancy,3,2024-06-06,,1239.65,2024,6,18,2,7,0,6,7558.83,1259.805,1195.46,1309.4,43.59829251243673,6,1,0,0,0,0,0.0,169.11999999999944,1.0162586213850682,1.0562658814988102,0,0.0
C-30429,Suspended,Weybridge,75+,English,Social tenancy,3,2024-03-21,,776.16,2024,3,21,1,20,0,6,4603.69,767.2816666666666,741.91,811.1,27.606435058997885,6,1,0,0,0,0,0.0,41.3900000000001,0.9885612073112074,1.045016491445063,0,0.0
C-30430,Active,Calder Central,45-59,English,Owner-occupier,1,2023-06-14,,439.57,2023,6,30,1,1,1,6,2477.9300000000003,412.9883333333334,331.38,452.72,42.21749799155163,6,1,0,0,0,0,0.0,13.150000000000034,0.93952802359882,1.0299155993357145,1,0.16666666666666666
C-30431,Active,Weybridge,30-44,English,No fixed abode,2,2025-02-04,,939.08,2025,2,10,3,11,1,6,5530.27,921.7116666666667,833.58,984.97,50.830430026379545,6,1,0,0,0,0,0.0,52.3599999999999,0.9815049481052377,1.048866976189462,2,0.3333333333333333
C-30432,Active,Weybridge,30-44,English,No fixed abode,1,2025-04-25,,466.15,2025,4,8,1,0,0,6,2795.03,465.83833333333337,449.81,480.62,11.479552982005277,6,1,0,0,0,0,0.0,26.61000000000007,0.9993314026243342,1.031041510243484,0,0.0
C-30433,Closed,Calder Central,30-44,Spanish,Owner-occupier,2,2023-08-27,2025-09,592.06,2023,8,28,7,20,3,6,3434.05,572.3416666666667,412.43,619.09,79.26190242901485,6,1,0,0,3,1,1802.6100000000001,69.34000000000026,0.9666953799727506,1.0456541566733102,2,0.3333333333333333
C-30434,Active,Ash Hill,60-74,Spanish,No fixed abode,1,2023-11-11,,677.79,2023,11,25,5,8,0,6,3958.2799999999997,659.7133333333333,608.53,705.28,32.70499941395299,6,1,0,0,0,0,0.0,27.49000000000001,0.9733299891313436,1.0405582850145325,0,0.0
C-30435,Active,Calder Central,45-59,English,Resident with family,2,2021-12-14,,876.25,2021,12,48,0,17,0,6,5222.51,870.4183333333334,836.73,922.75,35.12562279400419,6,1,0,0,0,0,0.0,71.65999999999997,0.9933447456015215,1.0530670470756063,0,0.0
C-30436,Closed,Northgate,18-29,English,Private tenancy,3,2024-11-24,2025-10,1103.35,2024,11,13,1,21,1,4,4396.2,1099.05,1041.71,1126.77,39.8871508132632,4,1,0,0,0,0,0.0,45.720000000000255,0.9961027779036571,1.0212262654642679,3,0.75
C-30437,Suspended,Calder Central,60-74,English,Social tenancy,1,2021-05-23,,490.54,2021,5,55,2,5,0,6,3038.73,506.455,479.11,519.65,15.394041379702719,6,1,0,0,0,0,0.0,106.91999999999979,1.0324438374036775,1.0593427651159946,0,0.0
C-30438,Active,Calder Central,45-59,English,Social tenancy,1,2024-12-02,,642.44,2024,12,12,1,21,1,6,3818.8900000000003,636.4816666666667,616.16,660.83,17.93464849576558,6,1,0,0,0,0,0.0,27.84999999999991,0.9907254633376916,1.028625241267667,3,0.5
C-30439,Active,Northgate,45-59,English,Owner-occupier,4,2022-01-24,,1234.91,2022,1,47,1,17,0,6,7176.19,1196.0316666666665,922.55,1292.62,140.76661414080633,6,1,0,0,0,0,0.0,145.51999999999953,0.9685172738634124,1.0467321505210905,0,0.0
C-30440,Active,Calder Central,30-44,English,No fixed abode,4,2024-06-09,,1065.75,2024,6,18,1,18,0,6,6324.87,1054.145,929.64,1127.12,73.61800642505882,6,1,0,0,0,0,0.0,132.75999999999976,0.9891109547267183,1.0575838611306592,0,0.0
C-30441,Active,Weybridge,45-59,English,Private tenancy,4,2022-06-14,,1283.91,2022,6,42,1,17,0,6,7405.59,1234.265,993.0,1354.15,128.2215012780618,6,1,0,0,0,0,0.0,113.96000000000004,0.9613329594753526,1.0547078845090387,0,0.0
C-30442,Active,Northgate,45-59,English,No fixed abode,1,2024-02-20,,566.81,2024,2,22,2,7,1,6,3249.7599999999998,541.6266666666667,424.77,599.0,60.57681987911436,6,1,0,0,0,0,0.0,38.180000000000064,0.9555700616902784,1.0567915174397065,1,0.16666666666666666
C-30443,Suspended,Weybridge,75+,English,No fixed abode,1,2023-01-21,,718.29,2023,1,35,2,12,0,6,4256.94,709.4899999999999,688.06,750.26,24.50379235955118,6,1,0,0,0,0,0.0,41.62000000000012,0.9877486808949033,1.0445084854306756,0,0.0
C-30444,Active,Northgate,45-59,English,Owner-occupier,2,2023-06-12,,776.88,2023,6,30,0,1,3,6,4455.52,742.5866666666667,550.24,815.99,98.917821784887,6,1,0,0,0,0,0.0,81.13999999999999,0.9558576185082209,1.0503423952219133,2,0.3333333333333333
C-30445,Active,Northgate,60-74,Spanish,Resident with family,1,2023-09-01,,661.23,2023,9,27,4,2,0,6,3734.73,622.455,508.55,686.15,65.48184290320485,6,1,0,0,0,0,0.0,42.27999999999997,0.9413592849689215,1.0376873402598188,0,0.0
C-30446,Active,Northgate,75+,English,Resident with family,2,2024-04-20,,688.28,2024,4,20,2,23,1,6,4144.36,690.7266666666666,657.97,722.24,30.510578930375353,6,1,0,0,0,0,0.0,89.12,1.0035547548478332,1.049340384727146,2,0.3333333333333333
C-30447,Active,Weybridge,60-74,English,Social tenancy,2,2023-12-30,,553.73,2023,12,24,3,3,2,6,3072.17,512.0283333333333,410.29,572.29,66.45025941760245,6,1,0,0,0,0,0.0,22.219999999999914,0.924689529794906,1.0335181406100444,2,0.3333333333333333
C-30448,Active,Ash Hill,60-74,English,Social tenancy,1,2023-04-18,,620.41,2023,4,32,1,1,1,6,3653.67,608.945,584.55,625.9,18.507769989925833,6,1,0,0,0,0,0.0,12.220000000000141,0.9815202849728406,1.008848986960236,1,0.16666666666666666
C-30449,Active,Calder Central,60-74,English,Owner-occupier,3,2023-02-06,,618.82,2023,2,34,3,3,0,6,3676.09,612.6816666666667,585.18,647.42,21.31272053649336,6,1,0,0,0,0,0.0,31.78999999999985,0.9900805834760781,1.0462169936330434,0,0.0
C-30450,Active,Northgate,18-29,English,No fixed abode,2,2025-06-19,,894.87,2025,6,6,3,4,0,6,5386.71,897.785,865.55,944.85,28.767833946962366,6,1,0,0,0,0,0.0,73.02999999999997,1.0032574563903136,1.055851687954675,0,0.0
C-30451,Active,Northgate,60-74,Spanish,No fixed abode,5,2023-04-25,,1446.5,2023,4,32,4,9,0,6,8282.2,1380.3666666666668,1094.6,1500.98,145.37455371098022,6,1,0,0,0,0,0.0,65.77999999999997,0.9542804470561125,1.037663325267888,0,0.0
C-30452,Suspended,Northgate,18-29,Other,Resident with family,4,2021-10-28,,1248.9,2021,10,50,7,12,2,6,7001.44,1166.9066666666665,953.72,1258.37,107.50404897801134,6,1,0,0,0,0,0.0,9.4699999999998,0.9343475591854165,1.0075826727520216,1,0.16666666666666666
C-30453,Active,Calder Central,45-59,English,Social tenancy,3,2023-07-27,,700.17,2023,7,29,2,22,1,6,4291.56,715.2600000000001,693.58,736.75,15.579777918827924,6,1,0,0,0,0,0.0,97.13000000000022,1.0215519088221432,1.0522444549180914,2,0.3333333333333333
C-30454,Active,Weybridge,18-29,English,Resident with family,4,2022-01-12,,1172.2,2022,1,47,3,20,0,6,6711.56,1118.5933333333335,822.69,1236.21,151.0251365391426,6,1,0,0,0,0,0.0,109.71000000000004,0.954268327361656,1.0546067224023203,0,0.0
C-30455,Active,Northgate,18-29,English,Private tenancy,3,2025-01-23,,1016.58,2025,1,11,0,16,1,6,5866.13,977.6883333333334,836.56,1022.57,70.7576911485011,6,1,0,0,0,0,0.0,5.990000000000009,0.9617426403562271,1.00589230557359,1,0.16666666666666666
C-30456,Active,Calder Central,45-59,Other,No fixed abode,5,2024-02-27,,967.36,2024,2,22,2,13,0,6,5880.47,980.0783333333334,934.84,1013.34,35.57795351993516,6,1,0,0,0,0,0.0,139.15999999999997,1.0131474666446134,1.0475314257360238,0,0.0
C-30457,Active,Ash Hill,18-29,English,Resident with family,3,2024-06-29,,635.38,2024,6,18,2,11,0,6,3720.0099999999998,620.0016666666667,537.08,662.81,46.20007420628961,6,1,0,0,0,0,0.0,55.319999999999936,0.9757966361337571,1.0431710157700902,0,0.0
C-30458,Active,Northgate,75+,English,Social tenancy,1,2023-05-14,,503.86,2023,5,31,2,22,1,6,2762.31,460.385,374.1,528.96,68.88995739583525,6,1,0,0,0,0,0.0,43.680000000000064,0.9137161116183067,1.0498154249196205,1,0.16666666666666666
C-30459,Active,Northgate,18-29,English,Private tenancy,2,2024-10-05,,1005.37,2024,10,14,4,14,1,6,5833.45,972.2416666666667,795.46,1051.04,93.53954359877251,6,1,0,0,0,0,0.0,87.52999999999997,0.9670486156008898,1.0454260620468085,1,0.16666666666666666
C-30460,Active,Northgate,45-59,Other,Owner-occupier,1,2024-03-31,,627.12,2024,3,21,3,13,1,6,3776.1,629.35,599.41,656.35,22.51384640615639,6,1,0,0,0,0,0.0,61.67000000000007,1.0035559382574308,1.0466098992218396,3,0.5
C-30461,Active,Weybridge,30-44,Spanish,Owner-occupier,2,2024-07-19,,872.57,2024,7,17,7,9,2,6,5162.44,860.4066666666666,849.14,876.88,10.088019957685777,6,1,0,0,0,0,0.0,4.309999999999945,0.9860603351784573,1.0049394317934377,1,0.16666666666666666
C-30462,Active,Ash Hill,45-59,English,Social tenancy,2,2021-11-05,,866.33,2021,11,49,1,15,1,6,5053.66,842.2766666666666,823.58,873.56,23.84299030462968,6,1,0,0,0,0,0.0,12.319999999999823,0.97223536835463,1.0083455496173512,0,0.0
C-30463,Suspended,Northgate,18-29,English,Private tenancy,2,2021-01-12,,501.37,2021,1,59,4,8,1,6,2983.09,497.1816666666667,474.23,516.26,16.49892653073727,6,1,0,0,0,0,0.0,26.92999999999995,0.9916462226831815,1.0296986257654028,1,0.16666666666666666
C-30464,Suspended,Weybridge,45-59,Other,Private tenancy,1,2021-08-02,,381.75,2021,8,52,4,3,1,6,2286.3,381.05,370.53,394.2,8.452900094050571,6,1,0,0,0,0,0.0,16.75,0.998166339227243,1.0326129666011787,1,0.16666666666666666
C-30465,Active,Calder Central,45-59,Other,Social tenancy,3,2024-03-11,,868.7,2024,3,21,3,7,1,6,5193.36,865.56,831.59,920.67,29.642879752142814,6,1,0,0,0,0,0.0,51.969999999999914,0.996385403476459,1.059825025900771,3,0.5
C-30466,Active,Northgate,60-74,English,Social tenancy,2,2024-10-05,,827.71,2024,10,14,2,19,0,6,4836.47,806.0783333333334,655.64,871.89,78.2422682229156,6,1,0,0,0,0,0.0,80.39999999999986,0.9738656453749904,1.0533761824793708,0,0.0
C-30467,Suspended,Ash Hill,18-29,English,No fixed abode,2,2025-08-27,,812.24,2025,8,4,2,11,1,6,4884.13,814.0216666666666,773.42,856.1,37.92721999654954,6,1,0,0,0,0,0.0,105.01999999999998,1.0021935224400014,1.053998818083325,1,0.16666666666666666
C-30468,Active,Calder Central,18-29,English,Private tenancy,1,2025-08-23,,689.36,2025,8,4,3,9,0,6,3857.94,642.99,482.41,722.01,96.08906451828943,6,1,0,0,0,0,0.0,59.149999999999864,0.9327347104560751,1.0473627712661018,0,0.0
C-30469,Active,Calder Central,30-44,English,Private tenancy,2,2021-12-12,,853.09,2021,12,48,2,16,0,6,4817.31,802.8850000000001,657.45,876.83,94.4367322073355,6,1,0,0,0,0,0.0,38.629999999999995,0.9411492339612467,1.027828247898815,0,0.0
C-30470,Active,Weybridge,60-74,English,Social tenancy,1,2025-05-30,,618.48,2025,5,7,2,16,1,6,3728.43,621.405,595.06,647.75,21.355212712590877,6,1,0,0,0,0,0.0,62.51999999999987,1.0047293364377181,1.0473257017203466,0,0.0
C-30471,Active,Calder Central,45-59,English,Resident with family,3,2024-08-10,,934.15,2024,8,16,1,14,1,6,5602.77,933.7950000000001,898.24,974.48,25.25293388895636,6,1,0,0,0,0,0.0,50.40000000000009,0.9996199753786864,1.043172937964995,3,0.5
C-30472,Active,Ash Hill,30-44,Spanish,Social tenancy,1,2021-12-01,,717.38,2021,12,48,3,3,2,6,4307.0599999999995,717.8433333333332,682.85,757.66,24.099231246383468,6,1,0,0,0,0,0.0,47.49000000000001,1.0006458687631845,1.056148763556274,1,0.16666666666666666
C-30473,Active,Weybridge,30-44,English,Owner-occupier,4,2023-11-16,,908.16,2023,11,25,0,5,0,6,5221.29,870.215,669.37,941.31,102.65172550912138,6,1,0,0,0,0,0.0,71.35000000000002,0.9582177149400987,1.0365023784355178,0,0.0
C-30474,Active,Ash Hill,60-74,English,Private tenancy,2,2024-07-09,,969.06,2024,7,17,3,22,1,6,5354.71,892.4516666666667,690.49,1025.02,153.215173584951,6,1,0,0,0,0,0.0,127.69000000000017,0.9209457274747349,1.05774668235197,2,0.3333333333333333
C-30475,Active,Northgate,30-44,English,Resident with family,6,2024-06-10,,1442.0,2024,6,18,2,18,0,6,8416.380000000001,1402.7300000000002,1020.2,1517.13,196.09528581789007,6,1,0,0,0,0,0.0,262.44000000000005,0.9727669902912622,1.0521012482662968,0,0.0
C-30476,Suspended,Northgate,30-44,English,Owner-occupier,1,2021-10-14,,633.91,2021,10,50,1,21,1,6,3871.84,645.3066666666667,634.14,660.99,9.76172867204707,6,1,0,0,0,0,0.0,68.38000000000022,1.017978367065777,1.0427189979650109,2,0.3333333333333333
C-30477,Active,Calder Central,30-44,English,Owner-occupier,2,2021-04-24,,535.41,2021,4,56,0,6,0,6,3170.2999999999997,528.3833333333333,503.8,556.18,17.989847877807797,6,1,0,0,0,0,0.0,25.24000000000001,0.9868761011810264,1.0387927009207896,0,0.0
C-30478,Active,Ash Hill,60-74,English,No fixed abode,3,2024-09-11,,1120.43,2024,9,15,1,7,0,6,6823.030000000001,1137.1716666666669,1087.97,1174.39,38.74407589124651,6,1,0,0,0,0,0.0,161.53999999999996,1.0149421799368694,1.0481600813973206,0,0.0
C-30479,Active,Northgate,18-29,English,Owner-occupier,2,2021-04-06,,791.81,2021,4,56,1,21,0,6,4632.58,772.0966666666667,746.49,811.63,24.88287898669821,6,1,0,0,0,0,0.0,19.82000000000005,0.9751034549534191,1.0250312574986424,0,0.0
C-30480,Active,Ash Hill,45-59,Spanish,Private tenancy,2,2024-05-20,,610.92,2024,5,19,5,21,2,6,3628.06,604.6766666666666,542.45,629.38,35.64555325235767,6,1,0,0,0,0,0.0,61.150000000000205,0.9897804404286431,1.0302167223204348,2,0.3333333333333333
C-30481,Active,Northgate,30-44,English,Social tenancy,4,2025-06-04,,745.95,2025,6,6,2,9,0,6,4519.32,753.2199999999999,719.39,781.92,28.417321478281533,6,1,0,0,0,0,0.0,98.42999999999984,1.0097459615255713,1.0482203901065754,0,0.0
C-30482,Active,Calder Central,60-74,English,Resident with family,1,2023-07-17,,632.82,2023,7,29,4,8,0,6,3788.54,631.4233333333333,606.73,662.9,20.471730426777953,6,1,0,0,0,0,0.0,43.88999999999976,0.9977929479683532,1.047533263803293,0,0.0
C-30483,Active,Northgate,30-44,English,Private tenancy,1,2024-06-02,,547.22,2024,6,18,3,3,0,6,3147.36,524.5600000000001,410.95,578.72,58.46283229539946,6,1,0,0,0,0,0.0,35.89999999999998,0.9585906947845473,1.0575636855378092,0,0.0
C-30484,Active,Weybridge,45-59,Spanish,Social tenancy,2,2021-06-07,,748.57,2021,6,54,2,9,3,6,4260.35,710.0583333333334,543.17,761.84,82.91666887102174,6,1,0,0,0,0,0.0,17.339999999999918,0.9485530188670843,1.0177271330670479,1,0.16666666666666666
C-30485,Active,Calder Central,18-29,English,Private tenancy,2,2024-11-08,,1025.41,2024,11,13,1,12,2,6,5985.9400000000005,997.6566666666668,967.74,1067.7,39.35768218107701,6,1,0,0,0,0,0.0,42.289999999999964,0.9729344034743824,1.041242039769458,3,0.5
C-30486,Active,Northgate,30-44,English,Resident with family,2,2023-02-25,,894.1,2023,2,34,2,17,2,6,5171.72,861.9533333333334,677.49,938.86,95.24390304196204,6,1,0,0,0,0,0.0,77.87,0.9640457816053387,1.0500615143719942,0,0.0
C-30487,Active,Calder Central,30-44,English,Owner-occupier,2,2023-11-11,,859.26,2023,11,25,0,18,1,6,4849.2300000000005,808.205,621.37,890.33,97.59035131610092,6,1,0,0,0,0,0.0,54.950000000000045,0.9405825943253499,1.0361590205525686,1,0.16666666666666666
C-30488,Active,Weybridge,60-74,English,Owner-occupier,1,2022-10-23,,434.58,2022,10,38,2,19,1,6,2563.63,427.2716666666667,391.17,459.14,24.01601250554859,6,1,0,0,0,0,0.0,34.710000000000036,0.9831829966097536,1.0565143356804272,3,0.5
C-30489,Active,Weybridge,60-74,English,No fixed abode,4,2025-08-07,,988.3,2025,8,4,4,6,2,6,5880.44,980.0733333333333,938.49,1032.94,37.57357032099384,6,1,0,0,0,0,0.0,73.1400000000001,0.9916759418530136,1.0451684711120106,2,0.3333333333333333
C-30490,Active,Weybridge,45-59,Spanish,Private tenancy,3,2024-11-22,,882.66,2024,11,13,5,16,3,6,5356.26,892.71,863.08,928.44,22.45454074346656,6,1,0,0,0,0,0.0,79.88000000000011,1.0113860376588948,1.051865950649174,1,0.16666666666666666
C-30491,Active,Northgate,30-44,English,Private tenancy,5,2021-12-15,,874.72,2021,12,48,1,23,1,6,5322.3099999999995,887.0516666666666,859.6,927.17,25.79722653051423,6,1,0,0,0,0,0.0,101.15999999999985,1.0140978446436193,1.0599620449972562,0,0.0
C-30492,Closed,Weybridge,18-29,English,No fixed abode,2,2022-05-09,2025-09,620.58,2022,5,43,4,6,2,6,3568.7799999999997,594.7966666666666,478.7,638.99,58.49592316278688,6,1,0,0,3,1,1688.15,23.999999999999886,0.958452845187835,1.0296657965129394,3,0.5
C-30493,Active,Northgate,30-44,English,Social tenancy,2,2021-12-19,,838.31,2021,12,48,2,16,0,6,4945.48,824.2466666666666,790.09,870.36,28.222604179392572,6,1,0,0,0,0,0.0,32.05000000000007,0.9832241851661876,1.0382316804046237,0,0.0
C-30494,Active,Weybridge,60-74,English,Owner-occupier,5,2023-07-26,,1025.45,2023,7,29,2,8,1,6,5996.93,999.4883333333333,811.8,1078.23,96.45862064464053,6,1,0,0,0,0,0.0,92.18999999999983,0.9746826596453589,1.051470086303574,3,0.5
C-30495,Active,Calder Central,18-29,English,Private tenancy,3,2021-05-12,,782.83,2021,5,55,4,22,2,6,4781.16,796.86,754.3,826.8,28.719801531347652,6,1,0,0,0,0,0.0,117.01999999999987,1.0179221542352745,1.0561680058250194,3,0.5
C-30496,Active,Weybridge,30-44,English,Resident with family,1,2024-08-09,,417.68,2024,8,16,1,1,2,6,2534.4,422.40000000000003,400.85,439.4,15.095537088821967,6,1,0,0,0,0,0.0,50.729999999999905,1.01130051714231,1.0520015322735108,2,0.3333333333333333
C-30497,Active,Ash Hill,45-59,Spanish,Social tenancy,2,2024-03-06,,809.42,2024,3,21,2,17,2,6,4882.37,813.7283333333334,790.81,830.44,14.843727856123849,6,1,0,0,0,0,0.0,50.7800000000002,1.0053227413868366,1.025969212522547,2,0.3333333333333333
C-30498,Active,Northgate,60-74,English,Owner-occupier,3,2022-11-16,,1103.18,2022,11,37,2,8,1,6,6348.53,1058.0883333333334,881.74,1148.99,94.73817782006715,6,1,0,0,0,0,0.0,70.45999999999981,0.9591257395287561,1.0415254083649086,3,0.5
C-30499,Closed,Calder Central,45-59,English,Owner-occupier,4,2022-01-10,2025-08,1201.51,2022,1,47,3,10,1,6,6972.99,1162.165,883.16,1267.26,139.19880857967138,6,1,0,0,4,1,4549.29,94.59000000000015,0.9672537057535934,1.054722807134356,1,0.16666666666666666
C-30500,Active,Calder Central,60-74,English,Owner-occupier,1,2025-05-21,,612.96,2025,5,7,2,23,0,6,3694.91,615.8183333333333,582.48,640.32,24.651026280190983,6,1,0,0,0,0,0.0,69.83999999999992,1.0046631645349342,1.0446358653093188,0,0.0
C-30501,Active,Weybridge,18-29,English,Private tenancy,3,2024-05-21,,1165.5,2024,5,19,1,10,2,6,6764.15,1127.3583333333333,988.69,1192.47,76.38668795455571,6,1,0,0,0,0,0.0,51.25999999999999,0.9672744172744173,1.0231402831402832,3,0.5
C-30502,Active,Northgate,30-44,English,Social tenancy,2,2025-02-27,,527.17,2025,2,10,2,14,0,6,3121.45,520.2416666666667,495.83,543.84,15.989024256241121,6,1,0,0,0,0,0.0,17.240000000000123,0.9868574969491184,1.0316216780165792,0,0.0
C-30503,Active,Calder Central,75+,Other,Owner-occupier,3,2022-06-07,,1228.63,2022,6,42,5,6,1,6,7343.18,1223.8633333333335,1185.76,1296.84,39.440489178846,6,1,0,0,0,0,0.0,68.20999999999981,0.9961203399992945,1.0555171206954086,2,0.3333333333333333
C-30504,Active,Calder Central,30-44,English,Private tenancy,5,2022-07-25,,1037.36,2022,7,41,2,22,0,6,6327.25,1054.5416666666667,981.58,1092.36,42.50040584119942,6,1,0,0,0,0,0.0,168.37000000000035,1.0165628775609883,1.053019202591193,0,0.0
C-30505,Suspended,Ash Hill,18-29,Other,Owner-occupier,4,2023-02-27,,835.05,2023,2,34,4,14,3,6,4831.8099999999995,805.3016666666666,715.81,884.69,55.19837585171025,6,1,0,0,0,0,0.0,49.6400000000001,0.9643753867033911,1.0594455421831028,2,0.3333333333333333
C-30506,Active,Northgate,60-74,English,Social tenancy,3,2023-04-16,,802.11,2023,4,32,1,13,1,6,4756.6900000000005,792.7816666666668,754.27,845.68,36.21110736592663,6,1,0,0,0,0,0.0,63.40999999999997,0.9883702567810734,1.054319233022902,0,0.0
C-30507,Closed,Northgate,30-44,English,No fixed abode,3,2024-09-23,2025-08,928.56,2024,9,15,4,21,3,6,5528.860000000001,921.4766666666668,783.09,980.85,73.92499460038309,6,1,0,0,4,1,3807.3900000000003,132.3100000000003,0.9923717009850378,1.0563130007753943,2,0.3333333333333333
C-30508,Active,Calder Central,75+,English,Private tenancy,2,2021-12-15,,749.8,2021,12,48,3,21,0,6,4111.77,685.2950000000001,514.64,791.13,123.17431172935375,6,1,0,0,0,0,0.0,75.59000000000015,0.9139703921045612,1.0551213656975194,0,0.0
C-30509,Active,Northgate,30-44,English,Private tenancy,1,2021-01-13,,571.87,2021,1,59,1,10,0,6,3388.74,564.79,545.24,588.28,17.814739964422678,6,1,0,0,0,0,0.0,28.68999999999994,0.9876195638868973,1.0286953328553692,0,0.0
C-30510,Active,Northgate,45-59,English,Social tenancy,1,2022-09-30,,697.28,2022,9,39,0,9,1,6,4223.21,703.8683333333333,679.05,731.23,22.83444539870996,6,1,0,0,0,0,0.0,74.0200000000001,1.0094486193972771,1.0486891922900414,2,0.3333333333333333
C-30511,Suspended,Calder Central,45-59,English,Owner-occupier,1,2022-03-10,,658.38,2022,3,45,2,14,2,6,3635.84,605.9733333333334,465.36,693.25,96.88372859601692,6,1,0,0,0,0,0.0,54.610000000000014,0.9204005791994492,1.0529633342446612,1,0.16666666666666666
C-30512,Active,Northgate,60-74,English,Owner-occupier,4,2024-07-26,,825.94,2024,7,17,0,23,1,6,4998.03,833.005,805.95,865.26,21.872302805146035,6,1,0,0,0,0,0.0,70.52999999999975,1.0085538901130833,1.047606363658377,2,0.3333333333333333
C-30513,Active,Northgate,30-44,English,Owner-occupier,4,2022-01-09,,1389.55,2022,1,47,4,2,0,6,8020.64,1336.7733333333333,1143.37,1419.97,100.88886829906794,6,1,0,0,0,0,0.0,52.330000000000155,0.9620188790135896,1.0218919794177972,0,0.0
C-30514,Active,Weybridge,30-44,Spanish,No fixed abode,1,2023-07-05,,583.74,2023,7,29,5,18,2,6,3434.1,572.35,553.25,596.27,19.287181235214206,6,1,0,0,0,0,0.0,24.579999999999927,0.9804878884434851,1.0214650358036113,1,0.16666666666666666
C-30515,Active,Weybridge,30-44,Other,Private tenancy,1,2021-05-14,,752.79,2021,5,55,7,4,1,6,4658.48,776.4133333333333,742.24,794.6,20.96558481575619,6,1,0,0,0,0,0.0,152.2900000000002,1.0313810403078325,1.0555400576522005,2,0.3333333333333333
C-30516,Active,Calder Central,18-29,English,Owner-occupier,3,2023-04-10,,845.08,2023,4,32,2,3,0,6,5110.61,851.7683333333333,816.67,883.08,29.634625299920156,6,1,0,0,0,0,0.0,98.18999999999994,1.0079144380808127,1.04496615705022,0,0.0
C-30517,Active,Calder Central,30-44,Spanish,Owner-occupier,1,2024-01-10,,685.03,2024,1,23,4,12,2,6,4075.49,679.2483333333333,647.73,724.69,30.590138552590236,6,1,0,0,0,0,0.0,63.80000000000007,0.9915599803414935,1.057895274659504,1,0.16666666666666666
C-30518,Active,Ash Hill,30-44,English,Resident with family,1,2025-02-28,,520.72,2025,2,10,3,9,2,6,3124.87,520.8116666666666,492.7,551.35,20.842438836822012,6,1,0,0,0,0,0.0,47.75,1.0001760383059353,1.0588223997541866,1,0.16666666666666666
C-30519,Active,Calder Central,60-74,Other,Resident with family,2,2023-07-11,,749.55,2023,7,29,6,14,0,6,4286.76,714.46,587.51,757.06,64.66503228175179,6,1,0,0,0,0,0.0,10.450000000000045,0.9531852444800214,1.0100193449402974,0,0.0
C-30520,Active,Weybridge,45-59,English,Owner-occupier,4,2024-07-25,,1264.22,2024,7,17,0,8,3,6,7238.19,1206.365,957.91,1319.59,127.00660325353164,6,1,0,0,0,0,0.0,55.36999999999989,0.9542366043884766,1.0437977567195582,1,0.16666666666666666
C-30521,Active,Northgate,75+,English,Private tenancy,2,2023-09-27,,644.48,2023,9,27,2,11,0,6,3861.0299999999997,643.505,608.47,663.05,22.78145364106512,6,1,0,0,0,0,0.0,51.469999999999914,0.9984871524329693,1.0288139275074477,0,0.0
C-30522,Suspended,Northgate,45-59,English,Owner-occupier,4,2025-03-01,,811.82,2025,3,9,0,7,1,6,4872.66,812.11,787.92,859.93,27.24786964149673,6,1,0,0,0,0,0.0,63.339999999999804,1.0003572220442953,1.0592619053484762,0,0.0
C-30523,Active,Weybridge,60-74,Spanish,Social tenancy,2,2021-10-24,,828.39,2021,10,50,6,23,6,6,4970.34,828.39,828.39,828.39,0.0,6,1,0,0,0,0,0.0,0.0,1.0,1.0,2,0.3333333333333333
C-30524,Active,Calder Central,30-44,English,No fixed abode,6,2021-04-10,,1143.1,2021,4,56,4,1,0,6,6830.62,1138.4366666666667,1077.52,1200.97,46.153917132424056,6,1,0,0,0,0,0.0,97.32000000000039,0.9959204502376579,1.0506254920829325,0,0.0
C-30525,Active,Weybridge,45-59,Spanish,Social tenancy,4,2025-03-22,,1307.65,2025,3,9,3,2,2,6,7376.45,1229.4083333333333,1068.92,1303.25,82.20860451720772,6,1,0,0,0,0,0.0,0.0,0.9401662014555372,0.9966351852559935,2,0.3333333333333333
C-30526,Active,Ash Hill,18-29,English,Resident with family,2,2025-06-08,,1001.98,2025,6,6,4,7,0,6,5861.97,976.995,947.02,1040.75,35.66823278493062,6,1,0,0,0,0,0.0,38.76999999999998,0.9750643725423661,1.0386933870935546,0,0.0
C-30527,Active,Calder Central,60-74,English,Social tenancy,3,2023-03-18,,617.75,2023,3,33,1,22,1,6,3555.0299999999997,592.505,457.62,634.13,67.628051798052,6,1,0,0,0,0,0.0,34.02999999999997,0.959133953864832,1.0265155807365438,1,0.16666666666666666
C-30528,Active,Calder Central,45-59,English,Private tenancy,1,2021-07-17,,433.2,2021,7,53,1,22,3,6,2578.2,429.7,366.89,456.54,34.668256950703494,6,1,0,0,0,0,0.0,63.62000000000006,0.9919205909510619,1.0538781163434905,0,0.0
C-30529,Active,Weybridge,45-59,English,Private tenancy,4,2025-03-25,,714.91,2025,3,9,0,12,2,6,4300.59,716.765,680.47,750.0,28.42945075093783,6,1,0,0,0,0,0.0,78.11000000000013,1.0025947322040538,1.049083101369403,1,0.16666666666666666
C-30530,Active,Weybridge,45-59,English,Owner-occupier,2,2024-04-08,,755.66,2024,4,20,3,18,2,6,4347.650000000001,724.6083333333335,682.2,749.48,25.08433169663219,6,1,0,0,0,0,0.0,0.0,0.9589078862627813,0.9918217187624064,0,0.0
C-30531,Active,Northgate,30-44,English,Private tenancy,6,2025-05-22,,929.89,2025,5,7,1,1,0,6,5750.24,958.3733333333333,919.14,983.86,26.242693205284162,6,1,0,0,0,0,0.0,181.64999999999998,1.0306308631486878,1.0580391229070105,0,0.0
C-30532,Active,Northgate,45-59,English,No fixed abode,2,2022-11-22,,778.87,2022,11,37,2,21,1,6,4431.65,738.6083333333332,562.58,795.17,89.537582146642,6,1,0,0,0,0,0.0,43.64999999999998,0.9483075909116199,1.0209277543107322,1,0.16666666666666666
C-30533,Active,Northgate,45-59,Other,Private tenancy,1,2021-09-20,,440.05,2021,9,51,7,4,1,6,2581.26,430.21000000000004,414.98,452.45,12.54826043720801,6,1,0,0,0,0,0.0,12.399999999999977,0.977638904669924,1.028178616066356,2,0.3333333333333333
C-30534,Active,Northgate,60-74,Spanish,Social tenancy,2,2023-04-16,,939.55,2023,4,32,4,0,2,6,5547.3099999999995,924.5516666666666,749.03,985.78,88.53021256422389,6,1,0,0,0,0,0.0,113.3900000000001,0.9840366842282653,1.0492044063647492,1,0.16666666666666666
C-30535,Active,Northgate,30-44,English,Social tenancy,6,2024-05-16,,1526.37,2024,5,19,0,18,0,6,8610.61,1435.1016666666667,1107.27,1616.67,172.6606100321283,6,1,0,0,0,0,0.0,90.30000000000018,0.9402056294782174,1.059159967766662,0,0.0
C-30536,Active,Calder Central,30-44,English,Resident with family,3,2023-05-03,,1037.64,2023,5,31,3,19,1,6,5847.639999999999,974.6066666666666,708.6,1049.23,132.09281035191378,6,1,0,0,0,0,0.0,20.049999999999727,0.9392531770813255,1.0111695771173046,1,0.16666666666666666
C-30537,Active,Weybridge,18-29,English,Private tenancy,1,2022-07-06,,716.06,2022,7,41,3,13,1,6,4109.4800000000005,684.9133333333334,545.99,758.74,72.40207998853808,6,1,0,0,0,0,0.0,42.680000000000064,0.9565027139252763,1.059603943803592,1,0.16666666666666666
C-30538,Active,Weybridge,45-59,English,Resident with family,3,2025-03-11,,604.13,2025,3,9,0,1,0,6,3537.4700000000003,589.5783333333334,486.96,638.1,52.23176061235802,6,1,0,0,0,0,0.0,36.74000000000012,0.9759130209281667,1.056229619452767,0,0.0
C-30539,Suspended,Weybridge,30-44,Spanish,Owner-occupier,1,2025-03-17,,385.13,2025,3,9,5,4,2,6,2316.23,386.03833333333336,372.76,406.74,12.751957366093528,6,1,0,0,0,0,0.0,33.360000000000014,1.0023585109789768,1.0561109235842443,1,0.16666666666666666
C-30540,Active,Ash Hill,30-44,English,Social tenancy,1,2022-02-23,,714.5,2022,2,46,0,16,1,6,4074.89,679.1483333333333,525.8,738.2,78.18700746714039,6,1,0,0,0,0,0.0,35.33000000000004,0.9505225099136925,1.0331700489853044,1,0.16666666666666666
C-30541,Active,Ash Hill,18-29,English,Resident with family,4,2023-10-07,,958.96,2023,10,26,0,21,1,6,5761.05,960.1750000000001,903.77,1014.56,46.03848292461427,6,1,0,0,0,0,0.0,107.2399999999999,1.0012669975807125,1.0579794777675815,2,0.3333333333333333
C-30542,Active,Northgate,60-74,Other,Owner-occupier,2,2022-04-03,,516.38,2022,4,44,5,22,3,6,3001.77,500.295,489.31,531.97,16.197019170205365,6,1,0,0,0,0,0.0,15.590000000000032,0.9688504589643286,1.0301909446531625,2,0.3333333333333333
C-30543,Active,Weybridge,45-59,English,No fixed abode,4,2023-06-03,,1358.76,2023,6,30,2,4,1,6,8167.639999999999,1361.2733333333333,1278.44,1422.99,59.34520997238671,6,1,0,0,0,0,0.0,154.87999999999988,1.0018497257303227,1.0472710412434867,0,0.0
C-30544,Active,Weybridge,45-59,English,No fixed abode,1,2025-03-07,,754.18,2025,3,9,1,8,3,6,4545.93,757.6550000000001,724.45,783.36,20.718948573709042,6,1,0,0,0,0,0.0,59.460000000000264,1.0046076533453554,1.0386910286668967,2,0.3333333333333333
C-30545,Active,Northgate,30-44,English,Resident with family,5,2025-04-21,,1055.23,2025,4,8,0,23,0,6,6299.44,1049.9066666666665,998.56,1102.07,42.65770629870602,6,1,0,0,0,0,0.0,92.00999999999976,0.9949552862093256,1.0443884271675368,0,0.0
C-30546,Suspended,Ash Hill,45-59,English,No fixed abode,3,2025-07-21,,703.26,2025,7,5,3,1,0,6,4044.19,674.0316666666666,661.23,694.71,12.286782193343644,6,1,0,0,0,0,0.0,0.0,0.9584387945662581,0.9878423342718199,0,0.0
C-30547,Active,Weybridge,45-59,English,Social tenancy,4,2025-04-09,,1061.14,2025,4,8,3,14,1,6,6064.88,1010.8133333333334,745.38,1122.48,134.11773807616447,6,1,0,0,0,0,0.0,74.6099999999999,0.9525730189544577,1.0578057560736565,2,0.3333333333333333
C-30548,Active,Northgate,45-59,English,Private tenancy,1,2022-06-17,,527.43,2022,6,42,2,12,1,6,3057.83,509.6383333333333,434.92,545.78,39.1710492158005,6,1,0,0,0,0,0.0,24.950000000000045,0.9662672455744522,1.034791346718996,3,0.5
C-30549,Active,Northgate,45-59,English,Private tenancy,2,2022-02-20,,573.14,2022,2,46,2,2,0,6,3286.29,547.715,463.6,597.44,45.41802098286541,6,1,0,0,0,0,0.0,24.300000000000068,0.9556391108629655,1.042398017936281,0,0.0
C-30550,Active,Weybridge,60-74,English,Social tenancy,1,2021-08-11,,685.79,2021,8,52,1,2,1,6,3959.27,659.8783333333333,563.55,726.55,56.48784237928254,6,1,0,0,0,0,0.0,59.32000000000005,0.9622163247252561,1.0594351040405956,2,0.3333333333333333
C-30551,Active,Weybridge,60-74,English,Private tenancy,3,2024-11-09,,1087.72,2024,11,13,1,1,0,6,6260.48,1043.4133333333332,824.54,1111.4,108.1821552136334,6,1,0,0,0,0,0.0,27.299999999999955,0.9592664778925949,1.021770308535285,0,0.0
C-30552,Active,Ash Hill,30-44,English,Owner-occupier,3,2022-08-05,,1215.51,2022,8,40,3,6,0,6,7244.85,1207.4750000000001,1047.06,1281.74,82.88979955338293,6,1,0,0,0,0,0.0,123.86000000000013,0.9933896060090003,1.054487416804469,0,0.0
C-30553,Active,Calder Central,45-59,English,No fixed abode,3,2021-06-08,,887.41,2021,6,54,1,22,1,6,5017.22,836.2033333333334,677.88,936.45,103.5412166562991,6,1,0,0,0,0,0.0,75.87000000000012,0.9422964957948787,1.055261942056096,4,0.6666666666666666
C-30554,Active,Weybridge,60-74,Spanish,Owner-occupier,4,2024-04-02,,898.33,2024,4,20,6,12,0,6,5027.28,837.88,721.85,892.34,66.33063274234613,6,1,0,0,0,0,0.0,0.0,0.9327084701612992,0.9933320717331048,0,0.0
C-30555,Active,Calder Central,30-44,English,Social tenancy,1,2024-07-05,,652.07,2024,7,17,1,7,1,6,3661.91,610.3183333333333,474.25,659.84,69.01538420284761,6,1,0,0,0,0,0.0,11.229999999999905,0.9359705757561816,1.0119158985998435,2,0.3333333333333333
C-30556,Active,Weybridge,30-44,English,Owner-occupier,2,2022-08-15,,922.03,2022,8,40,1,14,0,6,5426.29,904.3816666666667,867.53,976.88,43.555382866721146,6,1,0,0,0,0,0.0,67.85000000000002,0.9808592634368368,1.059488302983634,0,0.0
C-30557,Active,Weybridge,75+,English,Resident with family,3,2021-09-30,,605.29,2021,9,51,2,17,2,6,3473.05,578.8416666666667,468.74,637.11,57.763900635835405,6,1,0,0,0,0,0.0,34.05000000000007,0.9563046914151344,1.0525698425548085,2,0.3333333333333333
C-30558,Active,Ash Hill,30-44,English,Resident with family,2,2022-10-11,,1028.71,2022,10,38,2,19,0,6,6268.07,1044.6783333333333,1009.25,1067.3,25.470803219895995,6,1,0,0,0,0,0.0,128.62999999999965,1.0155226772689419,1.0375130017206013,0,0.0
C-30559,Active,Ash Hill,30-44,English,Owner-occupier,2,2025-04-25,,811.86,2025,4,8,0,12,1,6,4694.32,782.3866666666667,578.01,858.64,103.42374962583145,6,1,0,0,0,0,0.0,92.62,0.9636965322428334,1.057620772054295,1,0.16666666666666666
C-30560,Active,Weybridge,60-74,English,No fixed abode,4,2024-06-17,,1160.92,2024,6,18,3,17,0,6,6838.58,1139.7633333333333,960.17,1214.3,91.84664102005408,6,1,0,0,0,0,0.0,103.42999999999984,0.9817759478115057,1.0459807738690003,0,0.0
C-30561,Active,Weybridge,18-29,English,Resident with family,3,2021-05-13,,1019.85,2021,5,55,3,15,1,6,6056.0,1009.3333333333334,979.46,1065.88,34.45160876746789,6,1,0,0,0,0,0.0,52.23000000000002,0.989688026016898,1.0451340883463256,1,0.16666666666666666
C-30562,Active,Calder Central,30-44,English,Social tenancy,4,2024-03-03,,1436.0,2024,3,21,1,5,0,6,8134.469999999999,1355.745,1109.37,1512.51,163.60640412282157,6,1,0,0,0,0,0.0,151.54999999999995,0.9441121169916434,1.0532799442896936,0,0.0
C-30563,Active,Calder Central,30-44,Spanish,Private tenancy,3,2023-01-30,,661.48,2023,1,35,1,1,3,6,3851.3,641.8833333333333,550.54,699.08,52.01374459377704,6,1,0,0,0,0,0.0,53.889999999999986,0.970374513716716,1.0568422325693898,1,0.16666666666666666
C-30564,Active,Weybridge,75+,English,Private tenancy,3,2022-05-15,,642.05,2022,5,43,3,9,0,6,3941.09,656.8483333333334,621.2,679.69,23.50665558233808,6,1,0,0,0,0,0.0,116.8000000000003,1.0230485683877166,1.0586247177011139,0,0.0
C-30565,Active,Weybridge,75+,English,Resident with family,4,2022-06-27,,1300.92,2022,6,42,1,17,0,6,7433.11,1238.8516666666667,970.59,1378.33,142.2835965832557,6,1,0,0,0,0,0.0,102.83999999999969,0.9522888929885517,1.0595040432924392,0,0.0
C-30566,Active,Weybridge,45-59,English,No fixed abode,2,2023-06-10,,1012.69,2023,6,30,2,21,1,6,6112.64,1018.7733333333334,888.1,1067.95,67.55489343242775,6,1,0,0,0,0,0.0,162.57999999999993,1.006007103193804,1.0545675379434971,2,0.3333333333333333
C-30567,Active,Ash Hill,60-74,English,Social tenancy,1,2021-04-16,,379.58,2021,4,56,4,14,1,6,2352.7400000000002,392.1233333333334,370.23,401.11,11.767768975751798,6,1,0,0,0,0,0.0,84.61000000000013,1.033045295677679,1.0567205859107436,2,0.3333333333333333
C-30568,Active,Northgate,45-59,English,Owner-occupier,1,2022-10-30,,678.55,2022,10,38,2,7,1,6,4120.6900000000005,686.7816666666668,656.5,717.21,22.38675627835951,6,1,0,0,0,0,0.0,80.33000000000015,1.0121312602854127,1.056974430771498,1,0.16666666666666666
C-30569,Active,Calder Central,30-44,English,Social tenancy,2,2023-03-29,,633.79,2023,3,33,3,2,1,6,3631.17,605.195,445.57,660.87,80.05909211326343,6,1,0,0,0,0,0.0,46.32000000000005,0.9548825320689819,1.0427270862588556,2,0.3333333333333333
C-30570,Active,Calder Central,18-29,English,No fixed abode,1,2025-08-08,,441.22,2025,8,4,3,11,2,6,2577.99,429.66499999999996,372.32,454.85,30.20295531897501,6,1,0,0,0,0,0.0,24.87999999999994,0.9738112506232718,1.0308916186936221,3,0.5
C-30571,Active,Weybridge,75+,English,Owner-occupier,3,2022-04-01,,1226.03,2022,4,44,2,20,0,6,7418.39,1236.3983333333333,1193.92,1290.39,42.6024606879305,6,1,0,0,0,0,0.0,143.95000000000005,1.0084568349333487,1.0524946371622228,0,0.0
C-30572,Active,Calder Central,18-29,Spanish,Resident with family,1,2024-01-17,,583.23,2024,1,23,4,23,2,6,3474.37,579.0616666666666,560.07,602.95,14.20081746473303,6,1,0,0,0,0,0.0,19.799999999999955,0.9928530196777715,1.033811703787528,0,0.0
C-30573,Active,Calder Central,75+,Other,Private tenancy,2,2024-05-16,,793.17,2024,5,19,7,6,2,6,4798.17,799.695,746.93,835.2,31.08583648544787,6,1,0,0,0,0,0.0,91.31000000000017,1.008226483603767,1.0529899012821968,1,0.16666666666666666
C-30574,Active,Northgate,30-44,Spanish,Owner-occupier,3,2021-08-10,,602.92,2021,8,52,5,6,1,6,3603.54,600.59,568.95,630.32,25.25579775021963,6,1,0,0,0,0,0.0,58.88000000000011,0.9961354740264049,1.0454454985736086,0,0.0
C-30575,Active,Weybridge,60-74,English,No fixed abode,1,2021-06-25,,738.94,2021,6,54,0,4,0,6,4337.26,722.8766666666667,697.16,747.09,18.809071924650294,6,1,0,0,0,0,0.0,8.149999999999977,0.9782616540810709,1.0110293122580993,0,0.0
C-30576,Active,Northgate,45-59,English,Private tenancy,3,2021-05-30,,1158.91,2021,5,55,2,20,0,6,7069.72,1178.2866666666666,1094.68,1227.32,57.41929350546436,6,1,0,0,0,0,0.0,220.3399999999997,1.0167197337728267,1.0590296054050787,0,0.0
C-30577,Active,Calder Central,30-44,Other,Resident with family,2,2021-11-12,,714.23,2021,11,49,4,17,2,6,3947.9500000000003,657.9916666666667,550.46,753.82,75.0661125719633,6,1,0,0,0,0,0.0,39.59000000000003,0.9212601916282804,1.055430323565238,3,0.5
C-30578,Active,Calder Central,45-59,Other,Private tenancy,5,2023-05-06,,961.49,2023,5,31,4,13,1,6,5440.49,906.7483333333333,763.64,1004.45,78.32703630718241,6,1,0,0,0,0,0.0,42.960000000000036,0.9430657971828446,1.0446806519048562,2,0.3333333333333333
C-30579,Active,Calder Central,30-44,English,Social tenancy,4,2022-03-30,,1217.48,2022,3,45,1,2,1,6,7320.03,1220.0049999999999,1151.71,1272.2,43.968321664580266,6,1,0,0,0,0,0.0,105.50999999999976,1.0020739560403455,1.0449452968426587,3,0.5
C-30580,Active,Calder Central,30-44,English,Resident with family,2,2021-03-12,,580.83,2021,3,57,3,19,0,6,3454.6600000000003,575.7766666666668,547.72,597.44,19.668171919796393,6,1,0,0,0,0,0.0,33.25,0.9912998065986031,1.028597007730317,0,0.0
C-30581,Active,Ash Hill,18-29,English,No fixed abode,3,2024-06-06,,1000.49,2024,6,18,2,17,2,6,5827.74,971.29,945.09,982.91,14.78281299347318,6,1,0,0,0,0,0.0,0.0,0.9708143009925138,0.9824286099811093,0,0.0
C-30582,Active,Northgate,75+,English,Social tenancy,3,2023-11-13,,893.59,2023,11,25,2,5,0,6,5222.72,870.4533333333334,795.28,897.89,38.17913025026453,6,1,0,0,0,0,0.0,5.489999999999895,0.9741081853348105,1.0048120502691391,0,0.0
C-30583,Active,Ash Hill,75+,English,Private tenancy,2,2021-11-25,,506.8,2021,11,49,3,13,0,6,2997.4,499.56666666666666,435.73,526.69,33.10840658604196,6,1,0,0,0,0,0.0,39.23999999999995,0.9857274401473296,1.0392462509865825,0,0.0
C-30584,Active,Ash Hill,75+,English,Resident with family,4,2021-04-26,,1131.05,2021,4,56,2,1,3,6,6715.0599999999995,1119.1766666666665,1077.81,1177.01,35.603287301408955,6,1,0,0,0,0,0.0,60.00999999999999,0.9895023797945862,1.0406348083639096,1,0.16666666666666666
C-30585,Active,Weybridge,45-59,Other,Resident with family,3,2022-07-24,,721.52,2022,7,41,2,19,0,6,4263.27,710.5450000000001,679.18,748.14,23.93288093815703,6,1,0,0,0,0,0.0,31.690000000000055,0.9847890564364121,1.0368943341833907,0,0.0
C-30586,Active,Calder Central,18-29,English,No fixed abode,1,2024-06-06,,421.3,2024,6,18,1,9,0,6,2541.59,423.59833333333336,398.94,446.17,19.69653514369132,6,1,0,0,0,0,0.0,55.889999999999986,1.005455336656381,1.05903156895324,0,0.0
C-30587,Active,Weybridge,18-29,English,Resident with family,3,2024-12-08,,985.28,2024,12,12,0,8,1,6,6048.4,1008.0666666666666,975.99,1039.76,21.886807594225957,6,1,0,0,0,0,0.0,146.0100000000001,1.0231270975424922,1.0552939265995454,1,0.16666666666666666
C-30588,Suspended,Calder Central,60-74,English,No fixed abode,1,2022-04-28,,427.01,2022,4,44,0,20,1,6,2467.64,411.2733333333333,321.69,451.73,47.01393268666924,6,1,0,0,0,0,0.0,42.700000000000045,0.9631468427749547,1.057890915903609,1,0.16666666666666666
C-30589,Active,Calder Central,60-74,English,No fixed abode,1,2022-06-02,,587.87,2022,6,42,3,12,1,6,3566.2400000000002,594.3733333333333,565.0,617.33,21.467099167485703,6,1,0,0,0,0,0.0,73.95000000000005,1.0110625365018342,1.050113120247674,2,0.3333333333333333
C-30590,Active,Calder Central,18-29,English,No fixed abode,3,2021-05-05,,1226.52,2021,5,55,2,11,0,6,7012.610000000001,1168.7683333333334,1018.31,1251.93,80.73634829905723,6,1,0,0,0,0,0.0,25.410000000000082,0.9529142071334616,1.0207171509637023,0,0.0
C-30591,Active,Northgate,60-74,English,Owner-occupier,4,2024-11-11,,1396.91,2024,11,13,5,8,0,6,8280.83,1380.1383333333333,1342.4,1463.62,44.969120701506505,6,1,0,0,0,0,0.0,66.70999999999981,0.9879937385610621,1.0477554029966138,0,0.0
C-30592,Active,Weybridge,45-59,English,Resident with family,1,2022-12-18,,475.58,2022,12,36,1,22,2,6,2827.13,471.18833333333333,448.66,496.95,21.000028015854333,6,1,0,0,0,0,0.0,40.700000000000045,0.9907656615781432,1.0449346061651037,1,0.16666666666666666
C-30593,Suspended,Calder Central,30-44,English,Social tenancy,4,2023-09-27,,1249.69,2023,9,27,1,17,2,6,7426.99,1237.8316666666667,1197.79,1318.35,47.31540274230653,6,1,0,0,0,0,0.0,91.16999999999985,0.9905109800563873,1.0549416255231296,2,0.3333333333333333
C-30594,Active,Northgate,60-74,English,Social tenancy,3,2023-02-07,,1141.14,2023,2,34,0,1,0,6,6622.719999999999,1103.7866666666666,940.1,1186.82,86.52567333841822,6,1,0,0,0,0,0.0,61.49999999999977,0.9672666514771776,1.040030145293303,0,0.0
C-30595,Active,Weybridge,60-74,English,Social tenancy,1,2021-07-11,,728.24,2021,7,53,0,20,0,6,4419.67,736.6116666666667,698.41,768.65,26.410758729477408,6,1,0,0,0,0,0.0,90.14999999999998,1.0114957523160861,1.0554899483686697,0,0.0
C-30596,Closed,Northgate,60-74,Spanish,No fixed abode,1,2021-12-21,2025-08,670.6,2021,12,48,5,17,2,6,3808.2,634.6999999999999,557.65,673.08,43.309543521030115,6,1,0,0,4,1,2589.42,2.480000000000018,0.9464658514762898,1.0036981807336713,1,0.16666666666666666
C-30597,Active,Calder Central,60-74,English,Social tenancy,1,2021-11-07,,517.52,2021,11,49,5,14,3,6,3105.12,517.52,517.52,517.52,0.0,6,1,0,0,0,0,0.0,0.0,1.0,1.0,0,0.0
C-30598,Active,Northgate,45-59,English,Social tenancy,2,2023-08-06,,975.28,2023,8,28,3,0,1,6,5870.82,978.4699999999999,945.52,1004.3,22.42820456478847,6,1,0,0,0,0,0.0,64.63,1.0032708555491756,1.0297555573783939,1,0.16666666666666666
C-30599,Active,Northgate,30-44,English,Private tenancy,1,2022-02-27,,713.79,2022,2,46,3,1,1,6,4320.610000000001,720.1016666666668,696.48,755.87,21.835036447568974,6,1,0,0,0,0,0.0,69.70000000000016,1.0088424700075187,1.0589529133218454,1,0.16666666666666666
C-30600,Closed,Northgate,18-29,English,Owner-occupier,1,2022-02-06,2025-08,376.35,2022,2,46,3,6,0,6,2256.59,376.09833333333336,361.65,393.96,14.393789517242025,6,1,0,0,4,1,1495.2999999999997,36.1699999999999,0.9993312962224877,1.0467915504184933,0,0.0
C-30601,Active,Calder Central,45-59,English,Owner-occupier,1,2022-02-27,,753.33,2022,2,46,2,18,1,6,4412.12,735.3533333333334,709.18,759.79,18.90024091557211,6,1,0,0,0,0,0.0,6.849999999999909,0.9761370625533741,1.0085752591825627,3,0.5
C-30602,Closed,Northgate,60-74,Spanish,Social tenancy,1,2022-09-02,2025-08,590.94,2022,9,39,4,3,2,2,1019.6700000000001,509.83500000000004,425.95,593.72,118.63130467966708,2,1,0,0,0,0,0.0,2.7799999999999727,0.8627525637120519,1.004704369309913,0,0.0
C-30603,Active,Northgate,45-59,Spanish,Social tenancy,2,2023-08-31,,832.83,2023,8,28,3,15,1,6,5061.37,843.5616666666666,810.08,882.08,25.65632196295228,6,1,0,0,0,0,0.0,91.77999999999997,1.0128857830129399,1.059135717973656,1,0.16666666666666666
C-30604,Active,Weybridge,45-59,Spanish,Owner-occupier,2,2025-05-12,,929.05,2025,5,7,4,22,1,6,5628.18,938.0300000000001,890.14,978.31,37.50054292940303,6,1,0,0,0,0,0.0,129.98000000000013,1.009665787632528,1.0530219040955815,1,0.16666666666666666
C-30605,Active,Weybridge,45-59,English,Resident with family,1,2023-09-10,,754.44,2023,9,27,1,21,2,6,4308.46,718.0766666666667,587.43,783.17,82.67082524486293,6,1,0,0,0,0,0.0,69.11999999999978,0.9518008942615271,1.0380812258098722,1,0.16666666666666666
C-30606,Active,Weybridge,30-44,English,No fixed abode,1,2021-09-15,,579.06,2021,9,51,1,7,0,6,3513.27,585.545,553.6,613.6,19.80106032514419,6,1,0,0,0,0,0.0,66.56000000000017,1.0111991848858495,1.0596483956757505,0,0.0
C-30607,Active,Calder Central,30-44,English,Social tenancy,1,2025-03-08,,564.88,2025,3,9,3,0,0,6,3223.96,537.3266666666667,455.79,597.21,54.51209725067148,6,1,0,0,0,0,0.0,58.30000000000007,0.9512226785629987,1.0572333947033,0,0.0
C-30608,Suspended,Ash Hill,45-59,English,No fixed abode,3,2022-04-27,,761.2,2022,4,44,1,14,1,6,4499.3,749.8833333333333,732.85,790.0,20.60208306620149,6,1,0,0,0,0,0.0,28.799999999999955,0.9851331231389034,1.0378349973725696,3,0.5
C-30609,Active,Weybridge,60-74,English,Social tenancy,2,2024-02-15,,845.92,2024,2,22,0,6,1,6,4925.35,820.8916666666668,636.12,889.35,94.32131072385855,6,1,0,0,0,0,0.0,95.80000000000018,0.9704128838030389,1.0513405522980896,2,0.3333333333333333
C-30610,Active,Northgate,60-74,English,Private tenancy,1,2024-08-30,,672.3,2024,8,16,3,11,0,6,4074.15,679.025,651.57,711.14,25.68421207668243,6,1,0,0,0,0,0.0,83.15000000000009,1.0100029748624126,1.0577718280529527,0,0.0
C-30611,Active,Calder Central,60-74,English,Private tenancy,2,2025-04-30,,945.77,2025,4,8,0,13,1,6,5454.64,909.1066666666667,749.23,999.35,85.1368586845126,6,1,0,0,0,0,0.0,53.58000000000004,0.9612344086476275,1.0566522516045127,0,0.0
C-30612,Active,Weybridge,45-59,English,No fixed abode,3,2023-04-04,,892.63,2023,4,32,2,16,0,6,5029.98,838.3299999999999,652.95,937.42,97.72613140813465,6,1,0,0,0,0,0.0,44.789999999999964,0.9391685244726258,1.0501775651725798,0,0.0
C-30613,Active,Northgate,30-44,English,Social tenancy,3,2022-10-24,,1211.33,2022,10,38,5,19,0,6,7217.76,1202.96,1148.55,1283.77,57.84683016380415,6,1,0,0,0,0,0.0,130.0300000000002,0.9930902396539342,1.0598020357788547,0,0.0
C-30614,Active,Calder Central,45-59,English,No fixed abode,2,2024-01-20,,919.21,2024,1,23,1,16,1,6,5415.27,902.5450000000001,764.05,951.07,70.63768080847505,6,1,0,0,0,0,0.0,78.61999999999989,0.981870301672088,1.034660197343371,1,0.16666666666666666
C-30615,Active,Weybridge,30-44,Other,Private tenancy,5,2025-07-29,,1367.25,2025,7,5,3,22,3,6,8036.01,1339.335,1288.0,1410.54,47.78644357974341,6,1,0,0,0,0,0.0,46.84999999999991,0.9795831047723532,1.0316620954470652,2,0.3333333333333333
C-30616,Suspended,Northgate,18-29,Spanish,Private tenancy,1,2024-07-26,,755.84,2024,7,17,5,13,4,6,4530.69,755.1149999999999,729.41,781.22,20.065415769427748,6,1,0,0,0,0,0.0,47.37999999999988,0.9990408022861982,1.0335785351397122,2,0.3333333333333333
C-30617,Active,Calder Central,45-59,Spanish,Social tenancy,5,2023-06-06,,798.48,2023,6,30,3,8,2,6,4882.87,813.8116666666666,779.1,846.22,23.69675540378191,6,1,0,0,0,0,0.0,111.75999999999999,1.0192010653575128,1.05978859833684,1,0.16666666666666666
C-30618,Active,Calder Central,45-59,English,Owner-occupier,4,2025-07-13,,775.57,2025,7,5,0,23,1,6,4508.42,751.4033333333333,557.83,815.41,95.99076927843977,6,1,0,0,0,0,0.0,78.51999999999975,0.9688401218888473,1.0513686707840684,3,0.5
C-30619,Active,Calder Central,30-44,English,Social tenancy,2,2021-10-11,,584.98,2021,10,50,5,10,0,6,3406.67,567.7783333333333,500.24,605.08,40.27175656296444,6,1,0,0,0,0,0.0,44.42000000000007,0.9705944362770237,1.0343601490649252,0,0.0
C-30620,Closed,Calder Central,45-59,English,Private tenancy,3,2022-05-19,2025-10,918.85,2022,5,43,0,17,1,4,3638.96,909.74,869.21,934.13,28.863743116003963,4,1,0,0,0,0,0.0,22.34999999999991,0.9900854328780541,1.0166294825053055,0,0.0
C-30621,Active,Northgate,60-74,English,Resident with family,2,2021-09-23,,800.35,2021,9,51,2,1,0,6,4741.09,790.1816666666667,754.34,847.87,34.76939540266218,6,1,0,0,0,0,0.0,50.489999999999895,0.9872951417088357,1.0593740238645593,0,0.0
C-30622,Active,Calder Central,75+,Spanish,Owner-occupier,2,2024-10-29,,987.03,2024,10,14,4,18,2,6,5628.29,938.0483333333333,709.03,1023.11,116.14622084539242,6,1,0,0,0,0,0.0,51.430000000000064,0.9503746931028777,1.0365541067647388,1,0.16666666666666666
C-30623,Active,Northgate,75+,Spanish,Resident with family,3,2025-07-27,,725.25,2025,7,5,3,19,1,6,4176.09,696.015,578.69,750.26,62.67810391197229,6,1,0,0,0,0,0.0,45.549999999999955,0.9596897621509823,1.0344846604619096,0,0.0
C-30624,Active,Weybridge,60-74,English,Social tenancy,3,2021-03-21,,861.64,2021,3,57,0,5,0,6,5203.9,867.3166666666666,816.67,900.86,32.657991773326614,6,1,0,0,0,0,0.0,96.63000000000011,1.0065882116274392,1.045517849682002,0,0.0
C-30625,Closed,Calder Central,30-44,English,Private tenancy,2,2025-02-25,2025-09,725.81,2025,2,10,3,2,1,3,2251.94,750.6466666666666,739.64,764.12,12.425012407773831,3,1,0,0,0,0,0.0,74.5100000000001,1.0342192401133448,1.0527824086193358,2,0.6666666666666666
C-30626,Active,Calder Central,45-59,English,Owner-occupier,3,2022-03-18,,778.22,2022,3,45,0,17,1,6,4611.8,768.6333333333333,737.98,806.1,31.4470918634246,6,1,0,0,0,0,0.0,54.32999999999993,0.9876812897809532,1.0358253450181183,2,0.3333333333333333
C-30627,Active,Weybridge,30-44,English,Social tenancy,1,2021-06-28,,430.48,2021,6,54,1,10,0,6,2536.41,422.73499999999996,414.96,431.56,5.434080418985361,6,1,0,0,0,0,0.0,1.079999999999984,0.9820084556773834,1.00250882735551,0,0.0
C-30628,Active,Calder Central,18-29,English,No fixed abode,1,2022-04-24,,607.79,2022,4,44,0,6,0,6,3389.43,564.905,457.65,629.78,72.14365162645981,6,1,0,0,0,0,0.0,36.83000000000004,0.9294410898501128,1.0361802596291483,0,0.0
C-30629,Suspended,Northgate,60-74,English,No fixed abode,2,2024-02-27,,954.99,2024,2,22,1,8,2,6,5756.75,959.4583333333334,924.47,988.22,24.854938677588112,6,1,0,0,0,0,0.0,76.96999999999991,1.0046789320656062,1.0347961758761872,2,0.3333333333333333
C-30630,Active,Calder Central,18-29,English,Social tenancy,6,2021-04-11,,1778.29,2021,4,56,2,21,1,6,10457.26,1742.8766666666668,1680.42,1834.65,53.855437484683684,6,1,0,0,0,0,0.0,56.36000000000013,0.9800857377967973,1.0316933683482448,3,0.5
C-30631,Active,Ash Hill,30-44,English,Private tenancy,3,2022-05-05,,999.98,2022,5,43,2,21,0,6,6039.23,1006.5383333333333,946.86,1046.41,43.40166329378016,6,1,0,0,0,0,0.0,136.15999999999985,1.0065584645026233,1.0464309286185725,0,0.0
C-30632,Active,Ash Hill,60-74,English,Private tenancy,5,2023-11-10,,1386.42,2023,11,25,0,18,0,6,7857.06,1309.51,1085.78,1459.23,146.94697519853887,6,1,0,0,0,0,0.0,90.06999999999994,0.9445261897549083,1.0525165534253689,0,0.0
C-30633,Active,Calder Central,30-44,English,Resident with family,2,2024-12-01,,1003.84,2024,12,12,3,11,1,6,5720.18,953.3633333333333,735.59,1034.53,110.96119351677261,6,1,0,0,0,0,0.0,46.919999999999845,0.9497164222718095,1.0305726012113483,1,0.16666666666666666
C-30634,Active,Calder Central,30-44,Spanish,Resident with family,2,2024-10-11,,635.36,2024,10,14,4,20,2,6,3433.16,572.1933333333333,500.81,649.73,55.6247400593177,6,1,0,0,0,0,0.0,14.370000000000005,0.9005812977419625,1.0226170989675145,2,0.3333333333333333
C-30635,Active,Weybridge,45-59,English,Resident with family,2,2022-04-15,,775.36,2022,4,44,1,17,3,6,4377.81,729.6350000000001,587.6,799.2,74.50142569105641,6,1,0,0,0,0,0.0,23.840000000000032,0.9410273937267849,1.0307470078415188,2,0.3333333333333333
C-30636,Suspended,Northgate,30-44,English,Social tenancy,2,2023-02-01,,709.71,2023,2,34,0,16,0,6,4168.78,694.7966666666666,606.86,749.51,48.10739347196713,6,1,0,0,0,0,0.0,46.94999999999982,0.9789867222762348,1.056079243634724,0,0.0
C-30637,Active,Weybridge,30-44,English,Resident with family,3,2022-06-12,,959.6,2022,6,42,1,8,0,6,5459.76,909.96,691.78,971.51,107.96583755985036,6,1,0,0,0,0,0.0,22.059999999999945,0.9482701125468944,1.012411421425594,0,0.0
C-30638,Closed,Calder Central,45-59,Spanish,Private tenancy,1,2024-09-18,2025-09,691.66,2024,9,15,6,12,1,3,1932.8,644.2666666666667,537.97,708.67,92.7410967874185,3,1,0,0,0,0,0.0,17.00999999999999,0.9314788576275435,1.0245930081253796,1,0.3333333333333333
C-30639,Closed,Calder Central,30-44,English,Resident with family,2,2021-05-16,2025-10,656.97,2021,5,55,2,20,3,6,3598.99,599.8316666666666,531.01,637.43,45.67342615423842,6,1,0,0,2,1,1152.3400000000001,0.0,0.9130274847659202,0.9702573937927149,1,0.16666666666666666
C-30640,Active,Northgate,30-44,English,Private tenancy,6,2022-05-31,,1816.82,2022,5,43,0,8,1,6,10312.69,1718.7816666666668,1408.78,1882.52,168.40084885969745,6,1,0,0,0,0,0.0,103.87000000000012,0.9460384995027943,1.0361620854019662,1,0.16666666666666666
C-30641,Active,Calder Central,30-44,English,No fixed abode,4,2021-12-27,,1228.77,2021,12,48,2,9,0,6,7231.65,1205.2749999999999,1059.43,1300.14,85.44479451669363,6,1,0,0,0,0,0.0,120.63000000000011,0.9808792532369769,1.0580824727166191,0,0.0
C-30642,Active,Northgate,75+,English,Resident with family,5,2022-12-10,,1166.85,2022,12,36,1,6,1,6,6760.35,1126.7250000000001,1001.71,1233.12,105.71003902184502,6,1,0,0,0,0,0.0,144.57000000000016,0.9656125465998201,1.0567939323820543,2,0.3333333333333333
C-30643,Active,Ash Hill,60-74,English,Resident with family,1,2022-08-11,,756.94,2022,8,40,1,13,2,6,4492.68,748.7800000000001,711.93,801.37,30.838027822803447,6,1,0,0,0,0,0.0,44.42999999999995,0.9892197532168995,1.0586968584035723,1,0.16666666666666666
C-30644,Suspended,Ash Hill,45-59,English,Social tenancy,4,2025-01-17,,902.73,2025,1,11,6,13,3,6,11216.56,1869.4266666666665,1692.58,2080.89,167.0256523611467,6,1,0,0,0,0,0.0,5800.18,2.070859134698821,2.305107839553355,3,0.5
C-30645,Active,Ash Hill,45-59,English,Resident with family,4,2023-05-31,,898.63,2023,5,31,4,2,0,6,5196.38,866.0633333333334,728.98,940.63,73.11910274795954,6,1,0,0,0,0,0.0,55.41999999999996,0.963759648947101,1.0467378120027153,0,0.0
C-30646,Suspended,Weybridge,18-29,Spanish,No fixed abode,4,2021-03-03,,891.14,2021,3,57,4,15,1,6,5114.3099999999995,852.3849999999999,753.27,928.02,67.88544873535122,6,1,0,0,0,0,0.0,72.37,0.95651076149651,1.041385192001257,2,0.3333333333333333
C-30647,Active,Weybridge,30-44,English,No fixed abode,1,2023-09-20,,606.89,2023,9,27,1,14,0,6,3437.51,572.9183333333334,514.82,617.9,33.13302969344432,6,1,0,0,0,0,0.0,11.009999999999991,0.9440233540399964,1.0181416731203348,0,0.0
C-30648,Active,Ash Hill,75+,Spanish,Private tenancy,2,2024-05-16,,558.86,2024,5,19,3,12,3,6,3160.32,526.72,400.98,566.97,62.93234970982728,6,1,0,0,0,0,0.0,10.279999999999973,0.9424900690691765,1.0145116845005906,1,0.16666666666666666
C-30649,Active,Weybridge,60-74,English,Social tenancy,1,2023-02-20,,670.74,2023,2,34,2,11,3,6,3982.09,663.6816666666667,632.52,701.55,29.2440861827937,6,1,0,0,0,0,0.0,56.559999999999945,0.9894767967717247,1.045934341175418,1,0.16666666666666666
C-30650,Active,Weybridge,45-59,English,Resident with family,3,2024-01-05,,1219.86,2024,1,23,2,8,3,6,7319.16,1219.86,1219.86,1219.86,0.0,6,1,0,0,0,0,0.0,0.0,1.0,1.0,2,0.3333333333333333
C-30651,Suspended,Ash Hill,30-44,English,No fixed abode,2,2023-10-24,,768.1,2023,10,26,2,14,1,6,4606.75,767.7916666666666,723.09,813.79,29.578083383929144,6,1,0,0,0,0,0.0,58.1099999999999,0.9995985765742308,1.059484442129931,3,0.5
C-30652,Active,Northgate,45-59,Other,Owner-occupier,4,2023-11-14,,1226.13,2023,11,25,4,13,1,6,7266.08,1211.0133333333333,1170.75,1272.18,46.11529883527444,6,1,0,0,0,0,0.0,87.52999999999975,0.9876712366007953,1.0375571921411268,2,0.3333333333333333
C-30653,Active,Calder Central,18-29,English,Private tenancy,5,2023-12-21,,1475.79,2023,12,24,0,17,1,6,8779.18,1463.1966666666667,1391.77,1538.35,58.61893266400083,6,1,0,0,0,0,0.0,107.93000000000006,0.9914667172610376,1.0423908550674554,1,0.16666666666666666
C-30654,Active,Ash Hill,45-59,English,No fixed abode,2,2024-02-17,,519.33,2024,2,22,3,22,0,6,2998.36,499.7266666666667,445.04,533.95,30.92418126105632,6,1,0,0,0,0,0.0,15.43999999999994,0.9622526460375226,1.028151656942599,0,0.0
C-30655,Active,Ash Hill,45-59,English,Owner-occupier,4,2023-02-24,,702.54,2023,2,34,2,16,0,6,4249.61,708.2683333333333,662.54,734.49,25.538326818072232,6,1,0,0,0,0,0.0,77.25000000000011,1.0081537468803674,1.0454778375608507,0,0.0
C-30656,Active,Northgate,45-59,Other,Private tenancy,2,2023-05-27,,758.77,2023,5,31,6,17,2,6,4548.96,758.16,726.37,799.68,27.67622228556489,6,1,0,0,0,0,0.0,64.28999999999996,0.9991960673194775,1.0539162064920857,1,0.16666666666666666
C-30657,Active,Northgate,30-44,English,No fixed abode,2,2025-07-01,,631.85,2025,7,5,1,12,0,6,3907.5,651.25,627.6,669.61,15.541881481982738,6,1,0,0,0,0,0.0,120.64999999999986,1.0307034897523146,1.0597610192292475,0,0.0
C-30658,Closed,Calder Central,75+,English,No fixed abode,2,2021-11-04,2025-11,937.21,2021,11,49,2,8,1,5,4761.18,952.2360000000001,909.87,982.52,31.551669210994202,5,1,0,0,0,0,0.0,107.77999999999986,1.0160326927796333,1.0483456215789417,3,0.6
C-30659,Active,Ash Hill,18-29,Spanish,Owner-occupier,6,2024-07-23,,1850.8,2024,7,17,3,20,0,6,10478.73,1746.455,1309.71,1951.07,227.6161792799449,6,1,0,0,0,0,0.0,142.25,0.9436216771126,1.0541765722930625,0,0.0
C-30660,Active,Calder Central,75+,Other,Social tenancy,1,2025-03-28,,555.9,2025,3,9,3,13,1,6,3385.9300000000003,564.3216666666667,539.15,581.08,16.975869246276243,6,1,0,0,0,0,0.0,72.2800000000002,1.0151496072435091,1.0452959165317504,2,0.3333333333333333
C-30661,Active,Northgate,60-74,English,No fixed abode,1,2025-06-21,,580.93,2025,6,6,3,19,0,6,3243.34,540.5566666666667,444.04,609.82,66.7199210631028,6,1,0,0,0,0,0.0,31.44000000000017,0.9305022406600911,1.0497306043757426,0,0.0
C-30662,Active,Calder Central,45-59,English,Resident with family,3,2024-12-01,,889.04,2024,12,12,0,15,0,6,5280.84,880.14,846.64,918.59,25.541941977852836,6,1,0,0,0,0,0.0,34.760000000000105,0.9899892018356881,1.0332380995230812,0,0.0
C-30663,Active,Weybridge,45-59,English,Resident with family,1,2024-06-19,,590.68,2024,6,18,4,9,2,7,3851.4,550.2,444.01,620.06,75.0165435087488,6,2,1,1,0,0,0.0,53.15000000000009,0.9314688156023567,1.0497392835376176,4,0.5714285714285714
C-30664,Active,Northgate,30-44,English,Social tenancy,5,2024-03-03,,1247.38,2024,3,21,1,2,1,6,7498.27,1249.7116666666668,1175.39,1314.74,56.7429429679733,6,1,0,0,0,0,0.0,147.5899999999997,1.0018692512840246,1.0540011864868764,0,0.0
C-30665,Active,Northgate,30-44,English,Social tenancy,2,2021-02-11,,829.99,2021,2,58,2,23,0,6,4791.82,798.6366666666667,603.16,875.91,102.44381751314556,6,1,0,0,0,0,0.0,108.27999999999997,0.9622244444712185,1.0553259677827442,0,0.0
C-30666,Active,Ash Hill,30-44,English,Private tenancy,1,2022-11-10,,642.98,2022,11,37,3,0,0,6,3563.61,593.9350000000001,456.79,656.77,72.94215345052541,6,1,0,0,0,0,0.0,13.789999999999964,0.9237223552832124,1.0214470123487511,0,0.0
C-30667,Active,Calder Central,60-74,English,Resident with family,1,2023-08-14,,667.71,2023,8,28,2,22,0,6,3955.76,659.2933333333334,629.09,682.56,17.64267062172464,6,1,0,0,0,0,0.0,15.209999999999923,0.9873947272518508,1.0222401940962393,0,0.0
C-30668,Active,Calder Central,45-59,Spanish,Resident with family,1,2024-08-21,,674.04,2024,8,16,4,15,1,6,4108.39,684.7316666666667,670.16,700.84,13.356336947931007,6,1,0,0,0,0,0.0,68.0300000000002,1.0158620655549622,1.0397602516171147,0,0.0
C-30669,Suspended,Northgate,60-74,English,Social tenancy,1,2025-05-26,,535.58,2025,5,7,4,11,0,6,2991.5,498.5833333333333,421.17,536.13,51.09923978560411,6,1,0,0,0,0,0.0,0.5499999999999545,0.9309222400637315,1.0010269240823033,0,0.0
C-30670,Active,Weybridge,60-74,English,No fixed abode,3,2025-07-03,,942.97,2025,7,5,1,6,1,6,5756.58,959.43,943.75,989.89,18.197344861270288,6,1,0,0,0,0,0.0,98.75999999999976,1.0174554863887504,1.049757680520059,1,0.16666666666666666
C-30671,Active,Calder Central,30-44,English,Owner-occupier,4,2022-04-10,,967.87,2022,4,44,2,22,0,6,5850.13,975.0216666666666,928.48,1002.91,28.1893997216448,6,1,0,0,0,0,0.0,91.63999999999999,1.0073890777342687,1.0362032091086613,0,0.0
C-30672,Active,Northgate,18-29,English,Social tenancy,2,2025-03-20,,931.83,2025,3,9,1,3,0,6,5492.0599999999995,915.3433333333332,878.93,946.12,27.468320419469897,6,1,0,0,0,0,0.0,22.209999999999923,0.9823072162662001,1.015335415258148,0,0.0
C-30673,Active,Northgate,75+,English,Resident with family,1,2023-07-28,,714.25,2023,7,29,2,22,0,6,4240.56,706.7600000000001,673.79,756.72,31.131905820235307,6,1,0,0,0,0,0.0,60.04000000000008,0.9895134756737837,1.0594609730486524,0,0.0
C-30674,Active,Calder Central,30-44,English,Owner-occupier,2,2022-07-09,,795.82,2022,7,41,1,8,1,6,4688.69,781.4483333333333,751.42,825.16,24.19137070665213,6,1,0,0,0,0,0.0,29.339999999999918,0.9819410586983656,1.0368676333844336,2,0.3333333333333333
C-30675,Active,Weybridge,18-29,English,Resident with family,1,2023-04-06,,488.86,2023,4,32,3,22,1,6,2933.16,488.85999999999996,488.86,488.86,0.0,6,1,0,0,0,0,0.0,0.0,1.0,1.0,3,0.5
C-30676,Active,Calder Central,30-44,English,Social tenancy,2,2021-01-13,,637.98,2021,1,59,0,16,2,6,3741.02,623.5033333333333,551.53,651.83,37.01121217505135,6,1,0,0,0,0,0.0,26.649999999999977,0.9773085885659948,1.0217091444872881,1,0.16666666666666666
C-30677,Active,Ash Hill,30-44,English,Social tenancy,2,2025-07-04,,787.26,2025,7,5,1,20,1,6,4720.44,786.7399999999999,672.55,832.2,58.20877116036723,6,1,0,0,0,0,0.0,114.04000000000008,0.9993394812387267,1.057084063714656,0,0.0
C-30678,Active,Northgate,60-74,English,No fixed abode,4,2021-07-06,,1191.69,2021,7,53,4,18,1,6,7170.82,1195.1366666666665,1139.23,1250.31,49.028072638710405,6,1,0,0,0,0,0.0,140.23999999999978,1.0028922510608183,1.0491906452181354,1,0.16666666666666666
C-30679,Active,Northgate,18-29,Other,Owner-occupier,4,2022-10-13,,734.34,2022,10,38,6,0,1,6,4309.0,718.1666666666666,695.05,768.69,27.51807163786495,6,1,0,0,0,0,0.0,34.35000000000002,0.9779756879193107,1.0467766974426016,3,0.5
C-30680,Active,Ash Hill,60-74,English,Resident with family,1,2022-11-06,,643.55,2022,11,37,0,1,1,6,3608.93,601.4883333333333,445.89,676.54,80.6390256430884,6,1,0,0,0,0,0.0,32.99000000000001,0.9346411830212623,1.05126252816409,1,0.16666666666666666
C-30681,Active,Weybridge,45-59,English,Social tenancy,2,2022-07-30,,538.04,2022,7,41,4,1,2,6,3183.54,530.59,436.93,567.68,48.220449603876546,6,1,0,0,0,0,0.0,70.71000000000004,0.986153445840458,1.0550888409783659,1,0.16666666666666666
C-30682,Active,Northgate,45-59,English,Social tenancy,2,2021-07-23,,854.44,2021,7,53,3,10,0,6,4996.19,832.6983333333333,662.61,882.94,85.2883948533836,6,1,0,0,0,0,0.0,82.52999999999975,0.9745544840285255,1.0333551800009362,0,0.0
C-30683,Active,Weybridge,45-59,English,Private tenancy,4,2021-09-21,,1278.05,2021,9,51,2,7,0,6,7766.89,1294.4816666666668,1207.99,1344.67,46.66638122531757,6,1,0,0,0,0,0.0,168.65000000000032,1.012856826154428,1.0521262861390401,0,0.0
C-30684,Active,Calder Central,45-59,English,Owner-occupier,2,2024-12-21,,626.7,2024,12,12,2,0,0,6,3766.0,627.6666666666666,594.54,661.33,27.463832701694535,6,1,0,0,0,0,0.0,69.43999999999983,1.0015424711451517,1.0552576990585607,0,0.0
C-30685,Active,Northgate,45-59,English,Owner-occupier,1,2024-01-23,,594.05,2024,1,23,0,23,1,6,3497.12,582.8533333333334,559.65,615.54,22.150252970714963,6,1,0,0,0,0,0.0,23.850000000000023,0.9811519793507841,1.0361754061105968,4,0.6666666666666666
C-30686,Active,Northgate,60-74,Other,Social tenancy,4,2022-03-04,,1371.82,2022,3,45,3,17,3,6,7634.86,1272.4766666666667,1073.75,1400.86,138.017340021704,6,1,0,0,0,0,0.0,35.58999999999992,0.9275828218473755,1.0211689580265633,1,0.16666666666666666
C-30687,Closed,Weybridge,18-29,English,Resident with family,2,2021-09-06,2025-08,640.89,2021,9,51,2,11,0,2,1261.0,630.5,615.05,645.95,21.849599538664382,2,1,0,0,0,0,0.0,5.060000000000059,0.9837881695766825,1.0078952706392674,0,0.0
C-30688,Active,Ash Hill,60-74,English,No fixed abode,5,2021-11-14,,1017.31,2021,11,49,0,21,0,6,5996.96,999.4933333333333,812.73,1074.67,98.03529908490444,6,1,0,0,0,0,0.0,142.47000000000025,0.9824864921541451,1.056383993079789,0,0.0
C-30689,Active,Ash Hill,45-59,English,Resident with family,1,2021-11-05,,689.26,2021,11,49,2,16,1,6,4119.49,686.5816666666666,659.65,729.99,25.691939916375876,6,1,0,0,0,0,0.0,51.54000000000008,0.9961141900975926,1.0590923599222355,2,0.3333333333333333
C-30690,Active,Ash Hill,18-29,English,Owner-occupier,2,2024-12-23,,619.08,2024,12,12,2,9,0,6,3777.48,629.58,602.45,650.48,17.20283465013835,6,1,0,0,0,0,0.0,79.62999999999988,1.0169606512890095,1.0507204238547523,0,0.0
C-30691,Active,Northgate,18-29,Spanish,Owner-occupier,2,2021-11-26,,577.94,2021,11,49,5,7,3,6,3343.76,557.2933333333334,462.61,592.6,48.09118200529767,6,1,0,0,0,0,0.0,23.399999999999864,0.9642754149796403,1.0253659549434198,3,0.5
C-30692,Active,Northgate,60-74,English,Resident with family,2,2023-06-18,,987.12,2023,6,30,1,14,0,6,5888.46,981.41,875.01,1042.06,68.85314517144441,6,1,0,0,0,0,0.0,152.85000000000002,0.9942154955831105,1.0556568603614556,0,0.0
C-30693,Active,Calder Central,30-44,English,Owner-occupier,4,2021-07-15,,1287.97,2021,7,53,1,23,0,6,7435.4400000000005,1239.24,965.46,1317.5,136.6881474013018,6,1,0,0,0,0,0.0,72.84999999999991,0.962165267824561,1.022927552660388,0,0.0
C-30694,Active,Northgate,60-74,English,No fixed abode,3,2024-12-03,,698.36,2024,12,12,1,13,1,6,4018.0099999999998,669.6683333333333,555.65,728.64,59.877917604628394,6,1,0,0,0,0,0.0,35.84999999999991,0.9589156499990453,1.0433587261584283,1,0.16666666666666666
C-30695,Suspended,Northgate,30-44,English,Resident with family,2,2023-12-12,,893.78,2023,12,24,0,18,0,6,5344.34,890.7233333333334,844.98,942.57,36.02461695378132,6,1,0,0,0,0,0.0,75.30000000000018,0.9965800681748679,1.0545883774530647,0,0.0
C-30696,Active,Calder Central,60-74,Spanish,Social tenancy,3,2022-03-11,,831.17,2022,3,45,3,4,2,6,5023.25,837.2083333333334,798.65,865.52,30.876649699516744,6,1,0,0,0,0,0.0,100.55000000000018,1.0072648595754579,1.0413272856335045,1,0.16666666666666666
C-30697,Active,Weybridge,18-29,English,No fixed abode,2,2023-02-28,,822.25,2023,2,34,2,6,1,6,4718.97,786.495,728.06,854.61,40.90347992530711,6,1,0,0,0,0,0.0,32.360000000000014,0.9565156582547888,1.0393554271815142,2,0.3333333333333333
C-30698,Active,Calder Central,75+,English,No fixed abode,3,2025-02-15,,1133.73,2025,2,10,3,8,0,6,6764.19,1127.365,1066.01,1193.78,53.200331107992184,6,1,0,0,0,0,0.0,121.89999999999986,0.9943857885034354,1.0529667557531335,0,0.0
C-30699,Suspended,Weybridge,18-29,Spanish,Social tenancy,1,2024-01-03,,597.01,2024,1,23,4,3,1,6,3668.3,611.3833333333333,595.94,625.56,11.289323569933934,6,1,0,0,0,0,0.0,87.31000000000006,1.024075531956472,1.0478216445285673,0,0.0
C-30700,Active,Ash Hill,18-29,English,No fixed abode,4,2024-12-25,,708.74,2024,12,12,3,4,0,6,4046.44,674.4066666666666,584.73,743.16,60.752811512445,6,1,0,0,0,0,0.0,34.41999999999996,0.9515572236174995,1.0485650591189999,0,0.0
C-30701,Active,Northgate,18-29,English,Social tenancy,1,2023-03-24,,730.26,2023,3,33,0,7,1,6,4162.19,693.6983333333333,529.62,739.64,80.73800850074682,6,1,0,0,0,0,0.0,9.379999999999995,0.9499333570691717,1.0128447402295073,1,0.16666666666666666
C-30702,Active,Northgate,18-29,English,No fixed abode,3,2024-08-01,,829.04,2024,8,16,0,9,0,6,4932.0,822.0,800.75,847.06,16.078457637472585,6,1,0,0,0,0,0.0,19.550000000000068,0.9915082505066101,1.0217359837884783,0,0.0
C-30703,Active,Northgate,18-29,English,Private tenancy,2,2022-05-02,,818.99,2022,5,43,2,11,0,6,4658.52,776.4200000000001,599.58,867.62,93.35292239667702,6,1,0,0,0,0,0.0,63.5,0.9480213433619458,1.05937801438357,0,0.0
C-30704,Active,Ash Hill,45-59,Spanish,Owner-occupier,3,2021-01-31,,730.9,2021,1,59,4,8,0,6,4215.59,702.5983333333334,608.36,761.5,55.693075841316826,6,1,0,0,0,0,0.0,56.270000000000095,0.9612783326492452,1.0418661923655768,0,0.0
C-30705,Active,Weybridge,18-29,Spanish,Owner-occupier,1,2021-10-13,,661.66,2021,10,50,2,16,1,6,3937.6800000000003,656.2800000000001,562.1,701.29,50.06341378691628,6,1,0,0,0,0,0.0,87.12000000000012,0.9918689357071608,1.0598948100232748,2,0.3333333333333333
C-30706,Active,Calder Central,18-29,English,Resident with family,3,2022-09-02,,808.22,2022,9,39,0,7,0,6,4843.64,807.2733333333334,779.23,842.21,25.7932988713477,6,1,0,0,0,0,0.0,62.239999999999895,0.9988287017561225,1.0420553809606294,0,0.0
C-30707,Active,Ash Hill,75+,English,Owner-occupier,4,2025-04-09,,949.27,2025,4,8,3,1,2,6,5437.96,906.3266666666667,767.48,1001.23,76.76402820766158,6,1,0,0,0,0,0.0,51.960000000000036,0.954761729188394,1.0547367977498499,5,0.8333333333333334
C-30708,Active,Northgate,18-29,English,Resident with family,1,2025-02-05,,679.49,2025,2,10,0,3,1,6,4159.36,693.2266666666666,668.31,719.07,25.681593927688134,6,1,0,0,0,0,0.0,111.31000000000006,1.020216142499031,1.0582495695300889,3,0.5
C-30709,Active,Northgate,30-44,English,Private tenancy,6,2023-06-27,,1722.29,2023,6,30,3,9,0,6,10289.37,1714.8950000000002,1638.96,1809.12,62.88000882633524,6,1,0,0,0,0,0.0,124.09000000000015,0.9957062980102074,1.0504154352635153,0,0.0
C-30710,Active,Calder Central,75+,Spanish,No fixed abode,2,2021-11-19,,544.64,2021,11,49,4,0,1,6,3226.1400000000003,537.69,523.13,562.57,15.173748383309908,6,1,0,0,0,0,0.0,22.490000000000123,0.9872392773207991,1.032920828437133,2,0.3333333333333333
C-30711,Closed,Weybridge,30-44,English,Resident with family,1,2021-10-16,2025-07,721.96,2021,10,50,2,11,2,1,727.67,727.67,727.67,727.67,0.0,1,1,0,0,0,0,0.0,5.709999999999923,1.0079090254307717,1.0079090254307717,0,0.0
C-30712,Active,Weybridge,75+,English,No fixed abode,1,2024-07-28,,582.96,2024,7,17,3,17,3,6,3563.96,593.9933333333333,548.13,617.2,24.860939376191475,6,1,0,0,0,0,0.0,101.02999999999997,1.0189263986093957,1.0587347330863182,1,0.16666666666666666
C-30713,Active,Calder Central,60-74,English,Private tenancy,1,2022-11-08,,545.39,2022,11,37,1,15,1,6,3178.42,529.7366666666667,382.38,575.82,73.00767703924475,6,1,0,0,0,0,0.0,69.09000000000015,0.9712988259166225,1.055794935734062,2,0.3333333333333333
C-30714,Active,Calder Central,75+,Other,Owner-occupier,5,2024-01-12,,1347.15,2024,1,23,3,6,1,6,7884.46,1314.0766666666666,976.01,1400.91,166.66895279765413,6,1,0,0,0,0,0.0,172.69999999999982,0.975449405535142,1.0399064692127826,2,0.3333333333333333
C-30715,Closed,Northgate,60-74,English,No fixed abode,4,2022-02-25,2025-10,1238.22,2022,2,46,2,15,0,4,4852.7,1213.175,1182.34,1241.21,28.06759994489496,4,1,0,0,0,0,0.0,2.990000000000009,0.9797733843743438,1.0024147566668282,0,0.0
C-30716,Active,Calder Central,18-29,Other,Social tenancy,2,2023-04-21,,581.39,2023,4,32,4,10,1,6,3523.67,587.2783333333333,560.77,610.95,23.07060243397789,6,1,0,0,0,0,0.0,79.78000000000009,1.0101280265111774,1.0508436677617434,3,0.5
C-30717,Active,Northgate,60-74,English,Private tenancy,4,2023-05-27,,1006.39,2023,5,31,0,1,1,6,5564.74,927.4566666666666,776.06,1030.36,112.99837603552835,6,1,0,0,0,0,0.0,34.26999999999998,0.9215678481171977,1.023817804230964,1,0.16666666666666666
C-30718,Active,Northgate,45-59,English,No fixed abode,1,2024-05-09,,703.66,2024,5,19,0,23,1,6,3827.0,637.8333333333334,488.4,726.71,108.1765957435649,6,1,0,0,0,0,0.0,32.590000000000146,0.9064510322220013,1.03275729755848,1,0.16666666666666666
C-30719,Active,Weybridge,45-59,English,Owner-occupier,1,2021-04-26,,729.6,2021,4,56,0,5,0,6,4343.84,723.9733333333334,699.42,756.21,21.708314229038308,6,1,0,0,0,0,0.0,37.34999999999991,0.9922880116959063,1.0364720394736842,0,0.0
C-30720,Active,Ash Hill,30-44,English,No fixed abode,2,2024-11-22,,698.32,2024,11,13,4,10,2,7,4637.67,662.5242857142857,535.06,730.48,88.67701653700787,6,2,1,1,0,0,0.0,90.3299999999997,0.9487402418866503,1.0460533852674991,1,0.14285714285714285
C-30721,Active,Northgate,30-44,English,Owner-occupier,1,2023-12-01,,560.68,2023,12,24,1,9,0,6,3312.79,552.1316666666667,531.95,570.23,15.920421372145489,6,1,0,0,0,0,0.0,17.350000000000136,0.9847536324938765,1.0170328886352287,0,0.0
C-30722,Active,Northgate,45-59,Other,Owner-occupier,3,2025-04-29,,813.94,2025,4,8,2,22,3,6,4493.32,748.8866666666667,601.58,831.81,105.05283502441362,6,1,0,0,0,0,0.0,20.73999999999978,0.9200760088786234,1.0219549352532127,0,0.0
C-30723,Active,Calder Central,75+,Spanish,Social tenancy,1,2021-10-19,,630.87,2021,10,50,6,17,2,6,3379.09,563.1816666666667,434.88,651.89,81.3896596421601,6,1,0,0,0,0,0.0,21.019999999999982,0.8927063684541453,1.033319067319733,1,0.16666666666666666
C-30724,Active,Calder Central,75+,English,Owner-occupier,5,2024-09-11,,974.99,2024,9,15,1,21,0,6,5788.18,964.6966666666667,938.42,998.93,26.129194144991658,6,1,0,0,0,0,0.0,43.049999999999955,0.9894426267619839,1.0245540979907486,0,0.0
C-30725,Active,Weybridge,45-59,English,Owner-occupier,2,2025-07-13,,649.04,2025,7,5,2,19,0,6,3679.1,613.1833333333333,532.42,670.88,58.02886856269616,6,1,0,0,0,0,0.0,28.15000000000009,0.9447543037922675,1.0336496980155307,0,0.0
C-30726,Active,Calder Central,18-29,English,Resident with family,2,2021-11-19,,647.56,2021,11,49,0,15,1,6,3872.18,645.3633333333333,614.15,685.05,31.361007424294687,6,1,0,0,0,0,0.0,72.2600000000001,0.996607778944551,1.057894249181543,3,0.5
C-30727,Active,Ash Hill,18-29,English,Private tenancy,2,2022-10-14,,664.77,2022,10,38,0,17,0,6,3981.29,663.5483333333333,635.11,699.59,22.298316005175536,6,1,0,0,0,0,0.0,46.6400000000001,0.998162271662881,1.0523790183070838,0,0.0
C-30728,Active,Northgate,30-44,English,No fixed abode,1,2024-09-28,,630.92,2024,9,15,1,0,0,6,3840.83,640.1383333333333,611.98,653.91,16.549089904483157,6,1,0,0,0,0,0.0,74.25000000000023,1.0146109385236375,1.0364388512014202,0,0.0
C-30729,Active,Northgate,60-74,English,Resident with family,1,2024-07-04,,502.97,2024,7,17,4,0,3,6,2835.16,472.52666666666664,355.61,511.54,58.89682153280147,6,1,0,0,0,0,0.0,16.45999999999998,0.9394728645180958,1.0170387895898363,1,0.16666666666666666
C-30730,Active,Ash Hill,60-74,English,Social tenancy,3,2021-08-09,,634.34,2021,8,52,2,13,1,6,3807.51,634.585,607.74,671.56,23.217572439856806,6,1,0,0,0,0,0.0,51.44999999999993,1.0003862282056941,1.0586751584323864,1,0.16666666666666666
C-30731,Active,Calder Central,60-74,English,No fixed abode,2,2025-01-04,,653.75,2025,1,11,1,13,0,6,3797.4,632.9,463.26,691.12,84.95942090198125,6,1,0,0,0,0,0.0,74.62000000000012,0.9681070745697897,1.0571625239005735,0,0.0
C-30732,Active,Calder Central,45-59,English,Owner-occupier,4,2023-03-04,,752.06,2023,3,33,3,21,2,6,4553.87,758.9783333333334,712.13,789.73,29.04505012332852,6,1,0,0,0,0,0.0,91.34000000000015,1.0091991773706,1.050089088636545,1,0.16666666666666666
C-30733,Active,Weybridge,45-59,Spanish,Social tenancy,6,2021-04-29,,1121.45,2021,4,56,6,7,3,6,6631.59,1105.265,1070.57,1183.19,40.55489649845018,6,1,0,0,0,0,0.0,61.74000000000001,0.9855677916982476,1.0550537250880556,0,0.0
C-30734,Active,Calder Central,60-74,English,Private tenancy,6,2021-11-05,,1185.51,2021,11,49,1,20,1,6,7085.6900000000005,1180.9483333333335,1128.93,1250.61,41.93451199986312,6,1,0,0,0,0,0.0,80.48000000000002,0.996152148301856,1.0549130753852771,4,0.6666666666666666
C-30735,Active,Calder Central,18-29,English,No fixed abode,2,2025-07-21,,546.92,2025,7,5,1,23,1,6,3229.7,538.2833333333333,516.3,562.3,18.152565291623883,6,1,0,0,0,0,0.0,20.910000000000082,0.984208537507009,1.0281211146054268,3,0.5
C-30736,Active,Calder Central,45-59,English,Social tenancy,3,2025-03-19,,771.53,2025,3,9,1,21,1,6,4546.22,757.7033333333334,726.55,809.34,27.978472200366237,6,1,0,0,0,0,0.0,37.81000000000006,0.9820788995027198,1.0490065195131753,1,0.16666666666666666
C-30737,Active,Northgate,30-44,Other,Social tenancy,3,2021-09-23,,1153.62,2021,9,51,4,5,0,6,6574.28,1095.7133333333334,849.37,1214.18,130.05452282280174,6,1,0,0,0,0,0.0,77.80000000000018,0.949804383881463,1.0524956224753386,0,0.0
C-30738,Suspended,Northgate,60-74,Other,Resident with family,4,2024-06-28,,917.16,2024,6,18,5,20,2,6,5614.6900000000005,935.7816666666668,866.61,972.13,43.515380001404864,6,1,0,0,0,0,0.0,176.5200000000002,1.0203036184162706,1.0599350167909634,1,0.16666666666666666
C-30739,Active,Ash Hill,18-29,Other,Resident with family,2,2025-05-20,,763.1,2025,5,7,4,23,2,6,4602.61,767.1016666666666,740.15,789.11,21.581714868533187,6,1,0,0,0,0,0.0,67.82999999999993,1.0052439610361246,1.0340846546979425,2,0.3333333333333333
C-30740,Active,Ash Hill,30-44,English,Resident with family,2,2022-09-05,,625.21,2022,9,39,1,17,0,6,3728.4700000000003,621.4116666666667,602.6,649.16,21.90938284540818,6,1,0,0,0,0,0.0,47.33999999999992,0.9939247079647903,1.0383071288047214,0,0.0
C-30741,Active,Northgate,30-44,English,Private tenancy,3,2023-11-06,,876.29,2023,11,25,3,2,1,6,5058.89,843.1483333333334,654.61,925.56,97.94159819334511,6,1,0,0,0,0,0.0,88.85000000000002,0.9621795676469357,1.056225678713668,0,0.0
C-30742,Active,Northgate,60-74,Spanish,Social tenancy,5,2023-09-08,,1265.6,2023,9,27,6,15,4,6,7534.3,1255.7166666666667,1204.66,1337.02,44.88585731237254,6,1,0,0,0,0,0.0,73.84000000000015,0.9921907922461021,1.0564317319848293,2,0.3333333333333333
C-30743,Active,Calder Central,30-44,English,Social tenancy,2,2023-06-03,,841.75,2023,6,30,2,18,1,6,5178.32,863.0533333333333,799.89,890.78,33.486292518979546,6,1,0,0,0,0,0.0,169.67999999999995,1.0253083853083853,1.0582476982476983,3,0.5
C-30744,Active,Calder Central,75+,Other,Owner-occupier,1,2021-10-12,,535.17,2021,10,50,3,13,1,6,3242.67,540.445,510.64,566.7,22.23402235314158,6,1,0,0,0,0,0.0,72.17000000000007,1.0098566810546183,1.0589158585122487,1,0.16666666666666666
C-30745,Closed,Calder Central,30-44,English,Owner-occupier,2,2024-03-06,2025-08,527.52,2024,3,21,3,7,0,2,1058.67,529.335,525.67,533.0,5.1830927060974625,2,1,0,0,0,0,0.0,5.480000000000018,1.003440627843494,1.0103882317258113,0,0.0
C-30746,Active,Ash Hill,60-74,English,Resident with family,1,2024-08-19,,762.63,2024,8,16,1,12,0,6,4393.54,732.2566666666667,606.99,807.97,78.06774075549176,6,1,0,0,0,0,0.0,90.25,0.9601729104109026,1.0594521589761745,0,0.0
C-30747,Active,Northgate,45-59,English,Private tenancy,1,2021-06-15,,678.72,2021,6,54,2,1,0,6,4140.3,690.0500000000001,649.38,713.22,22.010392091010083,6,1,0,0,0,0,0.0,97.31999999999994,1.0166931871758604,1.0508309759547383,0,0.0
C-30748,Active,Calder Central,60-74,English,Social tenancy,1,2022-01-11,,645.29,2022,1,47,3,22,0,6,3694.7200000000003,615.7866666666667,496.44,664.22,60.38645764297379,6,1,0,0,0,0,0.0,20.450000000000045,0.9542789546818744,1.0293356475383162,0,0.0
C-30749,Closed,Northgate,60-74,English,No fixed abode,1,2024-02-26,2025-10,648.34,2024,2,22,2,17,2,4,2558.55,639.6375,623.91,665.0,18.893138745763384,4,1,0,0,0,0,0.0,16.659999999999968,0.9865772588456674,1.0256963938674153,2,0.5
C-30750,Active,Calder Central,60-74,English,Private tenancy,1,2024-07-31,,630.06,2024,7,17,0,19,0,6,3505.32,584.22,493.53,667.71,68.0477864445274,6,1,0,0,0,0,0.0,40.320000000000164,0.9272450242834017,1.059756213693934,0,0.0
C-30751,Active,Calder Central,45-59,English,Owner-occupier,1,2023-04-14,,749.84,2023,4,32,3,9,0,6,3907.7799999999997,651.2966666666666,529.05,734.42,88.75402721379277,6,1,0,0,0,0,0.0,0.0,0.8685808528041536,0.9794356129307584,0,0.0
C-30752,Active,Calder Central,75+,English,Owner-occupier,1,2025-08-01,,668.34,2025,8,4,5,13,0,6,3855.5299999999997,642.5883333333333,537.69,696.37,56.5792132913375,6,1,0,0,0,0,0.0,41.93999999999994,0.9614692122771843,1.041939731274501,0,0.0
C-30753,Active,Calder Central,30-44,Other,No fixed abode,2,2024-11-25,,832.95,2024,11,13,4,2,2,6,4756.27,792.7116666666667,703.53,847.18,48.85646422600255,6,1,0,0,0,0,0.0,14.229999999999905,0.9516917782179802,1.0170838585749444,1,0.16666666666666666
C-30754,Active,Weybridge,18-29,English,Private tenancy,1,2022-08-31,,666.39,2022,8,40,1,11,1,6,4055.51,675.9183333333334,635.45,701.63,24.931729516153997,6,1,0,0,0,0,0.0,92.74000000000001,1.0142984338500478,1.052881946007593,1,0.16666666666666666
C-30755,Active,Calder Central,60-74,Spanish,Resident with family,3,2021-01-09,,944.88,2021,1,59,8,3,1,6,5650.22,941.7033333333334,901.32,992.24,38.63017507942028,6,1,0,0,0,0,0.0,85.65999999999997,0.9966380210538199,1.0501227669122004,0,0.0
C-30756,Active,Calder Central,18-29,Other,Social tenancy,3,2021-12-01,,958.49,2021,12,48,5,12,0,6,5786.72,964.4533333333334,908.66,1001.64,34.16123163275394,6,1,0,0,0,0,0.0,99.41999999999996,1.0062215916006774,1.045018727373264,0,0.0
C-30757,Active,Northgate,60-74,Spanish,Resident with family,2,2021-05-24,,682.88,2021,5,55,4,7,2,6,3563.3599999999997,593.8933333333333,466.51,720.68,111.13724752155177,6,1,0,0,0,0,0.0,38.34999999999991,0.8696891596376132,1.0553537956888472,1,0.16666666666666666
C-30758,Active,Northgate,30-44,English,Owner-occupier,3,2021-10-08,,671.03,2021,10,50,3,9,1,6,3852.01,642.0016666666667,523.76,701.54,63.353203049780106,6,1,0,0,0,0,0.0,47.379999999999995,0.9567406325598955,1.0454674157638257,0,0.0
C-30759,Active,Calder Central,60-74,Spanish,Private tenancy,4,2023-06-02,,1328.75,2023,6,30,5,5,1,6,7815.82,1302.6366666666665,1269.76,1361.69,33.73178244129222,6,1,0,0,0,0,0.0,32.940000000000055,0.9803474443399184,1.0247902163687677,1,0.16666666666666666
C-30760,Active,Calder Central,30-44,English,Private tenancy,3,2021-01-17,,1237.76,2021,1,59,3,6,0,6,7270.5,1211.75,1169.55,1295.56,43.190955071635145,6,1,0,0,0,0,0.0,57.799999999999955,0.9789862331954499,1.046697259565667,0,0.0
C-30761,Active,Weybridge,30-44,English,Resident with family,3,2024-02-28,,631.97,2024,2,22,1,1,0,6,3773.27,628.8783333333333,608.58,652.93,17.19591627877578,6,1,0,0,0,0,0.0,34.67999999999995,0.9951078901424646,1.033166131303701,0,0.0
C-30762,Active,Calder Central,30-44,English,Resident with family,3,2022-10-22,,717.91,2022,10,38,4,16,1,6,4322.33,720.3883333333333,686.55,753.19,26.15609865149369,6,1,0,0,0,0,0.0,72.58000000000015,1.0034521504552567,1.0491426501929213,2,0.3333333333333333
C-30763,Active,Northgate,30-44,Spanish,Private tenancy,3,2025-08-22,,698.75,2025,8,4,5,23,2,6,4030.6800000000003,671.7800000000001,548.23,728.48,62.63706761974093,6,1,0,0,0,0,0.0,29.730000000000018,0.9614025044722719,1.04254740608229,2,0.3333333333333333
C-30764,Active,Northgate,75+,English,Owner-occupier,1,2024-07-24,,686.51,2024,7,17,2,18,1,6,3797.14,632.8566666666667,483.45,678.86,74.28967294763567,6,1,0,0,0,0,0.0,0.0,0.9218462464737099,0.9888566808932135,1,0.16666666666666666
C-30765,Active,Northgate,18-29,English,Private tenancy,1,2023-04-18,,708.65,2023,4,32,1,3,1,6,4257.34,709.5566666666667,582.2,750.91,65.84797116591113,6,1,0,0,0,0,0.0,144.93000000000006,1.0012794280204145,1.0596345163338743,1,0.16666666666666666
C-30766,Active,Ash Hill,18-29,English,Resident with family,1,2025-04-03,,596.57,2025,4,8,0,18,0,6,3674.2000000000003,612.3666666666667,587.71,630.51,20.691214238576386,6,1,0,0,0,0,0.0,112.01999999999987,1.026479150253393,1.0568918986874967,0,0.0
C-30767,Suspended,Ash Hill,30-44,English,Owner-occupier,1,2023-06-03,,389.81,2023,6,30,3,19,0,6,2252.96,375.49333333333334,322.13,408.14,28.992803704827658,6,1,0,0,0,0,0.0,18.329999999999984,0.9632727055061013,1.0470229085964957,0,0.0
C-30768,Active,Calder Central,45-59,English,Resident with family,1,2021-11-06,,420.7,2021,11,49,1,5,1,6,2474.18,412.3633333333333,360.56,442.67,30.619948835141216,6,1,0,0,0,0,0.0,43.97000000000003,0.9801838206164329,1.0522224863323033,4,0.6666666666666666
C-30769,Active,Northgate,18-29,English,Owner-occupier,1,2023-08-30,,432.36,2023,8,28,1,11,0,6,2655.41,442.5683333333333,426.23,456.28,10.372038211782026,6,1,0,0,0,0,0.0,67.37999999999988,1.0236107256298763,1.0553242668146914,0,0.0
C-30770,Active,Calder Central,45-59,English,Private tenancy,3,2024-05-14,,775.46,2024,5,19,1,8,0,6,4744.5,790.75,753.75,813.5,22.143775649152506,6,1,0,0,0,0,0.0,113.44999999999982,1.0197173290691977,1.0490547545972713,0,0.0
C-30771,Active,Northgate,75+,English,No fixed abode,3,2022-02-05,,951.58,2022,2,46,1,2,0,6,5700.39,950.065,926.05,987.01,27.08941619895122,6,1,0,0,0,0,0.0,62.309999999999945,0.9984079110531957,1.037232812795561,0,0.0
C-30772,Active,Calder Central,30-44,English,Social tenancy,1,2021-03-11,,623.43,2021,3,57,0,0,1,6,3693.32,615.5533333333334,597.87,644.33,15.83425358729192,6,1,0,0,0,0,0.0,20.90000000000009,0.9873655957097563,1.0335242128226105,3,0.5
C-30773,Active,Calder Central,30-44,English,Private tenancy,1,2022-01-04,,618.46,2022,1,47,2,10,0,6,3752.5,625.4166666666666,588.82,651.72,20.737691932003084,6,1,0,0,0,0,0.0,71.37999999999977,1.0112483696062262,1.0537787407431363,0,0.0
C-30774,Active,Ash Hill,45-59,English,Resident with family,1,2023-05-22,,497.57,2023,5,31,3,14,0,6,2937.19,489.5316666666667,400.44,518.77,45.143840517468874,6,1,0,0,0,0,0.0,58.45999999999992,0.9838448191544238,1.0426070703619592,0,0.0
C-30775,Active,Calder Central,60-74,English,Owner-occupier,3,2023-10-11,,995.44,2023,10,26,1,7,0,6,5707.02,951.1700000000001,704.98,1023.65,124.69841859462372,6,1,0,0,0,0,0.0,81.25999999999988,0.95552720405047,1.028339226874548,0,0.0
C-30776,Active,Northgate,60-74,English,Social tenancy,3,2023-08-06,,777.94,2023,8,28,0,10,1,6,4601.25,766.875,734.16,802.66,27.983680065352406,6,1,0,0,0,0,0.0,37.839999999999804,0.9857765380363522,1.0317762295292694,1,0.16666666666666666
C-30777,Active,Calder Central,18-29,English,No fixed abode,2,2021-07-27,,998.22,2021,7,53,3,5,1,6,5944.36,990.7266666666666,955.54,1050.33,41.068731982697805,6,1,0,0,0,0,0.0,87.72999999999979,0.9924933047491201,1.0522029211997355,0,0.0
C-30778,Active,Northgate,75+,English,Social tenancy,1,2023-06-05,,635.54,2023,6,30,1,14,0,6,3823.38,637.23,608.64,660.05,20.99102284311081,6,1,0,0,0,0,0.0,59.65000000000009,1.0026591559933287,1.0385656292286873,0,0.0
C-30779,Active,Northgate,45-59,English,Social tenancy,3,2021-02-10,,630.03,2021,2,58,4,5,3,6,3811.41,635.235,608.09,664.88,22.170720105580685,6,1,0,0,0,0,0.0,71.96000000000004,1.0082615113566022,1.0553148262781138,0,0.0
C-30780,Active,Ash Hill,30-44,Spanish,Social tenancy,4,2023-10-24,,1030.04,2023,10,26,3,16,3,6,6148.94,1024.8233333333333,987.13,1059.43,28.155605954528287,6,1,0,0,0,0,0.0,54.8900000000001,0.9949354717616145,1.0285328725098055,2,0.3333333333333333
C-30781,Active,Weybridge,60-74,English,Private tenancy,3,2022-06-01,,1206.41,2022,6,42,2,20,0,6,7202.27,1200.3783333333333,1148.13,1247.85,37.249157529622906,6,1,0,0,0,0,0.0,67.13999999999965,0.995000317747145,1.034349847895823,0,0.0
C-30782,Active,Calder Central,60-74,Spanish,Social tenancy,1,2021-06-04,,446.6,2021,6,54,7,3,2,6,2503.34,417.22333333333336,318.62,450.09,48.99998108843174,6,1,0,0,0,0,0.0,3.4899999999999523,0.9342215256008358,1.0078145991939094,3,0.5
C-30783,Active,Northgate,60-74,English,Social tenancy,3,2022-01-05,,801.9,2022,1,47,6,19,1,6,4555.34,759.2233333333334,603.09,848.4,82.01946468166365,6,1,0,0,0,0,0.0,46.5,0.9467805628299456,1.0579872802095025,3,0.5
C-30784,Suspended,Northgate,45-59,English,Resident with family,1,2025-06-20,,608.13,2025,6,6,3,9,0,6,3557.36,592.8933333333333,472.46,634.05,61.28168361481812,6,1,0,0,0,0,0.0,65.93999999999994,0.9749450501263436,1.0426224655912386,0,0.0
C-30785,Active,Weybridge,75+,English,Owner-occupier,1,2024-01-17,,501.33,2024,1,23,3,1,0,6,2975.71,495.95166666666665,472.92,530.97,19.641791584951385,6,1,0,0,0,0,0.0,29.640000000000043,0.9892718701587112,1.0591227335288134,0,0.0
C-30786,Active,Calder Central,30-44,English,Owner-occupier,2,2022-02-15,,868.02,2022,2,46,2,16,2,6,5168.08,861.3466666666667,825.81,907.46,29.873902099770408,6,1,0,0,0,0,0.0,57.57000000000005,0.992312005099729,1.0454367410889152,3,0.5
C-30787,Closed,Ash Hill,45-59,English,No fixed abode,3,2023-11-21,2025-11,602.49,2023,11,25,5,9,2,5,2892.56,578.512,482.58,637.51,58.36206447685003,5,1,0,0,0,0,0.0,35.01999999999998,0.9602018290760013,1.0581254460654947,0,0.0
C-30788,Active,Weybridge,30-44,English,Resident with family,5,2023-10-24,,987.66,2023,10,26,5,9,0,6,5825.38,970.8966666666666,944.59,1002.45,24.40071119182115,6,1,0,0,0,0,0.0,26.250000000000114,0.9830272225934701,1.0149747888949638,0,0.0
C-30789,Closed,Calder Central,30-44,English,No fixed abode,4,2021-03-30,2025-11,731.43,2021,3,57,0,0,2,5,3516.9,703.38,535.36,771.88,95.9449811089668,5,1,0,0,0,0,0.0,68.15000000000009,0.9616504655264346,1.055302626362058,2,0.4
C-30790,Active,Ash Hill,45-59,English,Social tenancy,4,2023-08-12,,1250.68,2023,8,28,2,18,0,6,7400.47,1233.4116666666666,1182.4,1299.14,44.51591734050491,6,1,0,0,0,0,0.0,49.17000000000007,0.9861928444259656,1.038746921674609,0,0.0
C-30791,Active,Calder Central,18-29,English,Private tenancy,4,2023-03-25,,1341.43,2023,3,33,1,16,0,6,7772.59,1295.4316666666666,930.6,1387.81,179.51141550516135,6,1,0,0,0,0,0.0,134.8399999999997,0.9657094791876331,1.0345750430510723,0,0.0
C-30792,Active,Calder Central,60-74,English,Private tenancy,4,2022-06-09,,1360.66,2022,6,42,2,20,1,6,8174.62,1362.4366666666667,1290.24,1419.48,48.219742291582904,6,1,0,0,0,0,0.0,115.99999999999977,1.001305738881621,1.043229021210295,2,0.3333333333333333
C-30793,Active,Ash Hill,30-44,English,Private tenancy,5,2021-05-21,,1170.78,2021,5,55,0,19,2,6,6882.02,1147.0033333333333,1114.25,1207.5,34.45615281291088,6,1,0,0,0,0,0.0,36.72000000000003,0.9796916016103224,1.0313637062471173,1,0.16666666666666666
C-30794,Active,Ash Hill,60-74,English,Social tenancy,1,2025-04-19,,730.77,2025,4,8,3,11,1,6,4289.11,714.8516666666666,622.0,770.34,51.1169695567594,6,1,0,0,0,0,0.0,57.180000000000064,0.9782170404732907,1.0541483640543536,2,0.3333333333333333
C-30795,Active,Northgate,18-29,English,Private tenancy,2,2023-03-27,,716.57,2023,3,33,0,4,2,6,4230.28,705.0466666666666,586.42,757.99,64.6789275318219,6,1,0,0,0,0,0.0,103.86999999999978,0.9839187611352228,1.0578031455405612,0,0.0
C-30796,Active,Calder Central,60-74,English,Owner-occupier,2,2024-04-14,,527.71,2024,4,20,1,20,1,6,2863.03,477.1716666666667,364.0,543.59,75.78865387818065,6,1,0,0,0,0,0.0,16.049999999999955,0.9042308591208554,1.030092285535616,1,0.16666666666666666
C-30797,Closed,Weybridge,60-74,Other,No fixed abode,3,2024-11-12,2025-10,749.98,2024,11,13,3,3,1,4,2821.98,705.495,560.27,775.14,98.00461774834898,4,1,0,0,0,0,0.0,25.159999999999968,0.9406850849355982,1.0335475612683005,2,0.5
C-30798,Active,Calder Central,30-44,English,Social tenancy,1,2021-05-14,,684.63,2021,5,55,1,13,2,6,4116.02,686.0033333333334,655.31,705.32,18.230912941119204,6,1,0,0,0,0,0.0,46.74000000000001,1.0020059496857183,1.0302207031535282,0,0.0
C-30799,Suspended,Ash Hill,30-44,English,No fixed abode,2,2025-02-03,,515.88,2025,2,10,3,16,0,6,3144.3,524.0500000000001,515.35,537.02,8.823842700320547,6,1,0,0,0,0,0.0,49.55000000000007,1.015837016360394,1.040978522136931,0,0.0
C-30800,Closed,Calder Central,18-29,English,Owner-occupier,4,2022-12-29,2025-10,1369.92,2022,12,36,3,21,3,6,8309.7,1384.95,1300.09,1451.71,64.46134593692562,6,1,0,0,2,1,2900.83,212.9699999999998,1.0109714435879467,1.0597042163046018,1,0.16666666666666666
C-30801,Active,Northgate,60-74,English,Owner-occupier,2,2025-07-29,,816.2,2025,7,5,3,3,1,6,4719.85,786.6416666666668,592.97,850.53,96.06903609731214,6,1,0,0,0,0,0.0,58.23999999999978,0.9637854284080699,1.0420607694192598,3,0.5
C-30802,Active,Calder Central,30-44,English,Social tenancy,6,2025-06-20,,1400.92,2025,6,6,2,15,1,6,8277.67,1379.6116666666667,1336.75,1430.85,39.61886389924211,6,1,0,0,0,0,0.0,56.179999999999836,0.9847897572071685,1.0213645318790507,3,0.5
C-30803,Active,Northgate,18-29,English,Private tenancy,1,2024-09-14,,398.15,2024,9,15,2,19,2,6,2323.27,387.21166666666664,378.19,405.01,9.752221114529066,6,1,0,0,0,0,0.0,6.860000000000014,0.9725271045250953,1.01722968730378,1,0.16666666666666666
C-30804,Active,Ash Hill,45-59,English,Owner-occupier,5,2021-06-22,,1377.41,2021,6,54,2,11,1,6,8069.8,1344.9666666666667,1072.93,1454.89,144.3659379031863,6,1,0,0,0,0,0.0,199.13999999999987,0.9764461319916848,1.0562504991251698,0,0.0
C-30805,Active,Calder Central,18-29,English,No fixed abode,5,2024-01-22,,1524.46,2024,1,23,2,13,2,6,8926.27,1487.7116666666668,1157.95,1614.08,165.9032618626489,6,1,0,0,0,0,0.0,159.65999999999985,0.9758941964149054,1.0587880298597536,2,0.3333333333333333
C-30806,Closed,Calder Central,45-59,English,No fixed abode,1,2021-07-06,2025-07,651.37,2021,7,53,0,3,0,1,680.03,680.03,680.03,680.03,0.0,1,1,0,0,0,0,0.0,28.659999999999968,1.0439995701367886,1.0439995701367886,0,0.0
C-30807,Suspended,Weybridge,30-44,Other,Resident with family,4,2024-02-16,,923.41,2024,2,22,5,3,1,6,5304.6,884.1,715.54,948.88,84.79413258003174,6,1,0,0,0,0,0.0,27.950000000000045,0.957429527512156,1.0275825472975169,1,0.16666666666666666
C-30808,Active,Calder Central,18-29,English,Social tenancy,1,2024-06-24,,679.28,2024,6,18,2,9,2,6,4106.45,684.4083333333333,653.65,708.74,22.955915504868617,6,1,0,0,0,0,0.0,75.30000000000007,1.0075496604247636,1.0433694500058885,3,0.5
C-30809,Active,Northgate,30-44,Other,No fixed abode,3,2023-10-01,,1164.18,2023,10,26,6,8,1,6,6636.1,1106.0166666666667,986.27,1165.25,63.22420506947219,6,1,0,0,0,0,0.0,1.0699999999999363,0.9500392264655523,1.000919101857101,2,0.3333333333333333
C-30810,Active,Calder Central,18-29,English,No fixed abode,1,2025-06-03,,682.94,2025,6,6,2,23,1,6,4057.23,676.205,532.75,722.5,75.87760796176958,6,1,0,0,0,0,0.0,144.76999999999987,0.9901382259056432,1.0579260257123613,2,0.3333333333333333
C-30811,Active,Calder Central,18-29,English,No fixed abode,3,2025-08-27,,1124.39,2025,8,4,0,20,3,6,6589.38,1098.23,1066.63,1142.13,27.75230729146678,6,1,0,0,0,0,0.0,17.74000000000001,0.9767340513522887,1.0157774437695106,0,0.0
C-30812,Active,Calder Central,30-44,Other,Resident with family,2,2024-01-25,,878.96,2024,1,23,3,12,1,6,5248.28,874.7133333333333,837.53,894.65,20.095590229367918,6,1,0,0,0,0,0.0,26.13999999999976,0.9951685325081155,1.0178506416674251,2,0.3333333333333333
C-30813,Active,Weybridge,45-59,English,Social tenancy,2,2022-08-17,,516.32,2022,8,40,2,4,0,6,3056.08,509.34666666666664,485.91,541.77,20.85287094542779,6,1,0,0,0,0,0.0,31.569999999999936,0.9864941638260509,1.0492911372792066,0,0.0
C-30814,Active,Calder Central,18-29,English,Private tenancy,3,2021-07-05,,1225.5,2021,7,53,3,21,0,6,7287.280000000001,1214.5466666666669,1025.91,1297.51,105.69431293436121,6,1,0,0,0,0,0.0,204.85000000000014,0.991062151502788,1.0587596899224807,0,0.0
C-30815,Active,Calder Central,75+,English,No fixed abode,1,2022-06-24,,392.47,2022,6,42,3,11,0,6,2365.87,394.31166666666667,388.06,402.57,5.7941260485656265,6,1,0,0,0,0,0.0,20.359999999999957,1.0046925030363254,1.0257344510408437,0,0.0
C-30816,Active,Weybridge,30-44,English,Social tenancy,4,2022-09-21,,975.47,2022,9,39,3,21,1,6,5494.09,915.6816666666667,779.97,1012.43,105.0578306299281,6,1,0,0,0,0,0.0,63.899999999999864,0.9387081782798719,1.0378894276605124,2,0.3333333333333333
C-30817,Active,Calder Central,18-29,English,No fixed abode,3,2023-07-20,,888.14,2023,7,29,2,4,1,6,5200.74,866.79,835.39,911.29,32.55577613880519,6,1,0,0,0,0,0.0,33.799999999999955,0.9759609971400905,1.0260657103609792,1,0.16666666666666666
C-30818,Active,Northgate,30-44,English,No fixed abode,2,2021-07-15,,897.14,2021,7,53,2,4,0,6,5272.59,878.765,786.66,928.07,49.46060846774935,6,1,0,0,0,0,0.0,48.12000000000012,0.9795182468733977,1.0344762244465748,0,0.0
C-30819,Active,Calder Central,75+,English,No fixed abode,3,2021-05-13,,951.49,2021,5,55,0,3,2,6,5726.4,954.4,939.31,963.87,9.132092859799478,6,1,0,0,0,0,0.0,31.6099999999999,1.003058361096806,1.0130111719513606,1,0.16666666666666666
C-30820,Suspended,Calder Central,30-44,English,Private tenancy,2,2024-07-10,,893.52,2024,7,17,0,14,1,6,4989.36,831.56,672.61,925.5,110.63565537384413,6,1,0,0,0,0,0.0,61.67000000000007,0.9306562807771511,1.0357910287402632,2,0.3333333333333333
C-30821,Active,Calder Central,75+,English,No fixed abode,4,2021-04-10,,919.57,2021,4,56,0,2,0,6,5599.24,933.2066666666666,899.59,970.25,31.611533760111463,6,1,0,0,0,0,0.0,120.92999999999984,1.0148293948983402,1.0551127157258282,0,0.0
C-30822,Active,Calder Central,75+,English,Social tenancy,3,2024-01-03,,1082.52,2024,1,23,3,3,0,6,6502.49,1083.7483333333332,1038.82,1125.65,37.31805590684852,6,1,0,0,0,0,0.0,97.25000000000023,1.0011346980502285,1.0398422200051731,0,0.0
C-30823,Active,Calder Central,30-44,English,Social tenancy,1,2025-07-21,,722.42,2025,7,5,3,6,0,6,4163.53,693.9216666666666,619.63,760.71,47.137154524500815,6,1,0,0,0,0,0.0,39.63000000000011,0.9605515720310439,1.0530024085711913,0,0.0
C-30824,Closed,Northgate,30-44,English,Owner-occupier,2,2021-09-08,2025-09,583.19,2021,9,51,4,1,4,6,3544.25,590.7083333333334,552.54,610.72,27.076011092232,6,1,0,0,3,1,1768.74,99.61999999999978,1.0128917391130392,1.0472058848745691,4,0.6666666666666666
C-30825,Active,Calder Central,60-74,English,Private tenancy,5,2023-02-12,,1148.66,2023,2,34,2,1,1,6,7156.74,1192.79,1168.03,1216.63,20.171646437512102,6,1,0,0,0,0,0.0,264.7799999999995,1.0384186791565824,1.0591732975815298,0,0.0
C-30826,Active,Northgate,60-74,English,Owner-occupier,2,2022-05-14,,802.03,2022,5,43,1,9,0,6,4469.38,744.8966666666666,588.57,842.07,110.74670228348411,6,1,0,0,0,0,0.0,85.13000000000011,0.9287640944436825,1.0499233195765745,0,0.0
C-30827,Active,Weybridge,18-29,Other,Resident with family,3,2023-11-14,,1178.47,2023,11,25,2,18,2,6,6957.92,1159.6533333333334,1037.48,1223.31,66.21440497857446,6,1,0,0,0,0,0.0,77.94999999999982,0.9840329693020046,1.0380493351549043,1,0.16666666666666666
C-30828,Active,Ash Hill,18-29,English,No fixed abode,3,2021-06-17,,900.56,2021,6,54,1,8,2,8,6766.02,845.7525,670.9,952.01,111.70646186066666,6,2,2,1,0,0,0.0,89.91000000000008,0.9391406458203785,1.0571311184152083,0,0.0
C-30829,Active,Northgate,30-44,Other,No fixed abode,2,2021-01-20,,709.64,2021,1,59,0,22,0,6,4168.99,694.8316666666666,672.52,733.84,21.574655887560947,6,1,0,0,0,0,0.0,24.200000000000045,0.9791326118407455,1.0341017980948086,0,0.0
C-30830,Active,Weybridge,75+,English,Social tenancy,1,2024-08-17,,757.41,2024,8,16,1,0,0,6,4304.16,717.36,562.12,793.33,91.8860032866813,6,1,0,0,0,0,0.0,67.1500000000002,0.9471224303877689,1.0474247765411073,0,0.0
C-30831,Active,Calder Central,75+,English,Private tenancy,2,2024-01-28,,992.71,2024,1,23,2,10,0,6,5925.71,987.6183333333333,935.67,1034.2,34.004714035949014,6,1,0,0,0,0,0.0,56.639999999999986,0.9948709425041887,1.0417946832408256,0,0.0
C-30832,Active,Weybridge,18-29,English,No fixed abode,4,2021-06-27,,861.65,2021,6,54,3,19,0,6,5122.25,853.7083333333334,821.87,892.56,31.105322642060255,6,1,0,0,0,0,0.0,61.210000000000036,0.9907831872956924,1.0358730342946671,0,0.0
C-30833,Active,Ash Hill,18-29,English,Private tenancy,4,2025-06-30,,1000.87,2025,6,6,3,9,2,6,5773.81,962.3016666666667,784.48,1046.68,95.41264117854965,6,1,0,0,0,0,0.0,81.19000000000005,0.9614651919496704,1.0457701799434493,3,0.5
C-30834,Active,Calder Central,60-74,English,No fixed abode,2,2021-07-11,,592.28,2021,7,53,3,11,0,6,3433.83,572.305,392.95,623.2,88.47347461245096,6,1,0,0,0,0,0.0,79.48000000000025,0.9662743972445466,1.0522050381576282,0,0.0
C-30835,Active,Weybridge,75+,English,Private tenancy,3,2024-11-18,,663.25,2024,11,13,6,3,1,6,3979.5,663.25,663.25,663.25,0.0,6,1,0,0,0,0,0.0,0.0,1.0,1.0,1,0.16666666666666666
C-30836,Active,Northgate,18-29,Spanish,Owner-occupier,3,2024-05-13,,1055.1,2024,5,19,1,10,3,6,6278.94,1046.49,1009.89,1075.99,25.897076282854798,6,1,0,0,0,0,0.0,40.210000000000264,0.9918396360534546,1.0197990711780875,1,0.16666666666666666
C-30837,Active,Weybridge,75+,English,No fixed abode,2,2025-08-05,,880.45,2025,8,4,2,7,0,6,4968.02,828.0033333333334,634.89,892.11,96.0363268074465,6,1,0,0,0,0,0.0,11.659999999999968,0.9404319760728415,1.0132432278948265,0,0.0
C-30838,Active,Northgate,75+,English,Owner-occupier,1,2021-06-30,,637.53,2021,6,54,0,2,1,6,3890.2799999999997,648.38,613.03,664.92,18.64339668622645,6,1,0,0,0,0,0.0,89.60000000000014,1.0170188069581039,1.0429626841089832,1,0.16666666666666666
C-30839,Active,Ash Hill,18-29,English,Social tenancy,3,2023-02-19,,1138.04,2023,2,34,3,0,0,6,6922.85,1153.8083333333334,1112.44,1204.48,37.04447727619687,6,1,0,0,0,0,0.0,127.08000000000015,1.0138556934144083,1.0583810762363361,0,0.0
C-30840,Active,Calder Central,75+,English,Owner-occupier,1,2024-04-12,,442.27,2024,4,20,2,19,1,6,2432.59,405.4316666666667,314.3,463.29,66.96247170368392,6,1,0,0,0,0,0.0,33.680000000000064,0.9167062352559899,1.0475275284328578,1,0.16666666666666666
C-30841,Active,Northgate,30-44,English,Resident with family,1,2022-09-14,,563.67,2022,9,39,2,5,0,6,3375.65,562.6083333333333,533.7,589.35,23.67523551449205,6,1,0,0,0,0,0.0,57.760000000000105,0.9981165102512701,1.0455585715046039,0,0.0
C-30842,Active,Weybridge,75+,English,Social tenancy,2,2023-03-16,,941.53,2023,3,33,3,14,0,6,5683.37,947.2283333333334,899.89,974.47,29.54806011681084,6,1,0,0,0,0,0.0,95.46000000000015,1.0060522058068606,1.0349856085307956,0,0.0
C-30843,Active,Northgate,45-59,English,No fixed abode,4,2022-08-27,,1233.42,2022,8,40,0,23,1,6,7099.43,1183.2383333333335,948.98,1267.49,117.64397671222551,6,1,0,0,0,0,0.0,35.8299999999997,0.9593150211066249,1.0276223832919849,2,0.3333333333333333
C-30844,Active,Weybridge,30-44,English,Resident with family,2,2022-06-21,,858.81,2022,6,42,0,12,1,6,5183.72,863.9533333333334,828.08,908.31,33.75436248348747,6,1,0,0,0,0,0.0,104.2600000000001,1.0059889071311854,1.057637894295595,1,0.16666666666666666
C-30845,Active,Weybridge,30-44,English,Social tenancy,3,2023-08-03,,886.62,2023,8,28,0,2,2,6,5139.82,856.6366666666667,768.42,918.65,50.71318750252899,6,1,0,0,0,0,0.0,32.02999999999997,0.9661824306542449,1.0361259615167715,1,0.16666666666666666
C-30846,Active,Northgate,30-44,English,No fixed abode,2,2022-03-01,,932.35,2022,3,45,1,8,1,6,5566.52,927.7533333333334,895.2,987.09,35.13325471211951,6,1,0,0,0,0,0.0,73.68999999999994,0.9950698056881357,1.058711857135196,3,0.5
C-30847,Active,Weybridge,60-74,Other,Resident with family,1,2025-08-14,,768.51,2025,8,4,3,22,0,6,4375.21,729.2016666666667,577.65,790.1,76.78024157728771,6,1,0,0,0,0,0.0,23.06000000000006,0.948851240278808,1.0280933234440672,0,0.0
C-30848,Active,Calder Central,60-74,English,Owner-occupier,5,2025-05-02,,1486.67,2025,5,7,0,5,0,6,8664.49,1444.0816666666667,1263.98,1556.52,108.33571625584362,6,1,0,0,0,0,0.0,129.8399999999997,0.971353203243939,1.0469841995869964,0,0.0
C-30849,Active,Northgate,75+,English,Social tenancy,2,2023-09-23,,644.28,2023,9,27,3,8,1,6,3816.4,636.0666666666667,612.55,671.2,20.42135026551057,6,1,0,0,0,0,0.0,26.920000000000073,0.9872519194553093,1.0417830756813808,2,0.3333333333333333
C-30850,Suspended,Ash Hill,18-29,English,Resident with family,1,2022-10-23,,422.78,2022,10,38,0,14,0,6,2448.34,408.0566666666667,361.81,428.05,25.631978204318656,6,1,0,0,0,0,0.0,12.840000000000089,0.9651749530882888,1.0124651118785184,0,0.0
C-30851,Active,Northgate,75+,Spanish,Resident with family,1,2021-10-03,,649.44,2021,10,50,6,4,4,6,3896.6400000000003,649.44,649.44,649.44,0.0,6,1,0,0,0,0,0.0,0.0,1.0,1.0,0,0.0
C-30852,Active,Northgate,60-74,English,Resident with family,3,2025-07-22,,749.96,2025,7,5,0,17,2,6,4424.82,737.4699999999999,718.34,784.68,25.963226301829213,6,1,0,0,0,0,0.0,35.93999999999983,0.9833457784415168,1.0462958024427969,2,0.3333333333333333
C-30853,Active,Calder Central,30-44,English,Social tenancy,3,2021-04-22,,745.81,2021,4,56,1,15,1,6,4017.3599999999997,669.56,513.61,772.43,113.60385310366897,6,1,0,0,0,0,0.0,28.230000000000018,0.8977621646263794,1.0356927367560103,4,0.6666666666666666
C-30854,Active,Calder Central,75+,English,Private tenancy,2,2023-09-18,,975.91,2023,9,27,1,2,0,6,5941.26,990.21,921.53,1029.68,37.5607593107488,6,1,0,0,0,0,0.0,140.1800000000003,1.0146529905421608,1.0550972938078307,0,0.0
C-30855,Active,Ash Hill,18-29,English,No fixed abode,3,2021-01-05,,1058.04,2021,1,59,1,16,0,6,6314.67,1052.445,1024.32,1108.91,33.8359741990681,6,1,0,0,0,0,0.0,70.29000000000019,0.9947119201542476,1.0480794676949834,0,0.0
C-30856,Closed,Weybridge,75+,English,Private tenancy,2,2025-01-31,2025-11,721.04,2025,1,11,2,2,1,5,3589.18,717.836,692.41,755.47,25.530870137933036,5,1,0,0,0,0,0.0,44.29000000000008,0.9955564185066017,1.0477504715411075,1,0.2
C-30857,Active,Ash Hill,60-74,English,Resident with family,5,2023-01-02,,1082.8,2023,1,35,2,5,3,6,5987.88,997.98,828.32,1108.39,112.02614105645164,6,1,0,0,0,0,0.0,25.590000000000146,0.9216660509789435,1.0236331732545254,3,0.5
C-30858,Active,Calder Central,30-44,English,Owner-occupier,2,2021-01-24,,701.12,2021,1,59,2,19,0,6,4168.4,694.7333333333332,663.63,737.81,26.57711321168395,6,1,0,0,0,0,0.0,45.33999999999992,0.9908907652517875,1.0523305568233683,0,0.0
C-30859,Active,Calder Central,18-29,English,Social tenancy,1,2023-03-28,,556.9,2023,3,33,3,4,1,6,3347.55,557.9250000000001,543.59,579.57,12.5255702464998,6,1,0,0,0,0,0.0,28.54000000000019,1.001840545878973,1.040707487879332,1,0.16666666666666666
C-30860,Active,Northgate,45-59,English,Private tenancy,4,2025-01-18,,870.83,2025,1,11,1,18,1,6,5205.86,867.6433333333333,759.72,918.98,57.41093821447848,6,1,0,0,0,0,0.0,104.46999999999991,0.9963406558494002,1.0552920776730246,3,0.5
C-30861,Active,Northgate,30-44,English,Resident with family,1,2021-06-01,,741.89,2021,6,54,2,2,0,6,4374.3099999999995,729.0516666666666,637.01,769.96,47.89659796547837,6,1,0,0,0,0,0.0,51.930000000000064,0.9826950985545926,1.0378357977597759,0,0.0
C-30862,Closed,Calder Central,30-44,Spanish,No fixed abode,5,2022-09-27,2025-11,953.36,2022,9,39,5,12,2,5,4500.97,900.1940000000001,729.05,995.31,101.63298495075303,5,1,0,0,0,0,0.0,41.94999999999993,0.9442330284467568,1.0440022656708903,2,0.4
C-30863,Suspended,Ash Hill,18-29,English,Social tenancy,1,2023-10-21,,686.32,2023,10,26,2,0,0,6,4091.43,681.905,651.53,719.27,28.091655522592475,6,1,0,0,0,0,0.0,58.249999999999886,0.9935671406923884,1.0480096747872711,0,0.0
C-30864,Active,Weybridge,60-74,English,Private tenancy,3,2021-04-11,,654.37,2021,4,56,3,18,2,6,3537.37,589.5616666666666,483.37,672.56,81.22956565602614,6,1,0,0,0,0,0.0,24.729999999999905,0.9009607204894273,1.0277977291134983,3,0.5
C-30865,Active,Calder Central,30-44,English,No fixed abode,1,2023-11-19,,625.18,2023,11,25,3,23,1,6,3715.52,619.2533333333333,599.05,652.58,22.75036322054366,6,1,0,0,0,0,0.0,45.48000000000013,0.9905200635550296,1.0438273777152183,0,0.0
C-30866,Active,Weybridge,45-59,English,Private tenancy,1,2023-07-11,,671.05,2023,7,29,1,16,1,6,3909.31,651.5516666666666,549.82,703.39,53.581903443855616,6,1,0,0,0,0,0.0,44.16000000000008,0.9709435461838414,1.048193130169138,3,0.5
C-30867,Active,Weybridge,60-74,English,Resident with family,2,2024-11-21,,734.58,2024,11,13,0,9,1,6,4328.72,721.4533333333334,691.56,745.7,20.53252217012484,6,1,0,0,0,0,0.0,15.789999999999964,0.9821303783567933,1.0151379019303548,0,0.0
C-30868,Active,Calder Central,45-59,English,Social tenancy,3,2024-02-20,,1222.73,2024,2,22,3,4,2,6,7143.9,1190.6499999999999,1065.03,1276.42,78.09242370422378,6,1,0,0,0,0,0.0,101.34000000000015,0.9737636272930246,1.0439099392343363,2,0.3333333333333333
C-30869,Suspended,Weybridge,60-74,English,Resident with family,3,2024-04-13,,915.22,2024,4,20,2,1,1,6,5394.59,899.0983333333334,811.86,954.67,53.13302642111275,6,1,0,0,0,0,0.0,68.24999999999989,0.9823849274855591,1.043104390201263,0,0.0
C-30870,Active,Calder Central,60-74,Other,Owner-occupier,4,2023-03-05,,1391.68,2023,3,33,3,2,2,6,8194.2,1365.7,1243.86,1462.38,86.9853456623586,6,1,0,0,0,0,0.0,137.74,0.9813319153828465,1.0508019084847091,3,0.5
C-30871,Active,Weybridge,60-74,Spanish,Social tenancy,1,2021-09-03,,707.86,2021,9,51,4,17,2,6,4177.02,696.1700000000001,670.25,741.91,25.897416859602007,6,1,0,0,0,0,0.0,34.049999999999955,0.9834854349730172,1.0481027321786793,1,0.16666666666666666
C-30872,Active,Northgate,75+,English,Owner-occupier,4,2024-02-29,,1221.57,2024,2,22,2,4,1,6,7135.43,1189.2383333333335,918.56,1281.26,136.46031062791366,6,1,0,0,0,0,0.0,131.24000000000024,0.9735326942650305,1.0488633479866074,3,0.5
C-30873,Active,Northgate,18-29,English,Resident with family,4,2022-09-28,,792.89,2022,9,39,1,17,0,6,4655.12,775.8533333333334,663.53,839.96,63.99705232795234,6,1,0,0,0,0,0.0,91.03000000000009,0.978513202756162,1.059365107391946,0,0.0
C-30874,Closed,Northgate,75+,English,Owner-occupier,1,2025-04-05,2025-10,439.0,2025,4,8,2,18,1,4,1777.38,444.345,421.79,464.86,18.05942505544773,4,1,0,0,0,0,0.0,38.589999999999975,1.0121753986332576,1.0589066059225514,1,0.25
C-30875,Active,Ash Hill,75+,English,Social tenancy,3,2022-08-14,,1003.51,2022,8,40,0,7,0,6,5863.889999999999,977.3149999999999,793.67,1055.66,98.89334856298478,6,1,0,0,0,0,0.0,125.78999999999996,0.9738966228537832,1.0519675937459518,0,0.0
C-30876,Active,Calder Central,60-74,English,Owner-occupier,4,2023-09-21,,1123.78,2023,9,27,2,0,0,6,6757.12,1126.1866666666667,1073.22,1150.6,29.908147162047054,6,1,0,0,0,0,0.0,76.57000000000016,1.0021415816856205,1.0238658812223032,0,0.0
C-30877,Active,Calder Central,75+,English,Owner-occupier,2,2022-12-18,,1026.05,2022,12,36,0,7,0,6,6158.639999999999,1026.4399999999998,1006.43,1060.56,18.866433685251717,6,1,0,0,0,0,0.0,40.850000000000136,1.0003800984357487,1.0336338385068953,0,0.0
C-30878,Active,Calder Central,18-29,English,Social tenancy,5,2025-03-10,,1027.21,2025,3,9,2,8,1,6,5967.12,994.52,863.71,1048.52,69.04769945479713,6,1,0,0,0,0,0.0,41.0799999999997,0.9681759328666971,1.0207455145491184,1,0.16666666666666666
C-30879,Active,Ash Hill,60-74,English,Resident with family,4,2024-09-18,,1160.32,2024,9,15,0,5,0,6,6884.47,1147.4116666666666,1100.19,1227.45,51.72181219434088,6,1,0,0,0,0,0.0,103.44000000000028,0.9888751953484097,1.0578547297297298,0,0.0
C-30880,Active,Calder Central,18-29,English,Resident with family,5,2024-01-31,,1617.63,2024,1,23,2,3,1,6,9538.39,1589.7316666666666,1257.1,1709.74,171.98860443839484,6,1,0,0,0,0,0.0,250.8199999999997,0.982753575704374,1.0569413277449107,0,0.0
C-30881,Active,Ash Hill,30-44,English,Owner-occupier,3,2021-08-13,,935.83,2021,8,52,1,11,0,6,5424.6900000000005,904.1150000000001,666.85,988.5,123.0571913786431,6,1,0,0,0,0,0.0,140.2399999999999,0.9661102978104997,1.0562815896049496,0,0.0
C-30882,Active,Ash Hill,45-59,English,Private tenancy,1,2021-07-09,,486.47,2021,7,53,2,13,0,6,2474.49,412.41499999999996,323.74,477.01,58.434225159575774,6,1,0,0,0,0,0.0,0.0,0.8477706744506341,0.9805537854338396,0,0.0
C-30883,Active,Weybridge,60-74,English,No fixed abode,1,2025-08-08,,755.15,2025,8,4,2,15,0,6,4611.03,768.505,743.23,800.27,21.0060484146828,6,1,0,0,0,0,0.0,92.05000000000007,1.0176852281003774,1.059749718598954,0,0.0
C-30884,Active,Weybridge,60-74,English,Social tenancy,1,2021-06-12,,456.05,2021,6,54,2,16,3,6,2606.99,434.4983333333333,348.79,477.03,44.5860679659764,6,1,0,0,0,0,0.0,22.839999999999975,0.952742754814896,1.0460037276614405,1,0.16666666666666666
C-30885,Active,Calder Central,30-44,Spanish,Resident with family,2,2024-03-21,,592.31,2024,3,21,3,5,1,6,3440.38,573.3966666666666,487.92,616.86,45.407232316742984,6,1,0,0,0,0,0.0,32.20000000000016,0.9680685226767517,1.0414478904627646,1,0.16666666666666666
C-30886,Closed,Weybridge,18-29,English,Private tenancy,2,2023-04-22,2025-11,554.21,2023,4,32,0,18,0,5,2669.64,533.928,415.02,584.06,67.802396122851,5,1,0,0,0,0,0.0,45.38999999999987,0.9634037639162051,1.0538604500099238,0,0.0
C-30887,Closed,Northgate,60-74,English,Private tenancy,4,2022-02-08,2025-10,1397.64,2022,2,46,4,10,0,6,8225.44,1370.9066666666668,1315.99,1451.49,60.094945766400954,6,1,0,0,2,1,2650.0699999999997,97.69999999999982,0.9808725184358393,1.0385292349961364,0,0.0
C-30888,Active,Calder Central,75+,English,Social tenancy,1,2022-05-25,,503.25,2022,5,43,1,6,0,6,3022.11,503.685,475.8,523.65,16.369526260707726,6,1,0,0,0,0,0.0,37.11999999999995,1.0008643815201193,1.0405365126676602,0,0.0
C-30889,Active,Ash Hill,60-74,English,Owner-occupier,2,2025-03-26,,997.77,2025,3,9,0,8,2,6,5901.9,983.65,954.24,1026.03,31.70201886315759,6,1,0,0,0,0,0.0,51.75,0.9858484420257173,1.0283231606482455,2,0.3333333333333333
C-30890,Active,Northgate,30-44,English,Social tenancy,1,2021-10-03,,518.98,2021,10,50,0,6,1,6,2930.3,488.3833333333334,369.45,542.56,60.73534083765948,6,1,0,0,0,0,0.0,23.579999999999927,0.9410446131514382,1.0454352768892827,1,0.16666666666666666
C-30891,Active,Calder Central,18-29,English,Private tenancy,6,2024-01-11,,1475.31,2024,1,23,4,16,0,6,8616.36,1436.0600000000002,1182.04,1518.15,127.35283538264865,6,1,0,0,0,0,0.0,92.58000000000015,0.9733954219791094,1.0290379649022918,0,0.0
C-30892,Active,Calder Central,75+,English,Resident with family,1,2023-08-17,,493.8,2023,8,28,0,10,1,6,2902.2799999999997,483.7133333333333,395.59,521.81,46.44537938984529,6,1,0,0,0,0,0.0,60.28999999999991,0.9795733765357094,1.056723369785338,0,0.0
C-30893,Closed,Weybridge,18-29,Spanish,No fixed abode,1,2025-05-16,2025-09,397.67,2025,5,7,5,11,2,3,1180.66,393.55333333333334,382.98,411.56,15.673063942105676,3,1,0,0,0,0,0.0,13.889999999999986,0.989648033126294,1.0349284582694194,1,0.3333333333333333
C-30894,Active,Weybridge,30-44,Spanish,Social tenancy,2,2021-09-11,,802.87,2021,9,51,3,14,2,6,4788.38,798.0633333333334,773.02,841.43,27.65480259677631,6,1,0,0,0,0,0.0,54.25999999999988,0.9940131445107344,1.0480277006240113,1,0.16666666666666666
C-30895,Active,Northgate,60-74,English,Social tenancy,1,2025-04-21,,483.86,2025,4,8,4,10,2,7,3186.79,455.2557142857143,344.88,490.79,50.59569838670177,6,2,1,1,0,0,0.0,9.46999999999997,0.9408831362082302,1.0143223246393585,2,0.2857142857142857
C-30896,Active,Weybridge,75+,English,Private tenancy,1,2024-02-12,,659.1,2024,2,22,4,4,0,6,3849.02,641.5033333333333,542.64,693.91,52.261154088545204,6,1,0,0,0,0,0.0,45.58999999999992,0.9733019774439892,1.0528144439387042,0,0.0
C-30897,Suspended,Ash Hill,18-29,Spanish,Private tenancy,3,2022-02-08,,846.62,2022,2,46,3,22,1,6,5142.4400000000005,857.0733333333334,806.21,887.2,28.496544819796448,6,1,0,0,0,0,0.0,103.13000000000011,1.0123471372437851,1.0479317757671682,0,0.0
C-30898,Active,Ash Hill,30-44,English,No fixed abode,2,2022-06-03,,939.79,2022,6,42,1,14,3,6,5685.09,947.515,897.45,977.66,35.11809604747952,6,1,0,0,0,0,0.0,120.23000000000013,1.0082199214718182,1.0402962363932369,2,0.3333333333333333
C-30899,Active,Northgate,30-44,English,Social tenancy,5,2023-04-24,,1285.84,2023,4,32,0,4,1,6,7604.0599999999995,1267.3433333333332,1117.71,1342.24,79.91028836555822,6,1,0,0,0,0,0.0,102.1400000000001,0.9856151102262594,1.0438623779008276,3,0.5
C-30900,Active,Weybridge,18-29,English,No fixed abode,1,2021-11-09,,756.43,2021,11,49,3,8,0,6,4569.33,761.555,712.43,797.04,29.470986919341517,6,1,0,0,0,0,0.0,79.0200000000001,1.0067752468833866,1.0536863953042581,0,0.0
C-30901,Active,Ash Hill,45-59,English,Private tenancy,4,2023-08-01,,764.81,2023,8,28,2,17,1,6,4604.8,767.4666666666667,730.44,804.94,39.181268824103526,6,1,0,0,0,0,0.0,115.18000000000018,1.0034736296160702,1.0524705482407397,1,0.16666666666666666
C-30902,Active,Calder Central,45-59,Other,Owner-occupier,1,2021-07-08,,667.67,2021,7,53,4,19,2,6,4071.28,678.5466666666667,655.9,693.74,13.50791718462423,6,1,0,0,0,0,0.0,77.03000000000031,1.016290482823351,1.0390462354156995,1,0.16666666666666666
C-30903,Active,Calder Central,60-74,English,Resident with family,1,2021-03-22,,592.73,2021,3,57,2,19,1,6,3434.26,572.3766666666667,436.56,623.33,69.40403696231701,6,1,0,0,0,0,0.0,58.40999999999997,0.9656617121904857,1.0516255293303864,1,0.16666666666666666
C-30904,Active,Calder Central,75+,Spanish,No fixed abode,4,2025-04-29,,1021.15,2025,4,8,4,15,3,6,5905.11,984.185,831.27,1065.81,80.5307143268952,6,1,0,0,0,0,0.0,52.86999999999989,0.9638006169514762,1.0437350046516183,1,0.16666666666666666
C-30905,Active,Weybridge,45-59,English,Social tenancy,2,2025-02-28,,873.3,2025,2,10,2,12,0,6,5275.61,879.2683333333333,834.87,911.25,32.09434244016643,6,1,0,0,0,0,0.0,104.0300000000002,1.0068342303141342,1.0434558570937822,0,0.0
C-30906,Active,Ash Hill,45-59,English,Social tenancy,2,2023-05-06,,529.23,2023,5,31,1,21,0,6,3175.16,529.1933333333333,514.58,546.25,11.496042217505385,6,1,0,0,0,0,0.0,26.43999999999994,0.9999307169535614,1.032159930465015,0,0.0
C-30907,Active,Weybridge,45-59,Spanish,No fixed abode,2,2022-11-05,,737.15,2022,11,37,3,14,2,6,4225.76,704.2933333333334,567.54,760.45,70.35794643582676,6,1,0,0,0,0,0.0,30.060000000000173,0.955427434488684,1.0316082208505732,1,0.16666666666666666
C-30908,Active,Weybridge,45-59,English,Resident with family,3,2025-04-25,,1180.85,2025,4,8,2,17,0,6,6700.1,1116.6833333333334,981.27,1225.19,78.3192578276037,6,1,0,0,0,0,0.0,44.340000000000146,0.9456606117062568,1.0375492230173182,0,0.0
C-30909,Suspended,Weybridge,75+,Other,Resident with family,1,2024-07-20,,528.81,2024,7,17,3,22,2,6,3156.33,526.055,505.86,537.2,11.978961140265895,6,1,0,0,0,0,0.0,20.19000000000017,0.9947901892929409,1.015865811917324,1,0.16666666666666666
C-30910,Active,Northgate,45-59,English,Social tenancy,2,2023-02-19,,924.35,2023,2,34,0,9,1,6,5543.97,923.995,869.23,966.58,33.45690646189518,6,1,0,0,0,0,0.0,72.63999999999999,0.9996159463406719,1.045686157840645,1,0.16666666666666666
C-30911,Active,Calder Central,30-44,English,Private tenancy,2,2024-11-26,,947.4,2024,11,13,1,1,0,6,5322.08,887.0133333333333,690.11,975.79,101.29497809203902,6,1,0,0,0,0,0.0,30.32000000000005,0.9362606431637465,1.0299662233481106,0,0.0
C-30912,Active,Northgate,75+,English,Social tenancy,2,2022-03-25,,748.86,2022,3,45,1,16,1,6,4628.67,771.445,725.68,792.89,26.219156927712255,6,1,0,0,0,0,0.0,158.68999999999994,1.0301591752797585,1.058796036642363,2,0.3333333333333333
C-30913,Active,Calder Central,18-29,English,No fixed abode,4,2024-01-05,,813.98,2024,1,23,2,13,0,6,4790.95,798.4916666666667,773.09,839.07,27.147086338439117,6,1,0,0,0,0,0.0,35.639999999999986,0.9809720959564937,1.0308238531659255,0,0.0
C-30914,Active,Calder Central,75+,English,Owner-occupier,3,2021-05-14,,1158.77,2021,5,55,2,16,0,6,7022.16,1170.36,1106.25,1212.61,45.17181377806298,6,1,0,0,0,0,0.0,150.77999999999997,1.0100019848632602,1.0464630599687599,0,0.0
C-30915,Active,Calder Central,18-29,English,Private tenancy,3,2023-07-04,,1054.8,2023,7,29,3,9,0,6,6171.01,1028.5016666666668,884.38,1114.57,83.05681198232126,6,1,0,0,0,0,0.0,106.26999999999998,0.9750679433699911,1.0566647705726204,0,0.0
C-30916,Active,Ash Hill,45-59,English,Owner-occupier,2,2021-06-06,,1007.71,2021,6,54,1,8,0,6,5822.3,970.3833333333333,734.26,1054.11,119.11491219266657,6,1,0,0,0,0,0.0,94.53999999999974,0.9629589200596732,1.0460449931031743,0,0.0
C-30917,Active,Calder Central,45-59,English,No fixed abode,1,2022-10-02,,597.11,2022,10,38,5,14,0,6,3557.38,592.8966666666666,565.6,612.0,16.53200854907431,6,1,0,0,0,0,0.0,24.59999999999991,0.9929437903680505,1.0249367788179733,0,0.0
C-30918,Active,Northgate,45-59,English,Social tenancy,1,2024-12-02,,740.06,2024,12,12,2,6,0,6,4516.97,752.8283333333334,725.56,769.88,15.69553875044327,6,1,0,0,0,0,0.0,91.11000000000024,1.0172531056040501,1.0402940302137664,0,0.0
C-30919,Active,Ash Hill,60-74,Spanish,Resident with family,6,2023-01-28,,1197.82,2023,1,35,6,1,0,6,7097.95,1182.9916666666666,991.55,1267.18,104.49027560814774,6,1,0,0,0,0,0.0,181.75000000000023,0.9876205662509113,1.0579051944365598,0,0.0
C-30920,Active,Calder Central,18-29,Spanish,No fixed abode,5,2021-07-14,,1197.52,2021,7,53,5,14,2,6,7239.56,1206.5933333333335,1136.79,1263.2,48.58300635681855,6,1,0,0,0,0,0.0,154.6800000000003,1.007576769768633,1.0548466831451668,0,0.0
C-30921,Active,Weybridge,75+,English,Owner-occupier,2,2024-06-23,,534.32,2024,6,18,2,19,1,6,3176.68,529.4466666666666,516.29,545.13,10.998264711610943,6,1,0,0,0,0,0.0,15.759999999999877,0.9908793731596545,1.0202313220541996,0,0.0
C-30922,Active,Calder Central,75+,English,Owner-occupier,1,2025-05-06,,691.72,2025,5,7,2,5,1,6,4243.9400000000005,707.3233333333334,683.87,732.84,19.12876019679969,6,1,0,0,0,0,0.0,101.46999999999991,1.0225572967867538,1.059446018620251,0,0.0
C-30923,Active,Northgate,60-74,English,Private tenancy,1,2025-02-07,,410.88,2025,2,10,3,2,0,6,2231.97,371.99499999999995,312.06,404.45,42.35532020891826,6,1,0,0,0,0,0.0,0.0,0.9053616627725857,0.9843506619937694,0,0.0
C-30924,Active,Calder Central,75+,English,No fixed abode,2,2025-08-27,,1001.51,2025,8,4,1,11,0,6,5091.23,848.5383333333333,740.85,977.34,103.18218284503712,6,1,0,0,0,0,0.0,0.0,0.8472589722851827,0.9758664416730737,0,0.0
C-30925,Active,Northgate,45-59,Other,Social tenancy,2,2022-04-09,,614.71,2022,4,44,3,10,2,6,3675.89,612.6483333333333,588.36,631.31,16.815455291685275,6,1,0,0,0,0,0.0,34.63999999999987,0.9966461149702027,1.0270046037969123,2,0.3333333333333333
C-30926,Active,Northgate,60-74,English,Private tenancy,2,2022-01-18,,580.53,2022,1,47,3,8,0,6,3573.68,595.6133333333333,578.03,607.39,11.545088421777736,6,1,0,0,0,0,0.0,93.00000000000011,1.0259820049495,1.0462680653885243,0,0.0
C-30927,Active,Calder Central,60-74,Spanish,Resident with family,2,2025-07-19,,629.4,2025,7,5,5,11,0,6,3597.66,599.61,524.4,646.45,53.49399779414511,6,1,0,0,0,0,0.0,27.490000000000123,0.9526692087702574,1.0270892913886243,0,0.0
C-30928,Active,Ash Hill,45-59,English,Resident with family,1,2024-03-02,,382.22,2024,3,21,2,8,0,6,2221.71,370.285,362.23,379.23,7.281790301841973,6,1,0,0,0,0,0.0,0.0,0.9687745277588822,0.9921772801004657,0,0.0
C-30929,Active,Ash Hill,75+,Other,Private tenancy,1,2024-04-13,,613.54,2024,4,20,3,14,1,6,3671.6899999999996,611.9483333333333,587.68,645.03,25.661861519902736,6,1,0,0,0,0,0.0,61.710000000000036,0.9974057654485988,1.0513250969781922,5,0.8333333333333334
C-30930,Active,Ash Hill,30-44,English,Owner-occupier,2,2023-08-28,,706.52,2023,8,28,4,18,1,6,4143.73,690.6216666666666,593.57,738.65,51.91333640469146,6,1,0,0,0,0,0.0,51.08000000000004,0.9774976881994376,1.0454764196342636,3,0.5
C-30931,Active,Weybridge,30-44,English,Owner-occupier,1,2023-09-06,,632.1,2023,9,27,0,7,0,6,3786.94,631.1566666666666,595.64,652.73,19.67632248837843,6,1,0,0,0,0,0.0,38.200000000000045,0.9985076201023045,1.0326372409428888,0,0.0
C-30932,Active,Weybridge,75+,English,Owner-occupier,1,2022-05-19,,765.7,2022,5,43,1,16,0,6,4496.85,749.475,720.78,786.01,27.497921194155765,6,1,0,0,0,0,0.0,30.559999999999945,0.9788102389969962,1.0265247485960558,0,0.0
C-30933,Active,Weybridge,45-59,English,Owner-occupier,1,2022-04-16,,638.32,2022,4,44,3,10,1,6,3800.39,633.3983333333333,605.57,658.81,20.67329235188884,6,1,0,0,0,0,0.0,37.489999999999895,0.9922896561808079,1.03209988720391,2,0.3333333333333333
C-30934,Active,Northgate,18-29,English,No fixed abode,2,2022-06-23,,927.2,2022,6,42,5,6,0,6,5478.3,913.0500000000001,878.1,937.42,20.083836286924814,6,1,0,0,0,0,0.0,10.219999999999914,0.9847389991371872,1.0110224331320103,0,0.0
C-30935,Active,Calder Central,30-44,English,Private tenancy,1,2021-06-21,,579.28,2021,6,54,4,1,1,6,3360.12,560.02,455.96,608.21,53.222479085439126,6,1,0,0,0,0,0.0,33.38000000000011,0.9667518298577545,1.0499413064493857,1,0.16666666666666666
C-30936,Active,Calder Central,30-44,English,Social tenancy,1,2024-09-01,,466.78,2024,9,15,2,23,1,6,2671.68,445.28,402.67,466.65,23.2947315932165,6,1,0,0,0,0,0.0,0.0,0.9539397574874674,0.9997214962080637,2,0.3333333333333333
C-30937,Active,Calder Central,75+,English,Resident with family,5,2024-08-18,,1334.44,2024,8,16,2,2,0,6,7802.46,1300.41,1260.2,1354.42,40.42965644177555,6,1,0,0,0,0,0.0,27.62999999999988,0.974498666107131,1.0149725727646053,0,0.0
C-30938,Active,Northgate,60-74,English,Resident with family,2,2024-10-24,,578.63,2024,10,14,1,12,1,6,3526.63,587.7716666666666,580.21,597.72,6.057027048533556,6,1,0,0,0,0,0.0,54.850000000000136,1.0157988121367139,1.0329917218256919,2,0.3333333333333333
C-30939,Active,Ash Hill,30-44,English,Resident with family,5,2023-04-14,,1455.26,2023,4,32,5,21,0,6,8731.56,1455.26,1455.26,1455.26,0.0,6,1,0,0,0,0,0.0,0.0,1.0,1.0,0,0.0
C-30940,Suspended,Ash Hill,60-74,English,Private tenancy,1,2023-11-03,,391.76,2023,11,25,1,20,0,6,2286.14,381.0233333333333,316.59,405.98,34.525267655250225,6,1,0,0,0,0,0.0,40.60000000000002,0.9725937648900688,1.0362977333061059,0,0.0
C-30941,Active,Northgate,30-44,English,Social tenancy,1,2024-02-06,,453.84,2024,2,22,4,15,0,6,2802.09,467.01500000000004,457.27,478.3,9.29518746448937,6,1,0,0,0,0,0.0,79.05000000000013,1.0290300546448088,1.0538956460426583,0,0.0
C-30942,Active,Calder Central,45-59,English,Resident with family,2,2023-08-10,,882.26,2023,8,28,1,22,0,6,4974.65,829.1083333333332,703.48,920.98,100.4150089213095,6,1,0,0,0,0,0.0,75.34000000000003,0.9397550986481686,1.0438872894611566,0,0.0
C-30943,Active,Northgate,30-44,English,Social tenancy,2,2021-02-15,,898.07,2021,2,58,3,20,1,6,5324.09,887.3483333333334,866.53,901.12,12.777833019204252,6,1,0,0,0,0,0.0,3.0499999999999545,0.9880614354486101,1.0033961717906177,1,0.16666666666666666
C-30944,Active,Calder Central,18-29,Other,Resident with family,5,2021-10-11,,1162.91,2021,10,50,4,21,2,6,7205.219999999999,1200.87,1136.36,1231.35,35.90519182513863,6,1,0,0,0,0,0.0,254.3099999999995,1.032642250905057,1.0588523617476846,1,0.16666666666666666
C-30945,Closed,Calder Central,30-44,Other,No fixed abode,1,2024-11-18,2025-09,534.47,2024,11,13,6,4,5,6,3142.51,523.7516666666667,508.8,550.68,16.36682671340614,6,1,0,0,3,1,1580.56,17.87999999999988,0.9799458653744207,1.0303291110820063,3,0.5
C-30946,Active,Weybridge,45-59,English,Social tenancy,2,2024-02-22,,609.59,2024,2,22,0,19,3,6,3522.22,587.0366666666666,447.34,630.92,70.73712707388295,6,1,0,0,0,0,0.0,54.929999999999836,0.9630024552021302,1.0349907314752538,4,0.6666666666666666
C-30947,Active,Weybridge,30-44,English,Social tenancy,2,2023-12-24,,589.5,2023,12,24,3,11,0,6,3558.84,593.14,566.14,624.39,19.501801968023365,6,1,0,0,0,0,0.0,54.24000000000001,1.0061747243426633,1.0591857506361322,0,0.0
C-30948,Active,Ash Hill,18-29,English,No fixed abode,1,2021-07-19,,700.95,2021,7,53,0,11,0,6,3977.29,662.8816666666667,584.31,698.79,40.66852365978714,6,1,0,0,0,0,0.0,0.0,0.9456903725895808,0.9969184677937084,0,0.0
C-30949,Active,Northgate,60-74,English,No fixed abode,1,2022-06-27,,426.04,2022,6,42,0,16,0,6,2579.36,429.8933333333334,407.46,443.79,13.609221383557063,6,1,0,0,0,0,0.0,48.23999999999995,1.0090445341595469,1.041662754670923,0,0.0
C-30950,Closed,Ash Hill,45-59,English,Social tenancy,1,2022-12-25,2025-10,571.96,2022,12,36,0,6,0,4,2258.16,564.54,555.51,573.84,9.04744162733314,4,1,0,0,0,0,0.0,1.8799999999999955,0.9870270648297083,1.003286943142877,0,0.0
C-30951,Active,Ash Hill,45-59,English,Social tenancy,3,2024-07-14,,950.13,2024,7,17,2,19,1,6,5907.45,984.5749999999999,951.38,1003.25,19.569994123657732,6,1,0,0,0,0,0.0,206.67000000000007,1.0362529338090578,1.0559081388862577,1,0.16666666666666666
C-30952,Active,Ash Hill,45-59,Other,Resident with family,1,2025-05-26,,576.19,2025,5,7,3,9,0,6,3470.46,578.41,547.77,610.0,25.477204713233366,6,1,0,0,0,0,0.0,73.75999999999988,1.0038528957461947,1.0586785608913725,0,0.0
C-30953,Closed,Weybridge,18-29,Other,Owner-occupier,3,2023-07-15,2025-08,779.7,2023,7,29,7,15,3,6,4455.82,742.6366666666667,571.87,818.03,88.68139617003482,6,1,0,0,4,1,2876.6400000000003,58.109999999999786,0.9524646231456542,1.0491599333076824,2,0.3333333333333333
C-30954,Active,Ash Hill,60-74,English,Social tenancy,3,2025-08-04,,834.54,2025,8,4,2,3,1,6,10377.74,1729.6233333333332,1533.71,1859.51,115.58158601899643,6,1,0,0,0,0,0.0,5370.5,2.0725469520134845,2.2281855872696337,1,0.16666666666666666
C-30955,Active,Calder Central,30-44,English,Resident with family,2,2022-01-29,,717.01,2022,1,47,2,6,4,6,4302.0599999999995,717.0099999999999,717.01,717.01,0.0,6,1,0,0,0,0,0.0,0.0,1.0,1.0,1,0.16666666666666666
C-30956,Active,Calder Central,45-59,Spanish,Owner-occupier,1,2023-09-16,,443.14,2023,9,27,4,19,2,6,2339.57,389.92833333333334,297.53,457.17,72.75583314529958,6,1,0,0,0,0,0.0,15.450000000000045,0.8799213190714749,1.0316604233425104,2,0.3333333333333333
C-30957,Active,Calder Central,18-29,English,Private tenancy,2,2021-11-14,,824.92,2021,11,49,4,19,2,6,4967.63,827.9383333333334,776.11,863.01,35.59629161396826,6,1,0,0,0,0,0.0,97.66000000000008,1.0036589406649534,1.0461741744654027,4,0.6666666666666666
C-30958,Active,Weybridge,45-59,English,Private tenancy,1,2022-12-05,,446.81,2022,12,36,3,1,0,6,2689.08,448.18,425.54,462.59,12.480576909742584,6,1,0,0,0,0,0.0,30.460000000000036,1.0030661802555896,1.0353170251337256,0,0.0
C-30959,Active,Calder Central,75+,English,No fixed abode,3,2023-08-27,,1170.69,2023,8,28,3,5,0,6,6792.950000000001,1132.1583333333335,914.4,1224.25,113.39709051235256,6,1,0,0,0,0,0.0,88.68999999999983,0.9670863621738747,1.0457507965387933,0,0.0
C-30960,Active,Ash Hill,30-44,English,Resident with family,3,2021-08-29,,740.75,2021,8,52,1,17,1,6,4467.04,744.5066666666667,730.07,766.29,16.16816955213751,6,1,0,0,0,0,0.0,50.50999999999988,1.0050714366070423,1.0344785690178873,1,0.16666666666666666
C-30961,Active,Northgate,30-44,English,Resident with family,5,2024-05-11,,1511.69,2024,5,19,0,20,0,6,8233.38,1372.2299999999998,1116.73,1563.25,203.4555541635568,6,1,0,0,0,0,0.0,88.95999999999981,0.9077456356792727,1.0341075220448637,0,0.0
C-30962,Active,Calder Central,18-29,Spanish,No fixed abode,2,2024-09-10,,864.16,2024,9,15,5,5,1,6,5058.3,843.0500000000001,716.39,901.26,68.01173486980024,6,1,0,0,0,0,0.0,67.46000000000015,0.9755716533975191,1.0429318644695427,3,0.5
C-30963,Active,Northgate,60-74,English,Owner-occupier,4,2024-09-02,,802.7,2024,9,15,1,21,1,6,4799.16,799.86,759.33,834.47,27.759544664853543,6,1,0,0,0,0,0.0,56.539999999999964,0.9964619409492962,1.0395789211411486,2,0.3333333333333333
C-30964,Active,Calder Central,60-74,English,Resident with family,1,2023-11-09,,402.8,2023,11,25,1,6,1,6,2419.96,403.32666666666665,388.55,421.54,13.584911728335475,6,1,0,0,0,0,0.0,34.379999999999995,1.0013075140681893,1.046524329692155,3,0.5
C-30965,Active,Weybridge,30-44,English,Owner-occupier,2,2023-09-15,,940.27,2023,9,27,2,15,2,6,5548.55,924.7583333333333,891.81,971.12,36.06463720414592,6,1,0,0,0,0,0.0,57.889999999999986,0.9835029654602755,1.0328097248662618,0,0.0
C-30966,Closed,Ash Hill,30-44,English,Resident with family,2,2023-12-12,2025-07,536.23,2023,12,24,4,9,1,1,535.34,535.34,535.34,535.34,0.0,1,1,0,0,0,0,0.0,0.0,0.998340264438767,0.998340264438767,1,1.0
C-30967,Suspended,Ash Hill,30-44,English,No fixed abode,3,2024-01-05,,1214.25,2024,1,23,2,0,1,6,7359.84,1226.64,1152.59,1286.91,47.363489314027575,6,1,0,0,0,0,0.0,144.42000000000007,1.0102038295243978,1.0598394070413837,1,0.16666666666666666
C-30968,Active,Calder Central,18-29,English,Social tenancy,1,2022-03-05,,464.28,2022,3,45,0,22,0,6,2713.25,452.2083333333333,357.03,485.17,49.20343460233919,6,1,0,0,0,0,0.0,56.91000000000014,0.9739991671692371,1.0449943999310762,0,0.0
C-30969,Active,Ash Hill,18-29,Other,Private tenancy,4,2024-10-19,,1356.21,2024,10,14,3,7,1,6,7610.7,1268.45,908.08,1402.71,182.7960090373966,6,1,0,0,0,0,0.0,67.44000000000005,0.9352902574085133,1.0342867255071118,2,0.3333333333333333
C-30970,Active,Calder Central,45-59,English,Resident with family,2,2022-02-06,,849.88,2022,2,46,1,13,1,6,5148.51,858.085,814.49,895.85,36.472779301830016,6,1,0,0,0,0,0.0,119.10000000000002,1.0096543041370547,1.0540899891749425,2,0.3333333333333333
C-30971,Active,Calder Central,18-29,English,Owner-occupier,1,2024-12-05,,396.55,2024,12,12,0,19,1,6,2420.41,403.40166666666664,374.76,419.05,15.877903409035676,6,1,0,0,0,0,0.0,62.89999999999992,1.0172781910645987,1.0567393771277267,1,0.16666666666666666
C-30972,Active,Calder Central,75+,English,Owner-occupier,2,2024-05-18,,763.1,2024,5,19,0,2,2,6,4485.52,747.5866666666667,723.73,783.8,22.143583871330886,6,1,0,0,0,0,0.0,20.699999999999932,0.9796706416808632,1.0271261957803695,2,0.3333333333333333
C-30973,Active,Northgate,45-59,English,No fixed abode,2,2021-02-11,,543.03,2021,2,58,4,23,0,6,3310.67,551.7783333333333,524.13,570.9,21.71610961168381,6,1,0,0,0,0,0.0,90.12000000000012,1.0161102210436501,1.0513231313187117,0,0.0
C-30974,Closed,Weybridge,75+,Other,Resident with family,3,2021-12-31,2025-08,1148.2,2021,12,48,7,0,2,2,2222.5299999999997,1111.2649999999999,1086.6,1135.93,34.881577515932584,2,1,0,0,0,0,0.0,0.0,0.9678322591882946,0.9893137084131685,1,0.5
C-30975,Active,Northgate,30-44,English,Social tenancy,5,2021-08-20,,857.17,2021,8,52,1,12,0,6,5030.01,838.335,675.13,878.98,80.27153960152998,6,1,0,0,0,0,0.0,69.03000000000009,0.97802652915991,1.0254441942671817,0,0.0
C-30976,Active,Calder Central,60-74,English,No fixed abode,3,2021-07-07,,761.39,2021,7,53,3,13,0,6,4389.23,731.5383333333333,685.24,774.87,30.246842755346673,6,1,0,0,0,0,0.0,13.480000000000018,0.9607931984046721,1.017704461576853,0,0.0
C-30977,Active,Northgate,75+,English,Resident with family,2,2024-03-20,,841.86,2024,3,21,1,20,0,6,5151.88,858.6466666666666,813.92,891.71,32.47806623964352,6,1,0,0,0,0,0.0,144.12,1.0199399741841477,1.0592141211127741,0,0.0
C-30978,Active,Ash Hill,45-59,English,Private tenancy,2,2023-10-13,,563.62,2023,10,26,1,3,0,6,3330.28,555.0466666666667,537.02,572.95,14.675561545190266,6,1,0,0,0,0,0.0,16.950000000000045,0.9847888056965095,1.0165537063979277,0,0.0
C-30979,Closed,Calder Central,18-29,English,Owner-occupier,1,2023-01-14,2025-08,377.95,2023,1,35,3,18,2,6,2192.23,365.37166666666667,303.76,386.05,31.648797396846955,6,1,0,0,4,1,1522.86,22.49000000000001,0.9667195837191868,1.0214314062706709,1,0.16666666666666666
C-30980,Active,Weybridge,75+,Other,Resident with family,2,2024-06-27,,811.09,2024,6,18,4,7,2,6,4925.44,820.9066666666666,794.63,847.9,23.01964870858513,6,1,0,0,0,0,0.0,90.01999999999987,1.012103054737041,1.0453833729918998,1,0.16666666666666666
C-30981,Active,Calder Central,18-29,English,No fixed abode,3,2021-12-12,,848.45,2021,12,48,1,0,2,6,4861.0199999999995,810.17,572.18,898.57,120.14332557408257,6,1,0,0,0,0,0.0,92.54999999999984,0.9548824326713419,1.0590724261889328,0,0.0
C-30982,Closed,Ash Hill,60-74,English,Private tenancy,1,2022-06-14,2025-08,491.76,2022,6,42,4,3,0,2,1024.9299999999998,512.4649999999999,510.02,514.91,3.4577521600021677,2,1,0,0,0,0,0.0,41.40999999999997,1.0421038718073858,1.0470758093378885,0,0.0
C-30983,Active,Northgate,18-29,English,No fixed abode,1,2022-05-01,,544.9,2022,5,43,1,4,2,6,3246.02,541.0033333333333,470.7,576.9,40.580220633538545,6,1,0,0,0,0,0.0,81.09000000000003,0.9928488407658898,1.0587263718113415,1,0.16666666666666666
C-30984,Active,Calder Central,45-59,English,No fixed abode,1,2024-08-24,,743.49,2024,8,16,0,23,0,6,4493.41,748.9016666666666,721.52,775.76,21.503784240609054,6,1,0,0,0,0,0.0,71.46999999999991,1.0072787349751398,1.043403408250279,0,0.0
C-30985,Active,Weybridge,60-74,English,Social tenancy,3,2025-08-11,,695.44,2025,8,4,2,3,3,6,3966.64,661.1066666666667,507.7,719.39,77.94080437528643,6,1,0,0,0,0,0.0,41.919999999999845,0.9506307757199278,1.0344386287817784,2,0.3333333333333333
C-30986,Active,Calder Central,18-29,Spanish,Resident with family,1,2025-04-28,,550.66,2025,4,8,5,4,2,6,3199.33,533.2216666666667,408.66,570.81,63.10909519765488,6,1,0,0,0,0,0.0,61.180000000000064,0.9683319410646618,1.0365924526931318,1,0.16666666666666666
C-30987,Active,Northgate,45-59,English,No fixed abode,1,2025-04-01,,591.08,2025,4,8,2,20,0,6,3466.04,577.6733333333333,432.92,618.8,71.79324694333492,6,1,0,0,0,0,0.0,77.7199999999998,0.9773183551013963,1.0468972051160585,0,0.0
C-30988,Active,Ash Hill,45-59,English,Private tenancy,1,2024-01-02,,691.77,2024,1,23,0,6,1,6,4124.16,687.36,660.4,722.0,21.907588639555946,6,1,0,0,0,0,0.0,37.440000000000055,0.993625048787892,1.0436994954970582,1,0.16666666666666666
C-30989,Active,Ash Hill,60-74,Other,Owner-occupier,1,2024-08-20,,490.23,2024,8,16,4,13,0,6,2918.1,486.34999999999997,465.93,509.88,15.370419642937536,6,1,0,0,0,0,0.0,24.449999999999932,0.9920853476939394,1.040083226240744,0,0.0
C-30990,Active,Calder Central,30-44,English,Social tenancy,3,2022-05-16,,870.52,2022,5,43,0,17,0,6,5220.68,870.1133333333333,821.94,903.27,35.75230547344693,6,1,0,0,0,0,0.0,91.84000000000003,0.999532846268131,1.0376211919312595,0,0.0
C-30991,Active,Ash Hill,60-74,English,No fixed abode,5,2025-08-14,,919.22,2025,8,4,2,22,0,6,5557.79,926.2983333333333,864.92,969.44,42.32188437046098,6,1,0,0,0,0,0.0,129.4799999999999,1.0077003691535575,1.0546332760383803,0,0.0
C-30992,Active,Northgate,60-74,English,Owner-occupier,2,2023-02-06,,539.76,2023,2,34,2,14,1,6,3122.54,520.4233333333333,478.22,549.27,26.236717528430777,6,1,0,0,0,0,0.0,9.509999999999991,0.9641754359962453,1.0176189417518897,1,0.16666666666666666
C-30993,Closed,Northgate,18-29,English,Private tenancy,6,2024-05-29,2025-11,1141.12,2024,5,19,1,16,1,5,5532.91,1106.5819999999999,933.0,1187.71,102.13178139051521,5,1,0,0,0,0,0.0,74.16000000000031,0.9697332445316882,1.0408283090297252,1,0.2
C-30994,Active,Weybridge,60-74,Other,Private tenancy,2,2025-03-25,,525.92,2025,3,9,6,4,1,6,3027.9799999999996,504.66333333333324,425.27,553.68,43.03148134408881,6,1,0,0,0,0,0.0,27.75999999999999,0.9595819389514247,1.0527836933373897,1,0.16666666666666666
C-30995,Active,Northgate,60-74,Other,Owner-occupier,1,2021-09-21,,507.85,2021,9,51,4,15,3,6,3000.33,500.055,480.03,526.54,21.118583996092188,6,1,0,0,0,0,0.0,34.219999999999914,0.9846509796199664,1.036802205375603,1,0.16666666666666666
C-30996,Active,Weybridge,30-44,Spanish,No fixed abode,3,2021-08-29,,1012.54,2021,8,52,6,9,0,6,5726.64,954.44,722.16,1016.47,115.04636456663897,6,1,0,0,0,0,0.0,3.9300000000000637,0.9426195508325597,1.003881328145061,0,0.0
C-30997,Active,Ash Hill,45-59,English,Resident with family,5,2025-01-07,,915.18,2025,1,11,5,11,1,6,5166.99,861.165,770.17,931.15,72.72039569474303,6,1,0,0,0,0,0.0,23.190000000000055,0.9409788238379336,1.0174501191022531,2,0.3333333333333333
C-30998,Active,Calder Central,60-74,Spanish,Social tenancy,3,2024-06-13,,1019.7,2024,6,18,4,8,1,6,5659.61,943.2683333333333,721.32,1072.42,125.02413613645432,6,1,0,0,0,0,0.0,66.38999999999987,0.9250449478604819,1.0517014808276945,0,0.0
C-30999,Active,Northgate,30-44,English,Private tenancy,1,2024-04-03,,585.97,2024,4,20,2,20,1,6,3394.15,565.6916666666667,497.92,611.06,40.28119581972045,6,1,0,0,0,0,0.0,32.069999999999936,0.9653935639480974,1.04281789170094,2,0.3333333333333333
C-31000,Active,Weybridge,45-59,English,Social tenancy,1,2025-08-13,,532.96,2025,8,4,3,14,0,6,3010.59,501.76500000000004,412.77,534.02,44.85738946929479,6,1,0,0,0,0,0.0,1.0599999999999454,0.9414684028820174,1.001988892224557,0,0.0
C-31001,Active,Calder Central,18-29,English,Owner-occupier,4,2023-05-02,,1170.52,2023,5,31,4,8,2,6,7071.0,1178.5,1120.82,1230.35,53.855635916772876,6,1,0,0,0,0,0.0,170.5999999999999,1.0068174828281446,1.0511140347879575,0,0.0
C-31002,Active,Weybridge,45-59,English,No fixed abode,2,2021-07-30,,623.35,2021,7,53,1,12,2,6,3785.13,630.855,595.26,658.1,25.896910819632524,6,1,0,0,0,0,0.0,89.33999999999992,1.0120397850324858,1.0557471725354937,2,0.3333333333333333
C-31003,Active,Northgate,60-74,English,Resident with family,4,2024-06-20,,715.41,2024,6,18,2,22,3,6,4196.28,699.38,675.36,749.68,28.51269261223845,6,1,0,0,0,0,0.0,34.26999999999998,0.9775932681958598,1.047902601305545,3,0.5
C-31004,Active,Calder Central,45-59,English,Private tenancy,3,2023-03-08,,612.61,2023,3,33,2,11,0,6,3659.49,609.915,563.17,638.96,26.619333387596352,6,1,0,0,0,0,0.0,47.97000000000003,0.9956007900621929,1.0430126834364442,0,0.0
C-31005,Active,Weybridge,30-44,Other,Resident with family,1,2022-10-27,,481.78,2022,10,38,4,11,1,6,2874.0,479.0,466.24,505.32,14.193109595856724,6,1,0,0,0,0,0.0,23.54000000000002,0.9942297314126781,1.048860475735813,3,0.5
C-31006,Active,Weybridge,45-59,English,No fixed abode,1,2024-02-08,,658.32,2024,2,22,1,8,1,6,3905.27,650.8783333333333,624.8,672.33,21.317979657243956,6,1,0,0,0,0,0.0,31.28999999999985,0.9886959735893385,1.0212814436748086,2,0.3333333333333333
C-31007,Active,Northgate,45-59,English,Owner-occupier,4,2024-04-20,,862.41,2024,4,20,2,16,0,6,4707.37,784.5616666666666,600.34,896.05,132.23203324711702,6,1,0,0,0,0,0.0,56.139999999999986,0.9097316434951667,1.0390069688431256,0,0.0
C-31008,Active,Weybridge,45-59,English,Resident with family,1,2025-03-23,,376.61,2025,3,9,2,7,1,6,2241.0,373.5,359.85,397.68,13.28602122533302,6,1,0,0,0,0,0.0,22.319999999999993,0.9917421204960037,1.0559464698228938,3,0.5
C-31009,Active,Northgate,75+,English,Private tenancy,1,2022-02-15,,542.13,2022,2,46,2,12,0,6,3167.7,527.9499999999999,518.65,533.01,6.6273644837144445,6,1,0,0,0,0,0.0,0.0,0.9738439119768322,0.9831774666592884,0,0.0
C-31010,Active,Calder Central,45-59,Other,Social tenancy,2,2024-03-22,,821.8,2024,3,21,2,22,1,6,4547.21,757.8683333333333,614.37,798.65,71.1104229819136,6,1,0,0,0,0,0.0,0.0,0.922205321651659,0.9718301289851545,2,0.3333333333333333
C-31011,Active,Weybridge,30-44,Spanish,Owner-occupier,5,2023-03-21,,1511.99,2023,3,33,3,17,1,6,8884.39,1480.7316666666666,1229.29,1587.3,130.4180366999391,6,1,0,0,0,0,0.0,150.5999999999999,0.9793263623877584,1.049808530479699,1,0.16666666666666666
C-31012,Active,Calder Central,60-74,Other,Private tenancy,3,2023-01-16,,1054.74,2023,1,35,5,3,1,6,6185.01,1030.835,772.81,1113.03,131.74109210872666,6,1,0,0,0,0,0.0,181.56999999999994,0.9773356466996606,1.0552648045963935,1,0.16666666666666666
C-31013,Active,Calder Central,45-59,English,No fixed abode,2,2022-09-21,,655.1,2022,9,39,2,20,2,6,3735.44,622.5733333333334,534.63,690.13,50.14373925692684,6,1,0,0,0,0,0.0,35.02999999999997,0.9503485472955783,1.0534727522515646,0,0.0
C-31014,Active,Weybridge,18-29,Other,Owner-occupier,3,2022-11-01,,939.33,2022,11,37,4,10,1,6,5602.93,933.8216666666667,884.08,983.97,40.09229223512503,6,1,0,0,0,0,0.0,80.32999999999993,0.9941358911848516,1.047523234645971,2,0.3333333333333333
C-31015,Active,Weybridge,60-74,English,No fixed abode,2,2025-01-29,,961.43,2025,1,11,2,5,1,6,5825.03,970.8383333333333,921.41,1012.47,31.68399685435329,6,1,0,0,0,0,0.0,101.09000000000015,1.0097857705015791,1.053087588279958,2,0.3333333333333333
C-31016,Active,Northgate,75+,Spanish,No fixed abode,5,2022-04-15,,1415.74,2022,4,44,4,1,1,6,8592.550000000001,1432.091666666667,1389.91,1498.17,39.09523726320972,6,1,0,0,0,0,0.0,131.7700000000002,1.0115499079397818,1.058223967677681,1,0.16666666666666666
C-31017,Active,Ash Hill,18-29,English,Owner-occupier,1,2024-08-24,,657.7,2024,8,16,3,9,0,6,3826.93,637.8216666666666,470.55,690.93,83.16056743833984,6,1,0,0,0,0,0.0,78.36999999999978,0.9697759870254928,1.0505245552683593,0,0.0
C-31018,Active,Calder Central,60-74,English,Social tenancy,4,2021-03-04,,911.88,2021,3,57,0,18,2,6,5051.02,841.8366666666667,645.79,965.34,109.74197932726872,6,1,0,0,0,0,0.0,53.460000000000036,0.9231879925721221,1.0586261350177655,3,0.5
C-31019,Suspended,Weybridge,75+,English,Social tenancy,1,2021-08-21,,499.5,2021,8,52,3,8,0,6,2945.83,490.97166666666664,476.64,503.67,11.835944265949673,6,1,0,0,0,0,0.0,7.650000000000034,0.9829262595929262,1.0083483483483484,0,0.0
C-31020,Closed,Northgate,45-59,English,Social tenancy,1,2023-12-21,2025-10,456.17,2023,12,24,4,17,3,6,2632.84,438.8066666666667,348.87,478.27,45.54494512749648,6,1,0,0,2,1,937.48,25.13999999999993,0.9619367048834132,1.0484468509546878,2,0.3333333333333333
C-31021,Active,Ash Hill,60-74,English,Private tenancy,1,2025-03-04,,480.38,2025,3,9,2,4,0,6,2687.54,447.92333333333335,348.92,486.24,49.71697925926983,6,1,0,0,0,0,0.0,5.860000000000014,0.9324354330599386,1.0121986760481285,0,0.0
C-31022,Active,Calder Central,30-44,Other,Owner-occupier,2,2023-06-18,,510.39,2023,6,30,3,19,4,6,3074.79,512.465,482.4,530.79,16.470471456518784,6,1,0,0,0,0,0.0,41.710000000000036,1.0040655185250495,1.0399694351378357,1,0.16666666666666666
C-31023,Active,Weybridge,30-44,English,Private tenancy,1,2023-05-07,,491.26,2023,5,31,5,15,0,6,2801.92,466.9866666666667,381.55,513.01,45.70787357410825,6,1,0,0,0,0,0.0,24.579999999999984,0.9505896402448126,1.0442739079102716,0,0.0
C-31024,Active,Weybridge,45-59,English,Resident with family,2,2023-06-07,,718.75,2023,6,30,2,19,0,6,4304.37,717.395,682.86,749.28,23.021168302238692,6,1,0,0,0,0,0.0,48.97000000000003,0.9981147826086957,1.0424765217391303,0,0.0
C-31025,Active,Calder Central,75+,English,Owner-occupier,4,2023-05-25,,1121.88,2023,5,31,3,7,2,6,6620.35,1103.3916666666667,912.63,1185.87,100.1608381387989,6,1,0,0,0,0,0.0,132.09999999999968,0.9835202220082956,1.0570381859022353,2,0.3333333333333333
C-31026,Active,Northgate,45-59,English,Social tenancy,1,2021-11-07,,550.39,2021,11,49,1,12,0,6,3306.03,551.005,519.27,576.19,21.963115216198283,6,1,0,0,0,0,0.0,57.650000000000205,1.0011173894874543,1.0468758516688168,0,0.0
C-31027,Active,Northgate,75+,English,Private tenancy,5,2022-02-08,,1106.94,2022,2,46,3,4,0,6,6643.54,1107.2566666666667,1004.94,1168.7,63.65625143429878,6,1,0,0,0,0,0.0,153.82999999999993,1.0002860739215012,1.0557934486060672,0,0.0
C-31028,Active,Ash Hill,30-44,Spanish,Private tenancy,1,2022-05-12,,597.08,2022,5,43,5,11,3,6,3559.24,593.2066666666666,567.38,628.41,24.25955124619303,6,1,0,0,0,0,0.0,51.469999999999914,0.9935128737634263,1.0524720305486701,3,0.5
C-31029,Active,Northgate,45-59,English,Private tenancy,2,2023-08-07,,986.44,2023,8,28,0,16,0,6,5862.49,977.0816666666666,809.64,1042.41,87.58247619624984,6,1,0,0,0,0,0.0,144.3599999999999,0.9905130232621007,1.0567393860751795,0,0.0
C-31030,Active,Calder Central,60-74,English,Resident with family,1,2025-08-18,,546.0,2025,8,4,5,12,1,6,3199.45,533.2416666666667,524.28,541.96,6.38830311324274,6,1,0,0,0,0,0.0,0.0,0.9766330891330891,0.9926007326007327,3,0.5
C-31031,Active,Calder Central,30-44,English,Resident with family,1,2023-01-21,,452.65,2023,1,35,1,16,1,6,2595.58,432.59666666666664,356.95,473.02,39.83393662025719,6,1,0,0,0,0,0.0,21.940000000000055,0.9556979270223499,1.045001656909312,2,0.3333333333333333
C-31032,Active,Calder Central,45-59,English,Social tenancy,1,2022-10-07,,763.83,2022,10,38,2,5,2,6,4468.31,744.7183333333334,613.74,795.52,67.32407041071318,6,1,0,0,0,0,0.0,62.67999999999995,0.9749791620299456,1.041488289279028,2,0.3333333333333333
C-31033,Active,Ash Hill,18-29,Spanish,Private tenancy,1,2021-11-05,,652.5,2021,11,49,3,12,0,6,3877.95,646.3249999999999,614.53,685.08,29.571216917807096,6,1,0,0,0,0,0.0,56.879999999999995,0.9905363984674329,1.0499310344827586,0,0.0
C-31034,Closed,Calder Central,45-59,English,No fixed abode,1,2025-03-21,2025-12,523.82,2025,3,9,2,5,2,6,3062.26,510.3766666666667,494.73,539.08,17.757578288344018,6,1,0,0,0,0,0.0,15.259999999999991,0.9743359678260979,1.0291321446298347,2,0.3333333333333333
C-31035,Active,Weybridge,30-44,Spanish,Social tenancy,2,2022-12-17,,986.66,2022,12,36,6,21,3,6,5825.06,970.8433333333334,933.42,1027.16,41.65277165647767,6,1,0,0,0,0,0.0,71.34000000000015,0.9839694862803127,1.0410475746457748,1,0.16666666666666666
C-31036,Active,Northgate,45-59,Other,No fixed abode,1,2023-04-25,,529.94,2023,4,32,4,7,3,6,3058.5,509.75,381.45,561.0,66.70478543552926,6,1,0,0,0,0,0.0,64.55999999999983,0.9619013473223382,1.058610408725516,3,0.5
C-31037,Active,Calder Central,30-44,English,Social tenancy,1,2021-12-04,,379.96,2021,12,48,2,8,0,6,2184.02,364.00333333333333,280.94,397.98,43.33183525615628,6,1,0,0,0,0,0.0,36.66000000000008,0.9580043513352283,1.047426044846826,0,0.0
C-31038,Active,Calder Central,30-44,English,Social tenancy,2,2022-11-20,,659.77,2022,11,37,2,8,0,6,3856.11,642.6850000000001,630.71,662.11,12.92668054838519,6,1,0,0,0,0,0.0,2.340000000000032,0.9741046122133472,1.0035466905133608,0,0.0
C-31039,Active,Northgate,30-44,English,Private tenancy,2,2023-12-30,,645.68,2023,12,24,4,3,1,6,3645.13,607.5216666666666,525.46,665.28,57.97826331192287,6,1,0,0,0,0,0.0,34.15000000000009,0.940902098046504,1.0303555941023417,5,0.8333333333333334
C-31040,Active,Northgate,30-44,English,Social tenancy,3,2023-11-13,,934.89,2023,11,25,5,10,0,6,5602.84,933.8066666666667,885.1,972.88,41.15083846857395,6,1,0,0,0,0,0.0,107.51999999999998,0.9988412183964602,1.0406357967247484,0,0.0
C-31041,Active,Weybridge,60-74,English,Private tenancy,1,2021-02-02,,535.28,2021,2,58,1,16,1,6,3111.2,518.5333333333333,394.11,564.8,63.13926628229588,6,1,0,0,0,0,0.0,59.66999999999996,0.968714193194839,1.0551487072186518,2,0.3333333333333333
C-31042,Active,Calder Central,18-29,English,Private tenancy,1,2024-05-08,,669.38,2024,5,19,2,19,0,6,3897.85,649.6416666666667,612.83,680.38,22.37946149188281,6,1,0,0,0,0,0.0,11.0,0.9705125140677443,1.0164331172129433,0,0.0
C-31043,Suspended,Northgate,45-59,English,No fixed abode,1,2023-11-18,,749.78,2023,11,25,0,3,1,6,4378.53,729.755,517.86,791.63,105.45554015792627,6,1,0,0,0,0,0.0,115.47000000000014,0.9732921657019392,1.0558163728026888,1,0.16666666666666666
C-31044,Active,Calder Central,18-29,English,Resident with family,5,2021-11-11,,803.86,2021,11,49,1,18,1,6,4719.35,786.5583333333334,759.0,830.13,30.10823237366594,6,1,0,0,0,0,0.0,37.93999999999994,0.9784767662694168,1.0326798198691314,2,0.3333333333333333
C-31045,Active,Northgate,45-59,Spanish,Resident with family,1,2022-07-18,,632.33,2022,7,41,5,16,1,6,3636.82,606.1366666666667,502.54,655.92,55.739616312517505,6,1,0,0,0,0,0.0,42.86999999999989,0.9585764816894132,1.0373064697230876,1,0.16666666666666666
C-31046,Active,Calder Central,60-74,Other,No fixed abode,1,2024-07-05,,480.5,2024,7,17,4,21,2,6,2804.95,467.4916666666666,374.11,500.3,48.00951381410425,6,1,0,0,0,0,0.0,50.02000000000004,0.9729275060700658,1.0412070759625391,2,0.3333333333333333
C-31047,Active,Weybridge,18-29,English,No fixed abode,2,2023-10-06,,886.16,2023,10,26,3,0,1,6,5217.22,869.5366666666667,837.5,917.79,29.1781738062317,6,1,0,0,0,0,0.0,31.629999999999995,0.9812411603623122,1.035693328518552,1,0.16666666666666666
C-31048,Active,Northgate,60-74,Other,No fixed abode,2,2025-02-03,,766.87,2025,2,10,5,0,1,6,4561.39,760.2316666666667,737.6,788.87,19.30334418350009,6,1,0,0,0,0,0.0,29.279999999999973,0.9913436001756056,1.0286880436058263,1,0.16666666666666666
C-31049,Suspended,Ash Hill,30-44,English,No fixed abode,2,2021-10-31,,688.7,2021,10,50,1,15,0,6,4059.1,676.5166666666667,600.62,724.11,40.73770571186682,6,1,0,0,0,0,0.0,36.13999999999987,0.9823096655534581,1.0514157107594018,0,0.0
C-31050,Active,Northgate,30-44,English,No fixed abode,1,2022-02-11,,394.09,2022,2,46,1,1,0,6,2312.6,385.43333333333334,345.63,415.44,25.387054706418123,6,1,0,0,0,0,0.0,35.76000000000005,0.9780337824693176,1.0541754421578828,0,0.0
C-31051,Active,Calder Central,18-29,English,Private tenancy,2,2024-03-21,,814.34,2024,3,21,4,7,0,6,4543.5599999999995,757.2599999999999,633.9,852.85,96.89648125706114,6,1,0,0,0,0,0.0,42.559999999999945,0.9299064272908121,1.0472898298008202,0,0.0
C-31052,Active,Northgate,30-44,Spanish,No fixed abode,3,2023-11-10,,745.32,2023,11,25,2,7,3,6,4207.9400000000005,701.3233333333334,548.24,774.58,79.49740113152546,6,1,0,0,0,0,0.0,34.16999999999996,0.940969427002272,1.0392583051575162,1,0.16666666666666666
C-31053,Active,Northgate,60-74,English,Resident with family,1,2024-11-27,,390.45,2024,11,13,4,10,0,6,2361.41,393.5683333333333,367.97,411.02,15.21767579713362,6,1,0,0,0,0,0.0,44.87000000000006,1.0079865112903914,1.052682801895249,0,0.0
C-31054,Active,Weybridge,30-44,English,Social tenancy,1,2023-07-03,,677.52,2023,7,29,1,8,1,6,4052.88,675.48,644.69,698.31,21.0682528938685,6,1,0,0,0,0,0.0,43.120000000000005,0.9969890187743536,1.0306854410201913,2,0.3333333333333333
C-31055,Active,Northgate,30-44,English,Private tenancy,5,2023-03-05,,925.65,2023,3,33,0,8,1,6,5600.31,933.3850000000001,882.5,959.15,28.397298991277317,6,1,0,0,0,0,0.0,92.73000000000013,1.008356290174472,1.0361907848538865,2,0.3333333333333333
C-31056,Active,Calder Central,30-44,English,No fixed abode,1,2023-01-29,,754.94,2023,1,35,2,5,1,6,4569.37,761.5616666666666,738.07,799.9,25.165806497441427,6,1,0,0,0,0,0.0,80.93999999999983,1.0087711164684168,1.059554401674305,0,0.0
C-31057,Active,Calder Central,60-74,English,Social tenancy,1,2022-04-29,,583.8,2022,4,44,2,11,1,6,3422.1800000000003,570.3633333333333,500.57,616.46,39.68213535921006,6,1,0,0,0,0,0.0,39.080000000000155,0.9769841269841271,1.0559438163754713,1,0.16666666666666666
C-31058,Active,Northgate,18-29,Other,Private tenancy,1,2022-08-07,,508.27,2022,8,40,4,18,0,6,2995.49,499.2483333333333,404.7,535.06,48.19062664737478,6,1,0,0,0,0,0.0,58.670000000000016,0.9822502475718288,1.052708206268322,0,0.0
C-31059,Active,Calder Central,45-59,English,Social tenancy,3,2023-07-12,,1144.19,2023,7,29,4,5,1,6,6865.14,1144.19,1144.19,1144.19,0.0,6,1,0,0,0,0,0.0,0.0,1.0,1.0,1,0.16666666666666666
C-31060,Closed,Calder Central,30-44,Other,Resident with family,3,2023-12-04,2025-08,1130.59,2023,12,24,5,4,3,2,2252.96,1126.48,1081.8,1171.16,63.18706196682998,2,1,0,0,0,0,0.0,40.570000000000164,0.9963647299197765,1.0358839190157354,1,0.5
C-31061,Active,Calder Central,30-44,English,Social tenancy,1,2022-04-15,,453.15,2022,4,44,2,10,1,6,2752.27,458.71166666666664,449.39,472.79,8.190810501206018,6,1,0,0,0,0,0.0,37.8900000000001,1.0122733458383906,1.0433410570451287,2,0.3333333333333333
C-31062,Active,Calder Central,45-59,English,No fixed abode,4,2021-12-06,,1057.43,2021,12,48,0,9,0,6,6147.46,1024.5766666666666,821.1,1097.81,102.44622973378117,6,1,0,0,0,0,0.0,72.40999999999963,0.9689309615451297,1.0381869249028304,0,0.0
C-31063,Active,Weybridge,18-29,English,Social tenancy,1,2022-11-13,,510.36,2022,11,37,0,6,0,6,3061.19,510.1983333333333,482.92,521.57,14.503645633655914,6,1,0,0,0,0,0.0,31.700000000000045,0.9996832301382031,1.0219648875303708,0,0.0
C-31064,Active,Calder Central,45-59,English,Owner-occupier,1,2022-03-02,,656.64,2022,3,45,1,0,0,6,4072.27,678.7116666666667,650.18,694.68,16.99164196499759,6,1,0,0,0,0,0.0,138.8900000000001,1.0336130401234567,1.0579312865497075,0,0.0
C-31065,Active,Calder Central,45-59,English,Private tenancy,1,2025-06-04,,451.34,2025,6,6,0,17,0,6,2519.93,419.9883333333333,330.48,470.3,54.23151497668736,6,1,0,0,0,0,0.0,34.25000000000006,0.9305364765660773,1.0420082421234547,0,0.0
C-31066,Active,Northgate,18-29,English,Private tenancy,2,2021-08-27,,592.06,2021,8,52,0,20,0,6,3559.63,593.2716666666666,556.73,627.29,24.795743519133808,6,1,0,0,0,0,0.0,61.62000000000012,1.002046526815976,1.059504104313752,0,0.0
C-31067,Active,Calder Central,30-44,English,Social tenancy,5,2022-02-15,,1433.05,2022,2,46,3,6,2,6,8551.2,1425.2,1356.15,1507.63,49.09252000050521,6,1,0,0,0,0,0.0,74.58000000000015,0.9945221729876836,1.0520428456787971,3,0.5
C-31068,Suspended,Weybridge,60-74,English,No fixed abode,1,2022-10-22,,659.43,2022,10,38,0,20,1,6,3953.6800000000003,658.9466666666667,636.61,685.6,20.65739447913667,6,1,0,0,0,0,0.0,49.96000000000015,0.999267043760015,1.0396857892422244,1,0.16666666666666666
C-31069,Active,Weybridge,60-74,Spanish,Social tenancy,2,2021-04-20,,677.39,2021,4,56,7,11,1,6,4011.34,668.5566666666667,640.39,694.29,18.066133694475585,6,1,0,0,0,0,0.0,19.75999999999999,0.9869597523829207,1.0249487001579591,1,0.16666666666666666
C-31070,Active,Ash Hill,30-44,English,Owner-occupier,4,2024-02-13,,877.41,2024,2,22,0,18,1,6,5240.47,873.4116666666667,837.77,921.16,27.657932978924247,6,1,0,0,0,0,0.0,43.75,0.9954430273950226,1.0498626639769322,2,0.3333333333333333
C-31071,Active,Calder Central,45-59,Other,Private tenancy,4,2021-09-01,,1307.81,2021,9,51,4,8,2,6,7450.49,1241.7483333333332,1096.38,1325.65,78.00361515126507,6,1,0,0,0,0,0.0,17.840000000000146,0.9494868010898627,1.013641125239905,2,0.3333333333333333
C-31072,Suspended,Calder Central,60-74,English,Private tenancy,3,2022-06-30,,989.58,2022,6,42,0,21,0,6,5963.15,993.8583333333332,955.99,1042.49,29.053462042700968,6,1,0,0,0,0,0.0,75.07999999999993,1.0043233829840268,1.0534671274682188,0,0.0
C-31073,Active,Northgate,60-74,Spanish,Owner-occupier,1,2024-10-24,,508.27,2024,10,14,6,19,1,6,2888.29,481.38166666666666,384.89,524.56,58.952166174506836,6,1,0,0,0,0,0.0,40.24000000000001,0.9470983270046759,1.032049894740984,4,0.6666666666666666
C-31074,Active,Northgate,45-59,English,Resident with family,2,2024-05-14,,713.28,2024,5,19,0,15,1,6,4317.61,719.6016666666666,682.23,753.64,29.437180175191134,6,1,0,0,0,0,0.0,89.0200000000001,1.0088628121728729,1.0565836698070885,3,0.5
C-31075,Active,Ash Hill,75+,English,Resident with family,2,2021-04-21,,508.68,2021,4,56,0,12,0,6,2948.68,491.44666666666666,421.21,537.81,41.45045315393633,6,1,0,0,0,0,0.0,44.039999999999964,0.9661214647060365,1.0572658645907052,0,0.0
C-31076,Active,Northgate,45-59,English,Private tenancy,3,2025-08-16,,1173.68,2025,8,4,1,0,0,6,7124.17,1187.3616666666667,1129.95,1225.32,34.056328291033715,6,1,0,0,0,0,0.0,129.13999999999965,1.0116570672301364,1.0439983641196917,0,0.0
C-31077,Active,Calder Central,30-44,English,No fixed abode,2,2024-12-03,,822.23,2024,12,12,2,11,0,6,4982.35,830.3916666666668,813.14,857.31,19.42429243670578,6,1,0,0,0,0,0.0,71.43999999999983,1.0099262574543213,1.042664461282123,0,0.0
C-31078,Active,Weybridge,30-44,Other,No fixed abode,1,2023-09-21,,606.01,2023,9,27,6,6,1,6,3442.64,573.7733333333333,504.57,596.1,34.800527965343676,6,1,0,0,0,0,0.0,0.0,0.9468050582223616,0.9836471345357338,2,0.3333333333333333
C-31079,Active,Calder Central,75+,English,Social tenancy,5,2025-04-13,,805.98,2025,4,8,3,13,1,6,4797.91,799.6516666666666,780.89,816.84,15.352262916803717,6,1,0,0,0,0,0.0,20.730000000000018,0.9921482749778736,1.013474279758803,2,0.3333333333333333
C-31080,Active,Weybridge,30-44,English,Owner-occupier,3,2023-10-20,,1001.18,2023,10,26,0,14,0,6,5783.04,963.84,745.81,1055.36,113.53745619838412,6,1,0,0,0,0,0.0,97.76999999999998,0.9627040092690625,1.0541161429513175,0,0.0
C-31081,Active,Weybridge,30-44,English,Owner-occupier,1,2021-06-29,,641.2,2021,6,54,2,12,2,6,3807.83,634.6383333333333,604.09,652.89,22.03508966777005,6,1,0,0,0,0,0.0,29.729999999999905,0.9897665834892909,1.0182314410480349,1,0.16666666666666666
C-31082,Active,Weybridge,45-59,English,Private tenancy,3,2023-08-19,,645.4,2023,8,28,2,22,0,6,3726.2799999999997,621.0466666666666,455.52,672.13,82.73397576973242,6,1,0,0,0,0,0.0,64.48000000000013,0.9622662948042557,1.0414161760148746,0,0.0
C-31083,Active,Calder Central,45-59,English,Social tenancy,2,2024-05-14,,658.1,2024,5,19,3,10,0,6,3944.38,657.3966666666666,625.86,688.78,27.050196795340785,6,1,0,0,0,0,0.0,68.02999999999986,0.9989312667780985,1.0466190548548853,0,0.0
C-31084,Active,Calder Central,30-44,Spanish,Resident with family,1,2022-04-02,,668.41,2022,4,44,4,10,4,6,3998.7,666.4499999999999,648.41,676.74,12.320719134855759,6,1,0,0,0,0,0.0,23.47000000000014,0.9970676680480545,1.0124624107957692,4,0.6666666666666666
C-31085,Active,Northgate,45-59,English,Social tenancy,4,2024-04-04,,806.2,2024,4,20,2,9,1,6,4852.57,808.7616666666667,759.33,842.83,36.830348581932626,6,1,0,0,0,0,0.0,101.28999999999985,1.003177458033573,1.0454353758372612,2,0.3333333333333333
C-31086,Active,Northgate,18-29,English,Private tenancy,2,2023-06-21,,1009.53,2023,6,30,2,22,0,6,5764.68,960.7800000000001,831.7,1006.19,65.34961882061744,6,1,0,0,0,0,0.0,0.0,0.9517102017770647,0.9966915297217518,0,0.0
C-31087,Active,Weybridge,30-44,English,Social tenancy,3,2023-06-12,,889.28,2023,6,30,2,11,1,6,5373.110000000001,895.5183333333334,867.32,924.57,25.38344453904291,6,1,0,0,0,0,0.0,79.86000000000013,1.0070150383831116,1.0396837891327817,3,0.5
C-31088,Active,Calder Central,18-29,English,No fixed abode,2,2022-12-15,,848.06,2022,12,36,1,18,2,6,4321.86,720.31,648.01,821.31,80.28403652034444,6,1,0,0,0,0,0.0,0.0,0.8493620734382001,0.9684574204655331,2,0.3333333333333333
C-31089,Active,Weybridge,45-59,Spanish,No fixed abode,2,2022-01-31,,867.45,2022,1,47,4,2,3,6,5162.25,860.375,833.68,883.46,18.811699285285233,6,1,0,0,0,0,0.0,22.809999999999945,0.9918439103118334,1.0184563951812784,2,0.3333333333333333
C-31090,Active,Ash Hill,30-44,English,Social tenancy,1,2024-03-12,,648.02,2024,3,21,0,18,3,6,3716.95,619.4916666666667,549.88,669.44,47.59811988583866,6,1,0,0,0,0,0.0,22.010000000000105,0.955976152999393,1.0330545353538472,1,0.16666666666666666
C-31091,Active,Calder Central,45-59,Other,Resident with family,1,2021-11-01,,429.23,2021,11,49,1,19,2,6,2587.76,431.29333333333335,405.04,453.24,17.188986784178592,6,1,0,0,0,0,0.0,47.589999999999975,1.004807057599267,1.0559373762318571,2,0.3333333333333333
C-31092,Active,Calder Central,60-74,English,Private tenancy,3,2022-12-09,,733.4,2022,12,36,4,4,1,6,4074.5600000000004,679.0933333333334,514.52,770.19,108.27779489196607,6,1,0,0,0,0,0.0,76.39000000000021,0.9259521861648942,1.0501636214889556,0,0.0
C-31093,Active,Northgate,45-59,Other,Private tenancy,2,2022-10-10,,888.81,2022,10,38,4,5,2,6,5288.55,881.4250000000001,846.36,937.56,31.233740570095016,6,1,0,0,0,0,0.0,48.75,0.991691137588461,1.054848617814831,3,0.5
C-31094,Active,Calder Central,30-44,English,Private tenancy,1,2022-12-20,,534.99,2022,12,36,2,18,0,6,3238.77,539.795,522.5,554.2,11.40870500977215,6,1,0,0,0,0,0.0,42.549999999999955,1.0089814762892764,1.0359072132189386,0,0.0
C-31095,Active,Calder Central,30-44,English,Resident with family,2,2023-06-23,,927.07,2023,6,30,1,6,0,6,5373.73,895.6216666666666,879.98,920.13,18.80275556046685,6,1,0,0,0,0,0.0,0.0,0.9660777143761168,0.9925140496402645,0,0.0
C-31096,Active,Calder Central,30-44,Spanish,Owner-occupier,3,2024-12-15,,1012.49,2024,12,12,5,10,1,6,6062.33,1010.3883333333333,966.89,1073.23,44.64313672521981,6,1,0,0,0,0,0.0,103.16000000000008,0.9979242593342486,1.0599907159576885,4,0.6666666666666666
C-31097,Closed,Calder Central,30-44,English,No fixed abode,1,2022-09-22,2025-09,560.59,2022,9,39,1,14,2,6,3356.37,559.395,531.97,577.19,19.157651996004088,6,1,0,0,3,1,1708.6100000000001,43.43999999999994,0.99786831730855,1.0296116591448297,1,0.16666666666666666
C-31098,Active,Ash Hill,60-74,English,No fixed abode,5,2025-01-23,,1015.22,2025,1,11,4,7,0,6,6128.66,1021.4433333333333,991.64,1059.02,26.455046147505907,6,1,0,0,0,0,0.0,83.61999999999989,1.0061300342126174,1.0431433580898721,0,0.0
C-31099,Active,Calder Central,60-74,English,Owner-occupier,3,2025-03-05,,903.98,2025,3,9,4,20,3,6,5478.75,913.125,878.59,952.87,25.968458367796885,6,1,0,0,0,0,0.0,89.71999999999991,1.0101163742560677,1.0540830549348437,1,0.16666666666666666
C-31100,Active,Calder Central,60-74,English,Owner-occupier,2,2022-12-10,,710.59,2022,12,36,3,7,1,6,4074.23,679.0383333333333,567.29,753.23,70.282839275791,6,1,0,0,0,0,0.0,65.87,0.9555979303583406,1.0600064734938572,2,0.3333333333333333
C-31101,Active,Calder Central,60-74,English,Private tenancy,2,2023-11-05,,516.56,2023,11,25,1,20,1,6,3051.45,508.575,489.03,537.33,20.104749438876414,6,1,0,0,0,0,0.0,29.420000000000186,0.9845419699550876,1.0402083010686078,1,0.16666666666666666
C-31102,Active,Northgate,45-59,English,Owner-occupier,2,2025-08-21,,651.66,2025,8,4,4,3,0,6,3900.83,650.1383333333333,629.44,673.77,16.861882951398627,6,1,0,0,0,0,0.0,37.32000000000005,0.9976649377487238,1.033928735843845,0,0.0
C-31103,Active,Calder Central,30-44,English,No fixed abode,4,2023-10-03,,1273.96,2023,10,26,3,10,0,6,7748.0599999999995,1291.3433333333332,1253.39,1309.82,20.451171767570234,6,1,0,0,0,0,0.0,124.86999999999966,1.0136451170628067,1.0281484505008005,0,0.0
C-31104,Suspended,Calder Central,30-44,English,Social tenancy,2,2023-05-05,,970.89,2023,5,31,4,0,2,6,5425.18,904.1966666666667,655.55,1028.2,128.6412869442259,6,1,0,0,0,0,0.0,57.31000000000006,0.9313070138395355,1.0590283142271524,1,0.16666666666666666
C-31105,Active,Ash Hill,18-29,English,No fixed abode,2,2023-05-23,,962.44,2023,5,31,1,22,1,6,5733.38,955.5633333333334,924.28,1016.89,34.351849828890785,6,1,0,0,0,0,0.0,64.39999999999986,0.9928549658506851,1.0565749553218902,1,0.16666666666666666
C-31106,Active,Calder Central,30-44,Other,Owner-occupier,2,2021-08-31,,938.67,2021,8,52,4,19,3,6,5779.52,963.2533333333334,930.19,994.62,30.11394937012856,6,1,0,0,0,0,0.0,156.56000000000006,1.0261895376791987,1.0596056121959794,3,0.5
C-31107,Active,Weybridge,30-44,English,Owner-occupier,5,2023-06-24,,1447.26,2023,6,30,1,9,0,6,8641.49,1440.2483333333332,1390.34,1486.93,31.37870833330567,6,1,0,0,0,0,0.0,44.830000000000155,0.9951552128389739,1.027410416925777,0,0.0
C-31108,Active,Northgate,75+,English,Social tenancy,6,2021-01-13,,1361.44,2021,1,59,2,23,1,6,8142.53,1357.0883333333334,1281.32,1422.36,48.98896260043343,6,1,0,0,0,0,0.0,99.0799999999997,0.9968036294903436,1.0447467387472087,0,0.0
C-31109,Active,Calder Central,60-74,English,Resident with family,1,2022-12-25,,572.05,2022,12,36,3,5,0,6,3372.83,562.1383333333333,539.01,586.97,21.56247427051604,6,1,0,0,0,0,0.0,28.320000000000164,0.9826734259825773,1.0260816362206102,0,0.0
C-31110,Active,Weybridge,45-59,Spanish,Social tenancy,1,2022-11-23,,445.8,2022,11,37,4,21,2,6,2574.66,429.10999999999996,345.83,463.5,43.26094404887623,6,1,0,0,0,0,0.0,31.899999999999977,0.9625616868550919,1.0397039030955586,4,0.6666666666666666
C-31111,Active,Northgate,45-59,English,Private tenancy,5,2023-01-22,,1189.43,2023,1,35,3,1,0,6,6778.889999999999,1129.8149999999998,823.71,1260.3,153.97409973758565,6,1,0,0,0,0,0.0,70.86999999999989,0.9498793539762742,1.0595831616824865,0,0.0
C-31112,Active,Ash Hill,75+,English,Private tenancy,4,2025-05-03,,1026.64,2025,5,7,2,10,1,6,5554.1900000000005,925.6983333333334,775.68,1019.94,99.2343876721506,6,1,0,0,0,0,0.0,0.0,0.9016776409776877,0.9934738564638043,2,0.3333333333333333
C-31113,Active,Weybridge,75+,English,Private tenancy,2,2023-08-02,,644.1,2023,8,28,2,5,1,6,3795.22,632.5366666666666,610.65,662.05,20.576687456115625,6,1,0,0,0,0,0.0,26.229999999999905,0.9820473011437146,1.0278683434249338,2,0.3333333333333333
C-31114,Active,Ash Hill,30-44,English,No fixed abode,1,2023-04-10,,503.08,2023,4,32,2,17,1,6,2916.0499999999997,486.00833333333327,361.6,531.62,63.20711681975903,6,1,0,0,0,0,0.0,62.47999999999996,0.9660657019426996,1.0567305398743738,3,0.5
C-31115,Active,Northgate,45-59,English,No fixed abode,1,2024-03-31,,438.87,2024,3,21,3,21,0,6,2472.73,412.12166666666667,304.89,463.02,54.8774388675954,6,1,0,0,0,0,0.0,24.149999999999977,0.9390518072929721,1.0550276847357987,0,0.0
C-31116,Active,Ash Hill,45-59,English,Social tenancy,1,2023-09-22,,723.96,2023,9,27,1,20,0,6,4225.139999999999,704.1899999999999,599.81,749.88,56.59025251754937,6,1,0,0,0,0,0.0,58.999999999999886,0.9726918614288081,1.035803083043262,0,0.0
C-31117,Suspended,Northgate,45-59,English,Private tenancy,1,2024-04-30,,540.49,2024,4,20,3,7,1,6,3013.42,502.2366666666667,386.22,557.48,60.51106268003121,6,1,0,0,0,0,0.0,16.99000000000001,0.9292247158442648,1.0314344391200578,1,0.16666666666666666
C-31118,Closed,Northgate,45-59,Spanish,Private tenancy,5,2021-08-12,2025-07,1247.29,2021,8,52,5,11,1,1,1314.43,1314.43,1314.43,1314.43,0.0,1,1,0,0,0,0,0.0,67.1400000000001,1.0538287006229505,1.0538287006229505,0,0.0
C-31119,Active,Northgate,18-29,Spanish,Private tenancy,4,2021-05-20,,1286.71,2021,5,55,4,19,2,6,7721.860000000001,1286.9766666666667,1237.38,1360.33,51.64252730712024,6,1,0,0,0,0,0.0,126.39999999999986,1.0002072469061922,1.0572156896270333,2,0.3333333333333333
C-31120,Closed,Weybridge,45-59,Spanish,Resident with family,1,2024-12-17,2025-11,672.58,2024,12,12,3,12,1,5,3294.83,658.966,588.69,706.73,48.11457086995579,5,1,0,0,0,0,0.0,62.16999999999996,0.979758541734812,1.0507746290404114,0,0.0
C-31121,Active,Ash Hill,45-59,Other,Resident with family,3,2023-07-07,,997.81,2023,7,29,4,0,2,6,5979.79,996.6316666666667,954.41,1025.03,27.336283153835407,6,1,0,0,0,0,0.0,64.30000000000007,0.9988190804528584,1.0272797426363738,2,0.3333333333333333
C-31122,Active,Northgate,18-29,English,Private tenancy,2,2024-07-23,,653.15,2024,7,17,3,22,0,6,3740.22,623.37,496.19,685.94,68.21967663365164,6,1,0,0,0,0,0.0,55.29000000000008,0.9544055729924213,1.0502028630483045,0,0.0
C-31123,Active,Weybridge,45-59,English,Social tenancy,4,2021-06-16,,1349.85,2021,6,54,1,7,0,6,8072.19,1345.365,1271.86,1419.23,53.25680153745628,6,1,0,0,0,0,0.0,108.20000000000027,0.9966774086009558,1.0513983035152055,0,0.0
C-31124,Active,Calder Central,18-29,English,Social tenancy,4,2024-10-24,,1349.29,2024,10,14,2,3,0,6,7857.71,1309.6183333333333,1236.64,1368.31,47.28491997102955,6,1,0,0,0,0,0.0,19.019999999999982,0.9705981170343909,1.0140963024998333,0,0.0
C-31125,Active,Northgate,45-59,English,Private tenancy,5,2023-10-04,,1454.34,2023,10,26,1,17,0,6,8583.26,1430.5433333333333,1253.1,1498.46,88.6723868330309,6,1,0,0,0,0,0.0,64.94000000000028,0.9836374804607818,1.0303367850708913,0,0.0
C-31126,Active,Calder Central,30-44,English,Social tenancy,2,2023-07-21,,840.68,2023,7,29,2,4,1,6,4962.48,827.0799999999999,794.84,889.54,35.970084792782984,6,1,0,0,0,0,0.0,57.47000000000003,0.9838226197839844,1.0581196174525385,0,0.0
C-31127,Active,Northgate,18-29,English,Social tenancy,1,2024-03-29,,619.16,2024,3,21,2,10,1,6,3712.3199999999997,618.7199999999999,583.91,653.76,29.173141757445332,6,1,0,0,0,0,0.0,67.54000000000008,0.9992893597777636,1.0558821629304218,2,0.3333333333333333
C-31128,Active,Calder Central,60-74,English,Social tenancy,2,2023-08-18,,781.0,2023,8,28,0,10,0,6,4757.18,792.8633333333333,760.39,813.51,20.387419323363797,6,1,0,0,0,0,0.0,95.39999999999998,1.0151899274434486,1.0416261203585147,0,0.0
C-31129,Active,Calder Central,45-59,English,Private tenancy,2,2021-02-26,,752.86,2021,2,58,3,14,1,6,4394.42,732.4033333333333,662.44,792.66,44.95451775591263,6,1,0,0,0,0,0.0,54.15999999999997,0.9728280601085637,1.052865074515846,2,0.3333333333333333
C-31130,Active,Weybridge,45-59,English,No fixed abode,5,2021-02-09,,1426.51,2021,2,58,1,17,0,6,8500.16,1416.6933333333334,1358.59,1499.12,63.74554907337976,6,1,0,0,0,0,0.0,134.51999999999998,0.9931184031891354,1.0509004493484098,0,0.0
C-31131,Suspended,Ash Hill,30-44,English,Resident with family,3,2022-03-04,,952.41,2022,3,45,5,6,3,6,9871.91,1645.3183333333334,1507.23,1755.97,81.88645636896658,6,1,0,0,0,0,0.0,4157.450000000001,1.7275315602874113,1.8437122667758634,1,0.16666666666666666
C-31132,Active,Northgate,45-59,English,Private tenancy,3,2023-09-24,,824.47,2023,9,27,2,4,1,6,4989.94,831.6566666666666,792.85,870.47,39.52221181394921,6,1,0,0,0,0,0.0,129.3599999999999,1.0087167109375315,1.055793418802382,1,0.16666666666666666
C-31133,Active,Calder Central,75+,English,No fixed abode,3,2024-07-25,,1079.35,2024,7,17,3,2,0,6,6197.35,1032.8916666666667,919.0,1133.2,70.02604013270111,6,1,0,0,0,0,0.0,53.850000000000136,0.9569571192538721,1.049891138185019,0,0.0
C-31134,Active,Northgate,30-44,Spanish,Social tenancy,3,2022-04-09,,604.74,2022,4,44,3,17,3,6,3492.46,582.0766666666667,482.77,625.25,51.580094093231985,6,1,0,0,0,0,0.0,32.289999999999964,0.9625238394461532,1.0339154016602177,4,0.6666666666666666
C-31135,Active,Ash Hill,45-59,English,Social tenancy,2,2022-09-13,,957.34,2022,9,39,1,14,0,6,5821.9,970.3166666666666,931.99,1011.41,32.066355992951024,6,1,0,0,0,0,0.0,121.48999999999978,1.0135549195339866,1.056479411703261,0,0.0
C-31136,Active,Northgate,30-44,English,Social tenancy,2,2021-10-08,,919.6,2021,10,50,1,10,0,6,5341.45,890.2416666666667,773.59,949.82,63.65969381537007,6,1,0,0,0,0,0.0,38.32000000000005,0.9680748876323039,1.0328621139625924,0,0.0
C-31137,Active,Calder Central,30-44,English,Resident with family,3,2024-08-04,,605.75,2024,8,16,3,9,2,6,3673.92,612.32,571.48,639.01,23.623176755042888,6,1,0,0,0,0,0.0,73.69000000000005,1.0108460586050352,1.0549071399092034,0,0.0
C-31138,Active,Calder Central,30-44,English,Private tenancy,3,2024-06-16,,760.8,2024,6,18,3,8,0,6,4381.07,730.1783333333333,607.38,789.57,65.9538473227049,6,1,0,0,0,0,0.0,51.95000000000016,0.959750701016474,1.0378154574132494,0,0.0
C-31139,Active,Weybridge,60-74,English,Resident with family,1,2024-12-09,,662.85,2024,12,12,2,22,1,6,4067.32,677.8866666666667,645.7,701.11,19.18449964598157,6,1,0,0,0,0,0.0,107.36999999999989,1.0226848708858214,1.05772044957381,0,0.0
C-31140,Active,Calder Central,18-29,Spanish,Private tenancy,1,2023-04-01,,508.32,2023,4,32,2,2,1,6,2971.46,495.24333333333334,452.72,516.45,24.63402254335792,6,1,0,0,0,0,0.0,13.590000000000032,0.9742747350750184,1.015993862134089,3,0.5
C-31141,Active,Calder Central,30-44,Other,No fixed abode,4,2022-06-25,,1193.11,2022,6,42,5,15,2,6,7173.21,1195.535,1139.11,1256.23,45.54164632509455,6,1,0,0,0,0,0.0,118.3100000000004,1.002032503289722,1.0529037557308212,1,0.16666666666666666
C-31142,Active,Weybridge,45-59,English,Owner-occupier,1,2022-10-12,,405.34,2022,10,38,1,4,1,6,2464.61,410.7683333333334,395.69,427.74,12.666067134934453,6,1,0,0,0,0,0.0,50.86000000000007,1.0133920494728705,1.0552622489761683,1,0.16666666666666666
C-31143,Active,Northgate,30-44,Spanish,Owner-occupier,1,2021-09-05,,518.34,2021,9,51,4,22,2,6,3035.14,505.8566666666666,397.15,548.1,56.20353286641925,6,1,0,0,0,0,0.0,69.75999999999988,0.975916708466772,1.0574140525523787,0,0.0
C-31144,Active,Northgate,30-44,English,No fixed abode,4,2021-01-01,,847.08,2021,1,59,5,22,0,6,5060.55,843.4250000000001,808.1,881.95,32.11091387674915,6,1,0,0,0,0,0.0,69.57999999999993,0.9956851773150115,1.0411649430986447,0,0.0
C-31145,Closed,Weybridge,30-44,English,Private tenancy,1,2024-12-24,2025-08,688.66,2024,12,12,3,14,1,6,4174.45,695.7416666666667,674.39,726.68,21.400509729131834,6,1,0,0,4,1,2783.58,69.45000000000016,1.0102832554042152,1.0552086661051898,1,0.16666666666666666
C-31146,Active,Weybridge,75+,English,Resident with family,1,2025-04-17,,455.2,2025,4,8,1,2,2,6,2507.67,417.945,317.64,480.98,72.33249221477163,6,1,0,0,0,0,0.0,55.54000000000002,0.9181568541300528,1.0566344463971882,1,0.16666666666666666
C-31147,Active,Calder Central,75+,English,Private tenancy,2,2021-09-11,,590.94,2021,9,51,2,9,0,6,3563.11,593.8516666666667,565.94,622.62,24.863703196962955,6,1,0,0,0,0,0.0,73.78999999999985,1.0049271781681164,1.0536095035028936,0,0.0
C-31148,Active,Calder Central,45-59,English,Resident with family,3,2021-07-06,,1178.64,2021,7,53,2,2,1,6,6950.6900000000005,1158.4483333333335,1119.38,1207.62,37.67797681227952,6,1,0,0,0,0,0.0,53.779999999999745,0.9828686734994004,1.0245876603543065,3,0.5
C-31149,Active,Calder Central,45-59,Other,No fixed abode,1,2022-11-08,,380.7,2022,11,37,6,14,2,6,2170.7799999999997,361.7966666666666,285.88,393.14,39.66247025421723,6,1,0,0,0,0,0.0,21.350000000000023,0.9503458541283601,1.0326766482794851,1,0.16666666666666666
C-31150,Active,Northgate,60-74,English,Resident with family,1,2021-11-04,,524.71,2021,11,49,4,16,0,6,3033.46,505.57666666666665,443.62,550.78,36.90462446180242,6,1,0,0,0,0,0.0,34.75999999999988,0.9635354132123776,1.0496845876770025,0,0.0
C-31151,Active,Calder Central,30-44,English,Social tenancy,5,2021-05-02,,1228.37,2021,5,55,1,5,0,6,6887.1,1147.8500000000001,947.77,1269.98,106.37378981685298,6,1,0,0,0,0,0.0,41.61000000000013,0.9344497179188682,1.0338741584376043,0,0.0
C-31152,Active,Weybridge,30-44,English,Resident with family,1,2022-10-15,,720.22,2022,10,38,1,0,2,6,4409.16,734.86,717.98,749.3,14.137593854683997,6,1,0,0,0,0,0.0,90.07999999999981,1.0203271222681958,1.0403765516092305,1,0.16666666666666666
C-31153,Active,Weybridge,30-44,English,Resident with family,3,2021-02-16,,1129.54,2021,2,58,0,10,0,6,6665.74,1110.9566666666667,1065.4,1175.11,39.96804456896364,6,1,0,0,0,0,0.0,45.569999999999936,0.9835478749461434,1.0403438567912602,0,0.0
C-31154,Active,Weybridge,75+,English,Owner-occupier,3,2021-10-28,,1194.32,2021,10,50,1,17,1,6,7067.58,1177.93,1130.76,1253.28,50.805383179344204,6,1,0,0,0,0,0.0,94.22000000000003,0.9862767097595285,1.0493670038180722,2,0.3333333333333333
C-31155,Active,Northgate,30-44,English,Social tenancy,1,2024-03-23,,539.56,2024,3,21,2,21,0,6,2975.19,495.865,408.49,570.72,69.39433744910316,6,1,0,0,0,0,0.0,32.19000000000017,0.9190173474683077,1.0577507598784197,0,0.0
C-31156,Active,Northgate,45-59,English,Owner-occupier,2,2025-03-19,,816.18,2025,3,9,3,8,1,6,4715.54,785.9233333333333,621.31,849.21,87.18623002898262,6,1,0,0,0,0,0.0,88.83000000000015,0.9629289290761025,1.0404690141880468,3,0.5
C-31157,Active,Weybridge,18-29,English,No fixed abode,1,2021-12-03,,429.0,2021,12,48,2,1,0,6,2575.09,429.1816666666667,404.48,447.14,15.755993674366144,6,1,0,0,0,0,0.0,37.339999999999975,1.0004234654234654,1.0422843822843824,0,0.0
C-31158,Active,Calder Central,30-44,English,Social tenancy,3,2024-08-20,,1038.04,2024,8,16,1,6,1,6,6346.900000000001,1057.8166666666668,1027.18,1087.97,21.568041790266104,6,1,0,0,0,0,0.0,129.52000000000044,1.0190519312036788,1.0481002658857077,2,0.3333333333333333
C-31159,Suspended,Weybridge,45-59,English,Private tenancy,3,2025-01-23,,650.14,2025,1,11,3,14,0,6,3916.8,652.8000000000001,623.86,682.63,23.296812657528914,6,1,0,0,0,0,0.0,66.49000000000001,1.004091426461993,1.0499738517857693,0,0.0
C-31160,Active,Weybridge,45-59,English,No fixed abode,1,2025-04-11,,555.98,2025,4,8,0,16,1,6,3269.6099999999997,544.935,529.5,565.28,13.569208893668037,6,1,0,0,0,0,0.0,9.299999999999955,0.9801341774883988,1.0167272204036115,1,0.16666666666666666
C-31161,Active,Weybridge,45-59,English,Resident with family,5,2022-07-15,,1473.57,2022,7,41,1,19,1,6,8340.45,1390.075,1121.03,1471.23,134.5621154337282,6,1,0,0,0,0,0.0,0.0,0.9433382872886935,0.9984120197886766,3,0.5
C-31162,Active,Weybridge,60-74,English,Private tenancy,1,2022-11-25,,658.04,2022,11,37,1,12,2,6,3915.86,652.6433333333333,634.15,676.89,14.7270304768703,6,1,0,0,0,0,0.0,21.800000000000068,0.9917988774745203,1.0286456750349524,1,0.16666666666666666
C-31163,Active,Ash Hill,45-59,English,Private tenancy,1,2025-08-08,,477.34,2025,8,4,2,11,2,6,2815.89,469.315,391.48,505.67,42.065228277046124,6,1,0,0,0,0,0.0,62.07000000000005,0.9831880839653078,1.059349729752378,1,0.16666666666666666
C-31164,Active,Weybridge,45-59,English,No fixed abode,3,2025-05-17,,1182.67,2025,5,7,1,19,1,6,6545.25,1090.875,860.54,1174.56,118.03006358551205,6,1,0,0,0,0,0.0,0.0,0.9223832514564502,0.9931426348854709,1,0.16666666666666666
C-31165,Active,Weybridge,60-74,English,Social tenancy,1,2025-08-11,,540.1,2025,8,4,2,21,1,6,3151.66,525.2766666666666,434.06,556.62,45.53358569964227,6,1,0,0,0,0,0.0,29.399999999999864,0.9725544652224896,1.0305869283466025,2,0.3333333333333333
C-31166,Active,Calder Central,30-44,English,Social tenancy,2,2022-10-09,,635.4,2022,10,38,2,5,2,6,3645.96,607.66,485.53,669.53,64.9716867566173,6,1,0,0,0,0,0.0,49.52999999999997,0.9563424614416115,1.0537141957821845,1,0.16666666666666666
C-31167,Suspended,Weybridge,60-74,Spanish,Owner-occupier,3,2022-12-10,,1116.77,2022,12,36,4,17,2,6,6853.860000000001,1142.3100000000002,1094.03,1166.19,29.09733114909334,6,1,0,0,0,0,0.0,175.98000000000025,1.022869525506595,1.0442526213992138,1,0.16666666666666666
C-31168,Active,Calder Central,75+,Other,Owner-occupier,3,2025-06-10,,825.52,2025,6,6,4,14,1,6,4826.53,804.4216666666666,780.98,839.34,21.68422690959191,6,1,0,0,0,0,0.0,13.82000000000005,0.9744423716768421,1.0167409632716349,1,0.16666666666666666
C-31169,Active,Ash Hill,75+,English,Resident with family,1,2022-04-17,,686.1,2022,4,44,1,1,0,6,4017.54,669.59,550.32,725.91,62.59233818927039,6,1,0,0,0,0,0.0,66.37999999999988,0.9759364524121849,1.0580236117184083,0,0.0
C-31170,Active,Northgate,30-44,English,Owner-occupier,3,2022-09-19,,789.26,2022,9,39,1,13,0,6,4768.0599999999995,794.6766666666666,747.55,814.63,23.93484962699096,6,1,0,0,0,0,0.0,74.21000000000004,1.0068629686879693,1.032144033651775,0,0.0
C-31171,Active,Ash Hill,75+,English,No fixed abode,1,2022-10-10,,760.2,2022,10,38,1,11,0,6,4252.6,708.7666666666668,548.36,780.14,81.85396304802025,6,1,0,0,0,0,0.0,19.93999999999994,0.9323423660440234,1.026229939489608,0,0.0
C-31172,Active,Ash Hill,18-29,Spanish,Social tenancy,1,2021-06-04,,479.25,2021,6,54,5,19,1,6,2881.01,480.16833333333335,456.89,507.5,19.27725231112222,6,1,0,0,0,0,0.0,47.69999999999999,1.0019161884889585,1.0589462702138759,2,0.3333333333333333
C-31173,Active,Ash Hill,30-44,English,Resident with family,4,2022-10-18,,1082.98,2022,10,38,0,13,1,6,6584.15,1097.3583333333333,1036.4,1147.68,45.6916510608521,6,1,0,0,0,0,0.0,162.70000000000005,1.013276637918829,1.0597425621895142,3,0.5
C-31174,Active,Northgate,45-59,English,Social tenancy,2,2024-04-10,,636.94,2024,4,20,1,21,0,6,3672.21,612.035,522.85,653.79,48.343111918865944,6,1,0,0,0,0,0.0,33.13999999999987,0.9608989857757401,1.0264546111093664,0,0.0
C-31175,Active,Northgate,60-74,English,No fixed abode,1,2021-04-29,,544.14,2021,4,56,1,12,0,6,3174.24,529.04,513.42,557.1,20.69561789365082,6,1,0,0,0,0,0.0,22.32000000000005,0.9722497886573308,1.0238173999338407,0,0.0
C-31176,Active,Northgate,45-59,Spanish,Owner-occupier,1,2023-03-04,,731.63,2023,3,33,6,8,1,6,4366.11,727.685,545.92,773.97,89.72070769894762,6,1,0,0,0,0,0.0,162.04000000000008,0.9946079302379619,1.057870781679264,0,0.0
C-31177,Active,Ash Hill,18-29,English,Owner-occupier,2,2021-08-20,,547.87,2021,8,52,2,11,2,6,3316.94,552.8233333333334,521.88,573.37,21.648106306711156,6,1,0,0,0,0,0.0,69.61000000000001,1.00904107422077,1.0465438881486484,2,0.3333333333333333
C-31178,Active,Weybridge,75+,Other,Social tenancy,3,2024-05-12,,1116.1,2024,5,19,2,20,2,6,6174.22,1029.0366666666666,818.9,1167.32,117.91040474303648,6,1,0,0,0,0,0.0,51.22000000000003,0.9219932503061256,1.0458919451662039,1,0.16666666666666666
C-31179,Active,Ash Hill,60-74,English,Private tenancy,6,2021-04-12,,1077.3,2021,4,56,2,22,0,6,6215.92,1035.9866666666667,783.57,1133.85,129.45160372381122,6,1,0,0,0,0,0.0,107.0,0.961651041183205,1.0524923419660261,0,0.0
C-31180,Active,Calder Central,30-44,English,Private tenancy,1,2023-06-10,,592.53,2023,6,30,3,15,1,6,3496.06,582.6766666666666,561.91,617.25,22.568092224790888,6,1,0,0,0,0,0.0,35.60000000000002,0.9833707435347859,1.0417194066123234,0,0.0
C-31181,Active,Northgate,30-44,English,Private tenancy,1,2024-02-16,,546.53,2024,2,22,3,4,0,6,3340.83,556.805,538.42,573.4,13.13561989401339,6,1,0,0,0,0,0.0,70.23000000000013,1.018800431815271,1.049164730206942,0,0.0
C-31182,Active,Ash Hill,45-59,Spanish,No fixed abode,3,2025-03-12,,792.55,2025,3,9,7,0,2,6,4904.18,817.3633333333333,795.28,838.58,14.427361043055214,6,1,0,0,0,0,0.0,148.88000000000022,1.0313082245073917,1.0580783546779384,0,0.0
C-31183,Active,Calder Central,60-74,English,Private tenancy,2,2021-09-16,,641.25,2021,9,51,2,21,1,6,3661.65,610.275,535.07,649.11,39.172441716083995,6,1,0,0,0,0,0.0,7.860000000000014,0.9516959064327485,1.0122573099415204,0,0.0
C-31184,Active,Ash Hill,45-59,English,Resident with family,3,2022-03-11,,714.24,2022,3,45,3,17,0,6,4286.0599999999995,714.3433333333332,678.88,755.75,28.655037718814242,6,1,0,0,0,0,0.0,68.46999999999991,1.0001446759259258,1.05811771953405,0,0.0
C-31185,Active,Calder Central,60-74,English,Private tenancy,1,2024-05-12,,728.94,2024,5,19,4,19,3,6,4367.29,727.8816666666667,699.9,752.01,19.43792212832088,6,1,0,0,0,0,0.0,39.6099999999999,0.9985481201013343,1.0316486953658737,1,0.16666666666666666
C-31186,Active,Weybridge,30-44,English,Social tenancy,2,2021-12-14,,725.61,2021,12,48,2,10,1,6,4334.72,722.4533333333334,686.92,763.8,31.451154297841995,6,1,0,0,0,0,0.0,71.49999999999989,0.9956496373166485,1.0526315789473684,2,0.3333333333333333
C-31187,Active,Weybridge,60-74,Spanish,No fixed abode,2,2022-08-08,,894.61,2022,8,40,3,9,2,6,5309.38,884.8966666666666,849.23,927.33,30.22182897619977,6,1,0,0,0,0,0.0,48.81000000000006,0.9891423823416535,1.036574596751657,2,0.3333333333333333
C-31188,Active,Weybridge,30-44,English,Private tenancy,2,2024-10-05,,947.84,2024,10,14,1,20,1,6,5685.98,947.6633333333333,916.57,989.82,31.80191105368777,6,1,0,0,0,0,0.0,82.55999999999995,0.9998136112986721,1.0442901755570562,0,0.0
C-31189,Active,Northgate,30-44,English,Owner-occupier,1,2023-01-11,,608.46,2023,1,35,1,22,0,6,3537.48,589.58,473.99,633.91,58.94472054391302,6,1,0,0,0,0,0.0,48.01999999999987,0.9689708444269138,1.0418269072741018,0,0.0
C-31190,Active,Ash Hill,30-44,English,Private tenancy,3,2024-08-29,,603.95,2024,8,16,2,15,0,6,3535.86,589.3100000000001,577.29,623.76,17.758778111120144,6,1,0,0,0,0,0.0,19.809999999999945,0.9757595827469161,1.0328007285371306,0,0.0
C-31191,Active,Ash Hill,18-29,English,No fixed abode,2,2024-04-02,,708.82,2024,4,20,2,15,1,6,4019.96,669.9933333333333,504.58,745.86,86.75343005706846,6,1,0,0,0,0,0.0,56.66999999999996,0.9452235170188952,1.0522558618549138,2,0.3333333333333333
C-31192,Suspended,Northgate,60-74,English,Resident with family,2,2022-07-22,,822.13,2022,7,41,2,18,1,6,4819.85,803.3083333333334,671.26,866.06,72.82063812317675,6,1,0,0,0,0,0.0,100.18999999999994,0.9771062159674666,1.0534343716930412,2,0.3333333333333333
C-31193,Active,Northgate,75+,English,Resident with family,4,2023-01-10,,1441.26,2023,1,35,1,8,1,6,8391.65,1398.6083333333333,1372.75,1467.8,35.85684504619262,6,1,0,0,0,0,0.0,26.539999999999964,0.9704066811909949,1.0184144429180022,1,0.16666666666666666
C-31194,Active,Calder Central,30-44,Other,No fixed abode,1,2022-04-01,,702.5,2022,4,44,5,17,1,6,4227.45,704.5749999999999,677.42,738.26,26.967730901950226,6,1,0,0,0,0,0.0,71.42999999999995,1.0029537366548043,1.0509039145907473,5,0.8333333333333334
C-31195,Active,Calder Central,75+,English,Private tenancy,2,2022-08-30,,956.58,2022,8,40,2,13,0,6,5330.23,888.3716666666666,674.99,965.47,106.35635014735446,6,1,0,0,0,0,0.0,8.889999999999986,0.9286956309630837,1.009293524848941,0,0.0
C-31196,Active,Northgate,45-59,English,Resident with family,5,2021-02-16,,1602.07,2021,2,58,1,15,0,6,9120.24,1520.04,1319.68,1625.35,107.62496234610245,6,1,0,0,0,0,0.0,23.279999999999973,0.9487974932431168,1.014531200259664,0,0.0
C-31197,Active,Ash Hill,30-44,English,Private tenancy,1,2021-12-28,,653.58,2021,12,48,1,3,0,6,3973.99,662.3316666666666,626.55,689.6,25.709236018728124,6,1,0,0,0,0,0.0,97.75999999999988,1.0133903526219692,1.0551118455277089,0,0.0
C-31198,Active,Weybridge,30-44,English,Private tenancy,2,2023-06-27,,651.7,2023,6,30,3,1,1,6,3902.49,650.415,627.04,683.27,20.499435845895885,6,1,0,0,0,0,0.0,41.38999999999987,0.998028233849931,1.0484425349087003,2,0.3333333333333333
C-31199,Active,Weybridge,30-44,English,Private tenancy,1,2022-02-28,,615.54,2022,2,46,2,7,0,6,3714.19,619.0316666666666,580.93,646.82,26.51404489448316,6,1,0,0,0,0,0.0,77.4200000000003,1.0056725260205133,1.0508171686649121,0,0.0
C-31200,Active,Calder Central,60-74,English,Social tenancy,1,2022-06-05,,389.31,2022,6,42,0,4,1,6,2339.6,389.93333333333334,376.64,398.25,8.811189855329788,6,1,0,0,0,0,0.0,24.309999999999945,1.0016011233549955,1.0229637050165679,2,0.3333333333333333
C-31201,Active,Ash Hill,30-44,Spanish,Social tenancy,1,2025-04-01,,596.18,2025,4,8,3,6,1,6,3681.75,613.625,606.29,622.3,5.978229671064842,6,1,0,0,0,0,0.0,104.67000000000007,1.029261296923748,1.0438122714616391,2,0.3333333333333333
C-31202,Active,Weybridge,60-74,English,Resident with family,1,2022-01-30,,417.36,2022,1,47,0,17,1,6,2534.68,422.44666666666666,407.05,440.01,12.472752168894642,6,1,0,0,0,0,0.0,46.94999999999993,1.0121877196345281,1.054269695227142,1,0.16666666666666666
C-31203,Active,Ash Hill,60-74,English,No fixed abode,3,2025-06-15,,686.93,2025,6,6,3,2,0,6,4049.77,674.9616666666667,662.84,708.61,17.38123979083965,6,1,0,0,0,0,0.0,21.680000000000064,0.9825770699586082,1.0315607121540769,0,0.0
C-31204,Active,Calder Central,45-59,English,Private tenancy,4,2022-07-15,,1114.69,2022,7,41,1,7,0,6,6758.780000000001,1126.4633333333334,1073.43,1172.16,43.657413879737184,6,1,0,0,0,0,0.0,151.64999999999986,1.0105619798628618,1.0515569351120042,0,0.0
C-31205,Active,Calder Central,75+,English,Private tenancy,2,2022-02-28,,622.17,2022,2,46,3,23,1,6,3757.0,626.1666666666666,586.77,647.32,23.91406754750575,6,1,0,0,0,0,0.0,73.0300000000002,1.0064237534221623,1.0404230355047657,3,0.5
C-31206,Active,Weybridge,45-59,English,Social tenancy,1,2024-10-25,,463.94,2024,10,14,0,1,0,6,2682.73,447.12166666666667,338.39,489.62,55.22984099802086,6,1,0,0,0,0,0.0,45.26999999999998,0.9637489043123392,1.0553519851704962,0,0.0
C-31207,Active,Calder Central,30-44,English,No fixed abode,1,2024-11-30,,754.31,2024,11,13,0,16,1,6,4311.94,718.6566666666666,632.42,795.43,60.967363619125535,6,1,0,0,0,0,0.0,41.120000000000005,0.9527338450592816,1.0545133963489812,1,0.16666666666666666
C-31208,Active,Ash Hill,30-44,English,Private tenancy,2,2023-01-02,,627.12,2023,1,35,5,14,1,6,3488.27,581.3783333333333,488.26,652.45,67.46711211150712,6,1,0,0,0,0,0.0,32.81000000000006,0.9270607432920865,1.0403909937492029,2,0.3333333333333333
C-31209,Active,Northgate,60-74,Other,No fixed abode,1,2022-06-13,,708.08,2022,6,42,2,14,3,6,4193.13,698.855,669.62,743.8,35.545372553962615,6,1,0,0,0,0,0.0,71.15999999999985,0.9869718110947915,1.050446277256807,1,0.16666666666666666
C-31210,Active,Calder Central,30-44,English,Private tenancy,6,2023-11-23,,1461.78,2023,11,25,3,16,0,6,8574.54,1429.0900000000001,1376.19,1544.42,59.718584042155655,6,1,0,0,0,0,0.0,82.6400000000001,0.9776368536989151,1.0565338149379524,0,0.0
C-31211,Active,Weybridge,60-74,Spanish,Social tenancy,4,2024-05-25,,1037.38,2024,5,19,5,5,1,6,6216.9800000000005,1036.1633333333334,988.19,1089.39,40.70437699641978,6,1,0,0,0,0,0.0,96.68999999999983,0.9988271735847358,1.0501359193352484,0,0.0
C-31212,Active,Weybridge,60-74,Other,Owner-occupier,2,2023-02-28,,652.33,2023,2,34,6,1,2,6,3900.46,650.0766666666667,628.89,684.7,18.89322700511127,6,1,0,0,0,0,0.0,32.370000000000005,0.9965457156142851,1.0496221237717107,0,0.0
C-31213,Active,Calder Central,45-59,English,No fixed abode,2,2023-10-09,,905.02,2023,10,26,1,15,0,6,5463.7,910.6166666666667,885.29,937.09,19.15860502924644,6,1,0,0,0,0,0.0,61.530000000000086,1.0061840253990704,1.0354356809794258,0,0.0
C-31214,Active,Ash Hill,30-44,English,Resident with family,2,2021-09-05,,806.0,2021,9,51,2,13,0,6,4694.93,782.4883333333333,656.69,851.16,68.39860800240503,6,1,0,0,0,0,0.0,61.92999999999995,0.9708291976840364,1.056029776674938,0,0.0
C-31215,Active,Ash Hill,45-59,English,No fixed abode,6,2025-04-30,,1179.99,2025,4,8,0,23,0,6,6886.62,1147.77,1110.33,1203.09,37.75602733339407,6,1,0,0,0,0,0.0,24.699999999999818,0.9726946838532529,1.01957643708845,0,0.0
C-31216,Active,Calder Central,30-44,English,Owner-occupier,6,2024-10-22,,1495.88,2024,10,14,1,13,0,6,9001.37,1500.2283333333335,1409.07,1571.65,64.51855063984836,6,1,0,0,0,0,0.0,158.94999999999982,1.0029068731003379,1.0506524587533759,0,0.0
C-31217,Active,Ash Hill,75+,Spanish,Owner-occupier,2,2021-07-11,,659.78,2021,7,53,3,7,2,6,3826.33,637.7216666666667,625.01,663.4,15.230581626013727,6,1,0,0,0,0,0.0,3.6200000000000045,0.96656713854113,1.0054866773773077,2,0.3333333333333333
C-31218,Active,Weybridge,30-44,English,Social tenancy,1,2023-04-12,,392.76,2023,4,32,2,20,2,6,2304.17,384.02833333333336,370.49,412.82,16.981193617253947,6,1,0,0,0,0,0.0,24.03000000000003,0.977768442135995,1.0510744474997453,1,0.16666666666666666
C-31219,Active,Ash Hill,75+,English,Owner-occupier,4,2022-03-11,,821.38,2022,3,45,1,21,3,6,5053.38,842.23,792.2,870.32,32.0092774051524,6,1,0,0,0,0,0.0,157.04000000000008,1.0253841096690934,1.0595826535829946,0,0.0
C-31220,Active,Northgate,45-59,English,Social tenancy,3,2022-04-07,,877.15,2022,4,44,1,2,0,6,5360.28,893.38,860.89,909.39,18.51629120531431,6,1,0,0,0,0,0.0,113.6400000000001,1.0185031066522259,1.0367554010146498,0,0.0
C-31221,Closed,Northgate,30-44,Spanish,Owner-occupier,1,2023-05-25,2025-10,509.34,2023,5,31,3,22,4,4,2020.09,505.0225,479.83,529.05,23.069340945650495,4,1,0,0,0,0,0.0,29.83000000000004,0.9915233439352888,1.0386971374720226,2,0.5
C-31222,Active,Northgate,45-59,English,Social tenancy,2,2021-01-11,,932.52,2021,1,59,1,15,0,6,5542.72,923.7866666666667,886.75,962.21,28.795775153078736,6,1,0,0,0,0,0.0,47.960000000000036,0.9906346959493274,1.0318384592287566,0,0.0
C-31223,Active,Weybridge,60-74,English,Social tenancy,2,2025-08-11,,621.53,2025,8,4,4,22,0,6,3424.09,570.6816666666667,451.1,629.95,80.6572008977913,6,1,0,0,0,0,0.0,9.240000000000123,0.9181884489351547,1.0135472141328659,0,0.0
C-31224,Active,Northgate,60-74,English,No fixed abode,1,2021-03-31,,483.88,2021,3,57,4,7,1,6,2871.45,478.575,457.98,510.6,19.507656701920926,6,1,0,0,0,0,0.0,30.730000000000018,0.9890365379846244,1.0552203025543523,2,0.3333333333333333
C-31225,Active,Calder Central,75+,English,Owner-occupier,3,2025-08-01,,605.77,2025,8,4,2,16,1,6,3538.63,589.7716666666666,483.2,641.32,58.098514065909356,6,1,0,0,0,0,0.0,73.91000000000008,0.9735900864464511,1.058685639764267,2,0.3333333333333333
C-31226,Active,Calder Central,18-29,English,Private tenancy,2,2025-01-26,,636.73,2025,1,11,0,12,0,6,3800.52,633.42,599.33,671.74,25.121518266219493,6,1,0,0,0,0,0.0,48.48000000000002,0.9948015642423006,1.0549840591773594,0,0.0
C-31227,Active,Weybridge,75+,Spanish,Social tenancy,1,2022-12-22,,666.66,2022,12,36,8,20,4,6,3999.96,666.66,666.66,666.66,0.0,6,1,0,0,0,0,0.0,0.0,1.0,1.0,0,0.0
C-31228,Closed,Calder Central,18-29,Spanish,No fixed abode,4,2021-07-25,2025-07,1210.55,2021,7,53,3,13,1,1,907.34,907.34,907.34,907.34,0.0,1,1,0,0,0,0,0.0,0.0,0.7495270744702821,0.7495270744702821,0,0.0
C-31229,Active,Calder Central,30-44,Spanish,Social tenancy,5,2025-01-25,,1444.78,2025,1,11,5,19,2,6,8694.18,1449.03,1376.2,1528.26,60.82529112137495,6,1,0,0,0,0,0.0,157.05999999999995,1.002941624330348,1.057780423317045,3,0.5
C-31230,Active,Weybridge,45-59,English,Private tenancy,1,2023-03-09,,416.22,2023,3,33,1,5,1,6,2454.29,409.04833333333335,398.77,433.59,13.193502062252712,6,1,0,0,0,0,0.0,17.369999999999948,0.9827695289350182,1.0417327374945942,3,0.5
C-31231,Closed,Northgate,18-29,Spanish,Resident with family,1,2022-01-23,2025-10,690.61,2022,1,47,3,14,1,4,2762.78,690.695,649.59,718.51,33.13745665154964,4,1,0,0,0,0,0.0,53.89999999999998,1.000123079596299,1.0403990674910586,2,0.5
C-31232,Active,Northgate,60-74,English,Owner-occupier,4,2021-04-28,,817.06,2021,4,56,2,9,1,6,5024.45,837.4083333333333,824.79,848.87,8.46591381167247,6,1,0,0,0,0,0.0,122.09000000000015,1.024904331791219,1.0389322693559837,2,0.3333333333333333
C-31233,Active,Northgate,45-59,English,No fixed abode,3,2023-11-09,,1152.07,2023,11,25,4,8,1,6,6902.57,1150.4283333333333,1086.92,1220.2,47.503901909913345,6,1,0,0,0,0,0.0,101.27000000000021,0.9985750287164264,1.0591370316039825,1,0.16666666666666666
C-31234,Active,Northgate,45-59,English,Owner-occupier,1,2023-01-18,,404.26,2023,1,35,0,1,3,6,2431.85,405.30833333333334,387.28,423.38,13.251767303520946,6,1,0,0,0,0,0.0,34.95999999999998,1.0025932155873283,1.0472962944639588,1,0.16666666666666666
C-31235,Active,Weybridge,45-59,English,Private tenancy,5,2023-10-11,,1032.79,2023,10,26,3,16,0,6,6162.13,1027.0216666666668,983.13,1093.2,48.46398308709952,6,1,0,0,0,0,0.0,107.83000000000015,0.9944148052040266,1.0584920458176397,0,0.0
C-31236,Active,Northgate,60-74,English,Owner-occupier,4,2023-03-31,,987.86,2023,3,33,2,7,2,6,5689.05,948.1750000000001,674.39,1032.31,136.01581213226646,6,1,0,0,0,0,0.0,95.96999999999991,0.9598273034640536,1.044996254529994,2,0.3333333333333333
C-31237,Active,Calder Central,30-44,English,Private tenancy,4,2024-08-05,,893.03,2024,8,16,2,4,1,6,5416.85,902.8083333333334,877.53,939.54,24.207740428769224,6,1,0,0,0,0,0.0,81.00000000000011,1.010949613488162,1.0520811170957303,0,0.0
C-31238,Active,Northgate,30-44,English,Resident with family,2,2023-06-22,,809.3,2023,6,30,1,9,0,6,4894.72,815.7866666666667,782.96,852.17,27.094607335532004,6,1,0,0,0,0,0.0,90.22000000000014,1.0080151571316776,1.052971703941678,0,0.0
C-31239,Active,Calder Central,30-44,English,Private tenancy,2,2021-11-14,,580.29,2021,11,49,1,1,0,6,3428.8,571.4666666666667,477.85,607.22,48.9477793844283,6,1,0,0,0,0,0.0,71.2600000000001,0.984794958842418,1.046407830567475,0,0.0
C-31240,Active,Calder Central,45-59,English,Owner-occupier,4,2021-04-18,,1147.12,2021,4,56,1,5,0,6,6899.43,1149.905,1085.12,1198.25,44.706963551554225,6,1,0,0,0,0,0.0,117.14000000000033,1.0024278192342564,1.0445724945951602,0,0.0
C-31241,Active,Weybridge,45-59,English,Private tenancy,3,2025-05-04,,848.86,2025,5,7,2,18,1,7,5841.36,834.4799999999999,806.24,874.91,28.880810815026198,6,2,1,1,0,0,0.0,45.889999999999986,0.9830596329194449,1.0306882171382796,0,0.0
C-31242,Active,Northgate,60-74,English,Social tenancy,1,2025-01-15,,465.35,2025,1,11,0,4,0,6,2744.64,457.44,448.22,478.11,10.573010924046198,6,1,0,0,0,0,0.0,12.759999999999991,0.9830020414741591,1.0274202213387773,0,0.0
C-31243,Active,Weybridge,30-44,English,Private tenancy,1,2022-01-03,,733.16,2022,1,47,1,2,0,6,4396.32,732.7199999999999,697.41,766.88,28.290126899680047,6,1,0,0,0,0,0.0,73.23000000000002,0.9993998581482896,1.0459926891810791,0,0.0
C-31244,Active,Weybridge,45-59,Spanish,No fixed abode,2,2021-05-14,,713.09,2021,5,55,6,16,1,6,4333.28,722.2133333333333,692.1,755.22,25.78470063170538,6,1,0,0,0,0,0.0,90.20999999999992,1.012794083963221,1.0590809014289921,3,0.5
C-31245,Active,Calder Central,45-59,English,No fixed abode,1,2024-12-20,,758.4,2024,12,12,0,6,0,6,4260.55,710.0916666666667,511.12,785.89,99.33484271224606,6,1,0,0,0,0,0.0,27.49000000000001,0.9363023030942336,1.0362473628691984,0,0.0
C-31246,Active,Calder Central,18-29,English,Owner-occupier,2,2022-08-22,,737.97,2022,8,40,1,16,2,6,4327.4,721.2333333333332,608.42,779.5,65.85269612298853,6,1,0,0,0,0,0.0,91.93999999999983,0.9773206679584986,1.0562760003794192,2,0.3333333333333333
C-31247,Active,Calder Central,60-74,English,No fixed abode,5,2022-12-25,,1449.48,2022,12,36,1,4,0,6,8471.880000000001,1411.9800000000002,1121.53,1516.92,150.93977832234947,6,1,0,0,0,0,0.0,173.51,0.9741286530341916,1.0465270303833099,0,0.0
C-31248,Active,Calder Central,75+,Other,Private tenancy,2,2023-09-09,,978.86,2023,9,27,6,17,2,6,5718.63,953.105,800.74,1028.48,81.55384129518364,6,1,0,0,0,0,0.0,85.36000000000001,0.973688780826676,1.050691620865088,1,0.16666666666666666
C-31249,Active,Northgate,75+,English,Social tenancy,1,2023-06-25,,633.62,2023,6,30,0,3,0,6,3748.66,624.7766666666666,605.98,658.78,18.397771241828888,6,1,0,0,0,0,0.0,25.159999999999968,0.9860431594120556,1.0397083425396925,0,0.0
C-31250,Suspended,Calder Central,60-74,English,Social tenancy,1,2024-10-08,,558.77,2024,10,14,3,23,2,6,3353.93,558.9883333333333,529.13,591.15,25.24696133531054,6,1,0,0,0,0,0.0,59.15999999999997,1.0003907391830866,1.0579487087710506,1,0.16666666666666666
C-31251,Closed,Northgate,60-74,Spanish,Social tenancy,1,2021-05-02,2025-10,397.67,2021,5,55,7,12,2,6,2358.5,393.0833333333333,374.1,419.95,18.17809854376048,6,1,0,0,2,1,784.32,34.829999999999984,0.988466148649215,1.056026353509191,1,0.16666666666666666
C-31252,Active,Weybridge,30-44,Other,Social tenancy,2,2022-10-15,,781.12,2022,10,38,3,16,1,6,4724.03,787.3383333333333,756.25,818.31,24.587745253818323,6,1,0,0,0,0,0.0,83.61000000000001,1.007960791342346,1.0476111224907825,2,0.3333333333333333
C-31253,Active,Northgate,18-29,English,Private tenancy,5,2024-01-04,,1112.93,2024,1,23,2,21,2,6,6209.85,1034.9750000000001,822.66,1104.98,105.64820372348977,6,1,0,0,0,0,0.0,0.0,0.9299551633975183,0.9928566935925889,3,0.5
C-31254,Active,Northgate,75+,English,Resident with family,1,2021-07-24,,519.33,2021,7,53,2,2,0,6,3028.56,504.76,390.29,543.64,57.85840440247204,6,1,0,0,0,0,0.0,57.849999999999795,0.9719446209539213,1.0468103132882751,0,0.0
C-31255,Active,Weybridge,30-44,Other,No fixed abode,3,2023-11-23,,1136.45,2023,11,25,4,9,1,6,6503.32,1083.8866666666665,920.37,1168.29,117.49207746340454,6,1,0,0,0,0,0.0,91.42999999999984,0.9537477818352471,1.0280170707026266,2,0.3333333333333333
C-31256,Active,Weybridge,18-29,English,Social tenancy,1,2021-05-21,,681.26,2021,5,55,2,16,1,6,3970.86,661.8100000000001,596.97,696.72,35.10855736141833,6,1,0,0,0,0,0.0,15.930000000000064,0.9714499603675542,1.0226932448698,0,0.0
C-31257,Active,Weybridge,30-44,English,Owner-occupier,4,2022-02-07,,1294.63,2022,2,46,0,23,1,6,7591.67,1265.2783333333334,1223.93,1346.49,44.53152250559887,6,1,0,0,0,0,0.0,51.8599999999999,0.9773281426610949,1.0400577771255106,1,0.16666666666666666
C-31258,Active,Calder Central,30-44,English,Social tenancy,3,2024-08-20,,1138.29,2024,8,16,0,3,0,6,6492.39,1082.065,816.02,1206.1,145.53413864107625,6,1,0,0,0,0,0.0,126.50999999999999,0.9506057331611452,1.0595718138611425,0,0.0
C-31259,Active,Calder Central,30-44,English,Private tenancy,3,2021-09-13,,654.32,2021,9,51,3,5,1,6,3829.84,638.3066666666667,616.04,672.77,21.104021101834288,6,1,0,0,0,0,0.0,18.449999999999932,0.9755267555120838,1.0281972123731506,3,0.5
C-31260,Active,Ash Hill,45-59,English,Social tenancy,4,2022-05-20,,885.3,2022,5,43,1,23,0,6,5340.28,890.0466666666666,848.74,935.89,36.32484695998959,6,1,0,0,0,0,0.0,105.94000000000017,1.0053616476523966,1.0571444708008586,0,0.0
C-31261,Suspended,Weybridge,45-59,English,Owner-occupier,1,2022-10-13,,523.59,2022,10,38,0,6,2,6,3121.56,520.26,495.16,547.98,23.917370256781975,6,1,0,0,0,0,0.0,52.77999999999986,0.9936400618804789,1.0465822494700052,1,0.16666666666666666
C-31262,Active,Northgate,60-74,Spanish,No fixed abode,2,2024-10-21,,710.01,2024,10,14,3,17,3,6,4158.3,693.0500000000001,576.63,751.3,65.64000426569149,6,1,0,0,0,0,0.0,96.44999999999993,0.9761130124927818,1.0581541105054857,1,0.16666666666666666
C-31263,Active,Ash Hill,30-44,English,Owner-occupier,1,2022-07-26,,467.05,2022,7,41,2,8,0,6,2674.94,445.8233333333333,409.82,467.3,20.636097176226592,6,1,0,0,0,0,0.0,0.25,0.9545516183135282,1.0005352745958678,0,0.0
C-31264,Active,Northgate,75+,English,Private tenancy,3,2025-02-14,,823.54,2025,2,10,3,6,0,6,5047.96,841.3266666666667,809.31,861.45,19.259389052269217,6,1,0,0,0,0,0.0,120.95000000000016,1.0215978175518696,1.046032979575977,0,0.0
C-31265,Active,Calder Central,18-29,English,Resident with family,1,2021-09-06,,692.24,2021,9,51,2,17,0,6,3990.43,665.0716666666666,582.21,705.89,42.88217970983598,6,1,0,0,0,0,0.0,13.649999999999977,0.9607530143688123,1.019718594707038,0,0.0
C-31266,Active,Northgate,60-74,English,Private tenancy,4,2024-10-13,,1045.48,2024,10,14,3,5,0,6,6007.91,1001.3183333333333,858.64,1092.76,106.56884111534046,6,1,0,0,0,0,0.0,94.25,0.9577594342630498,1.0452232467383402,0,0.0
C-31267,Active,Northgate,60-74,Other,Resident with family,1,2025-01-17,,694.77,2025,1,11,4,19,2,6,4090.25,681.7083333333334,541.6,735.28,71.53583085885465,6,1,0,0,0,0,0.0,88.80000000000007,0.9812000134337023,1.0583070656476243,0,0.0
C-31268,Active,Calder Central,30-44,English,Social tenancy,3,2021-03-04,,826.52,2021,3,57,3,11,1,6,4757.06,792.8433333333334,628.94,848.83,83.65650355272244,6,1,0,0,0,0,0.0,54.38000000000011,0.9592548677991258,1.0269926922518513,1,0.16666666666666666
C-31269,Active,Northgate,30-44,English,Resident with family,5,2021-06-14,,923.39,2021,6,54,3,22,1,6,5670.81,945.1350000000001,919.7,966.06,19.985197271981047,6,1,0,0,0,0,0.0,135.43000000000006,1.0235490962648501,1.0462101603872687,2,0.3333333333333333
C-31270,Active,Calder Central,18-29,English,Social tenancy,1,2025-01-02,,751.31,2025,1,11,4,17,1,6,4315.96,719.3266666666667,576.08,771.03,71.53677814010544,6,1,0,0,0,0,0.0,19.720000000000027,0.9574299113104666,1.0262474877214465,4,0.6666666666666666
C-31271,Active,Northgate,75+,English,No fixed abode,2,2023-08-31,,751.55,2023,8,28,2,7,0,6,4494.89,749.1483333333334,707.86,776.35,28.2263567728226,6,1,0,0,0,0,0.0,61.36000000000013,0.9968043820548645,1.0329984698290202,0,0.0
C-31272,Active,Calder Central,45-59,Spanish,Resident with family,6,2024-08-18,,1658.47,2024,8,16,4,16,2,6,10136.16,1689.36,1596.71,1748.42,63.21083419794428,6,1,0,0,0,0,0.0,275.47,1.0186256007042636,1.0542367362689709,1,0.16666666666666666
C-31273,Active,Calder Central,60-74,English,Private tenancy,5,2023-06-28,,1369.18,2023,6,30,1,9,0,6,7499.93,1249.9883333333335,1086.64,1346.55,95.01328821100056,6,1,0,0,0,0,0.0,0.0,0.9129466785472569,0.9834718590689316,0,0.0
C-31274,Active,Northgate,18-29,English,Social tenancy,1,2023-08-26,,693.83,2023,8,28,2,3,0,6,3927.77,654.6283333333333,594.41,715.77,51.089139126302264,6,1,0,0,0,0,0.0,27.42999999999995,0.9434996084535596,1.0316215787728982,0,0.0
C-31275,Active,Northgate,60-74,Spanish,No fixed abode,4,2021-12-03,,1116.71,2021,12,48,7,1,1,6,6283.17,1047.195,810.17,1126.52,117.94518756608932,6,1,0,0,0,0,0.0,9.809999999999945,0.9377501768588083,1.0087847337267508,0,0.0
C-31276,Suspended,Ash Hill,75+,English,Social tenancy,4,2024-09-07,,835.21,2024,9,15,0,18,0,6,4866.46,811.0766666666667,791.98,856.05,23.886140472388274,6,1,0,0,0,0,0.0,20.839999999999918,0.9711050713792538,1.0249518085271967,0,0.0
C-31277,Active,Northgate,30-44,English,No fixed abode,2,2021-04-14,,858.53,2021,4,56,2,19,0,6,5197.02,866.1700000000001,810.63,905.61,38.73430159432336,6,1,0,0,0,0,0.0,121.2700000000001,1.0088989318952162,1.0548379206317777,0,0.0
C-31278,Active,Northgate,75+,Other,No fixed abode,1,2022-08-07,,416.33,2022,8,40,5,13,3,6,2255.6400000000003,375.94000000000005,280.62,439.11,72.8970249049987,6,1,0,0,0,0,0.0,27.710000000000093,0.9029856123747989,1.0547162106982442,2,0.3333333333333333
C-31279,Active,Calder Central,18-29,Spanish,Private tenancy,1,2021-10-15,,762.01,2021,10,50,3,16,3,6,4472.0199999999995,745.3366666666666,593.16,798.15,77.61596785885408,6,1,0,0,0,0,0.0,93.02999999999997,0.9781192722755169,1.0474271991181219,0,0.0
C-31280,Active,Ash Hill,18-29,English,Owner-occupier,5,2023-05-30,,939.01,2023,5,31,4,19,0,6,5626.07,937.6783333333333,914.18,992.71,30.917549331515076,6,1,0,0,0,0,0.0,68.47000000000003,0.9985818397390158,1.0571878893728501,0,0.0
C-31281,Active,Weybridge,75+,Spanish,Social tenancy,3,2025-05-04,,976.42,2025,5,7,4,6,0,6,5858.34,976.39,920.07,1007.02,30.646930678291383,6,1,0,0,0,0,0.0,62.930000000000064,0.9999692755166834,1.0313389729829376,0,0.0
C-31282,Active,Northgate,18-29,English,Private tenancy,4,2021-10-04,,1042.86,2021,10,50,2,19,1,6,6312.23,1052.0383333333332,982.48,1097.58,44.25629691542973,6,1,0,0,0,0,0.0,134.76000000000045,1.0088011174398608,1.0524710891203037,3,0.5
C-31283,Active,Weybridge,75+,English,Owner-occupier,4,2025-05-23,,1210.05,2025,5,7,1,23,1,6,7139.0,1189.8333333333333,1143.63,1249.91,35.81647144355044,6,1,0,0,0,0,0.0,39.86000000000013,0.9832927014035233,1.0329407875707617,1,0.16666666666666666
C-31284,Active,Northgate,18-29,English,Private tenancy,3,2022-11-26,,1163.1,2022,11,37,2,4,1,6,7015.57,1169.2616666666665,1115.55,1215.99,40.97670578104918,6,1,0,0,0,0,0.0,113.85000000000036,1.0052976241653055,1.0454733041011093,1,0.16666666666666666
C-31285,Active,Calder Central,45-59,Other,Owner-occupier,1,2022-10-15,,497.54,2022,10,38,6,21,2,6,2927.52,487.92,418.13,522.99,39.16765808674293,6,1,0,0,0,0,0.0,58.479999999999905,0.9806648711661373,1.0511516661976925,2,0.3333333333333333
C-31286,Active,Northgate,30-44,Spanish,Owner-occupier,3,2023-09-24,,715.84,2023,9,27,5,7,2,6,4399.18,733.1966666666667,676.71,758.73,30.28572975291607,6,1,0,0,0,0,0.0,143.26999999999987,1.0242465727909402,1.0599156236030398,3,0.5
C-31287,Suspended,Calder Central,45-59,English,Resident with family,4,2024-03-31,,1194.31,2024,3,21,1,22,1,6,7159.07,1193.1783333333333,1137.35,1244.89,36.353071076137034,6,1,0,0,0,0,0.0,73.73000000000047,0.999052451485237,1.0423508134403967,0,0.0
C-31288,Active,Northgate,30-44,English,No fixed abode,3,2021-04-11,,1005.26,2021,4,56,0,22,1,6,6144.86,1024.1433333333332,985.95,1062.26,26.76922088269784,6,1,0,0,0,0,0.0,132.6099999999999,1.0187845267227715,1.056701748801305,0,0.0
C-31289,Active,Northgate,30-44,English,Social tenancy,2,2024-03-09,,752.31,2024,3,21,4,17,2,6,4500.02,750.0033333333334,710.56,782.82,33.84632427113276,6,1,0,0,0,0,0.0,82.83000000000027,0.9969338880691915,1.040555090321809,3,0.5
C-31290,Active,Northgate,30-44,English,Social tenancy,2,2022-03-06,,882.03,2022,3,45,1,22,0,6,4936.76,822.7933333333334,595.11,932.65,116.28641411044829,6,1,0,0,0,0,0.0,50.620000000000005,0.9328405307453639,1.0573903381971135,0,0.0
C-31291,Active,Weybridge,45-59,English,Resident with family,1,2021-11-23,,561.15,2021,11,49,4,22,1,6,3251.12,541.8533333333334,443.5,583.89,51.81759649642842,6,1,0,0,0,0,0.0,44.72000000000003,0.9656122842971279,1.0405239240844695,2,0.3333333333333333
C-31292,Active,Calder Central,45-59,Spanish,Social tenancy,3,2022-08-27,,690.07,2022,8,40,2,4,2,6,4077.59,679.5983333333334,652.44,705.4,21.630213514125693,6,1,0,0,0,0,0.0,29.54999999999984,0.9848252109689355,1.0222151375947366,2,0.3333333333333333
C-31293,Active,Northgate,60-74,English,Resident with family,1,2022-10-15,,703.1,2022,10,38,1,0,0,6,3950.76,658.46,547.27,745.05,83.00004722890219,6,1,0,0,0,0,0.0,51.36999999999989,0.9365097425686245,1.0596643436211064,0,0.0
C-31294,Active,Northgate,60-74,English,Social tenancy,3,2021-02-16,,606.26,2021,2,58,1,8,1,6,3657.95,609.6583333333333,576.78,640.28,24.96678867348915,6,1,0,0,0,0,0.0,66.59999999999991,1.0056054058214847,1.0561145383168937,3,0.5
C-31295,Active,Calder Central,60-74,English,Resident with family,1,2023-05-16,,643.13,2023,5,31,1,8,1,6,3793.29,632.215,512.42,674.96,62.68947431586903,6,1,0,0,0,0,0.0,95.37000000000012,0.9830283146486715,1.0494923265902696,3,0.5
C-31296,Active,Weybridge,60-74,English,Social tenancy,2,2024-07-30,,531.24,2024,7,17,2,14,0,6,2974.95,495.825,369.87,546.49,63.623217696058084,6,1,0,0,0,0,0.0,15.25,0.9333352157217076,1.0287064227091334,0,0.0
C-31297,Active,Calder Central,45-59,English,Social tenancy,3,2023-08-11,,817.07,2023,8,28,1,12,0,6,4830.8,805.1333333333333,771.96,827.59,23.16563805869951,6,1,0,0,0,0,0.0,23.799999999999955,0.9853908885815578,1.0128752738443463,0,0.0
C-31298,Active,Ash Hill,30-44,Spanish,Private tenancy,4,2022-09-16,,746.45,2022,9,39,5,8,3,6,11983.26,1997.21,1749.02,2211.51,201.42625588537354,6,1,0,0,0,0,0.0,7504.5599999999995,2.675611226471967,2.9627034630584768,1,0.16666666666666666
C-31299,Active,Northgate,45-59,Spanish,No fixed abode,3,2022-01-08,,1116.3,2022,1,47,3,4,2,6,5718.07,953.0116666666667,791.55,1137.0,168.5187126009057,6,1,0,0,0,0,0.0,20.700000000000045,0.8537236107378542,1.0185434023112068,2,0.3333333333333333
C-31300,Active,Ash Hill,30-44,Spanish,Owner-occupier,3,2022-05-11,,682.61,2022,5,43,4,22,2,6,3749.71,624.9516666666667,459.76,711.39,102.79581244713555,6,1,0,0,0,0,0.0,43.5,0.9155325393221116,1.0421617028757268,2,0.3333333333333333
C-31301,Active,Northgate,45-59,English,Social tenancy,2,2023-09-12,,984.51,2023,9,27,2,16,0,6,5961.9,993.65,945.05,1030.67,38.46047477606072,6,1,0,0,0,0,0.0,126.71000000000015,1.009283806157378,1.0468862682959037,0,0.0
C-31302,Active,Northgate,45-59,English,Resident with family,3,2022-08-01,,824.26,2022,8,40,3,3,1,6,4635.96,772.66,605.46,835.72,84.60257324691726,6,1,0,0,0,0,0.0,14.830000000000041,0.9373983937107223,1.0139033800014559,0,0.0
C-31303,Active,Northgate,18-29,Other,No fixed abode,3,2021-08-30,,748.68,2021,8,52,5,21,2,6,4255.82,709.3033333333333,562.56,765.59,74.35318383678451,6,1,0,0,0,0,0.0,16.910000000000082,0.9474052109490482,1.0225864187636908,1,0.16666666666666666
C-31304,Active,Ash Hill,60-74,Spanish,Resident with family,1,2022-07-10,,693.87,2022,7,41,3,11,1,6,4027.87,671.3116666666666,546.64,718.29,63.57317969605314,6,1,0,0,0,0,0.0,41.40999999999997,0.9674891069893015,1.0351939124043408,0,0.0
C-31305,Active,Calder Central,30-44,English,Owner-occupier,4,2021-12-07,,1424.47,2021,12,48,2,22,0,6,8135.360000000001,1355.8933333333334,955.82,1467.13,200.02891577636134,6,1,0,0,0,0,0.0,123.8900000000001,0.9518581179900828,1.0299479806524532,0,0.0
C-31306,Active,Ash Hill,18-29,English,Resident with family,1,2021-05-30,,533.12,2021,5,55,1,15,0,6,3172.71,528.785,502.29,559.55,22.227204727540506,6,1,0,0,0,0,0.0,39.70999999999992,0.9918686224489796,1.0495760804321728,0,0.0
C-31307,Active,Northgate,30-44,English,Owner-occupier,4,2023-09-24,,1030.62,2023,9,27,3,18,0,6,5946.01,991.0016666666667,819.99,1081.61,109.58652607262749,6,1,0,0,0,0,0.0,125.25000000000023,0.9615587381058651,1.0494750732568745,0,0.0
C-31308,Active,Ash Hill,45-59,English,No fixed abode,3,2024-08-26,,633.62,2024,8,16,2,16,1,6,3839.52,639.92,597.61,668.39,32.633420905568585,6,1,0,0,0,0,0.0,107.04999999999995,1.0099428679650264,1.0548751617688836,1,0.16666666666666666
C-31309,Suspended,Weybridge,45-59,English,Resident with family,3,2022-06-21,,784.66,2022,6,42,1,21,1,6,4839.67,806.6116666666667,763.55,828.35,23.520556470174487,6,1,0,0,0,0,0.0,152.82000000000028,1.027976023585587,1.0556801672061786,1,0.16666666666666666
C-31310,Active,Calder Central,30-44,English,Owner-occupier,1,2023-03-28,,401.38,2023,3,33,1,13,0,6,2216.57,369.42833333333334,280.91,419.73,54.062933111945235,6,1,0,0,0,0,0.0,36.370000000000005,0.9203954689654027,1.0457172753998705,0,0.0
C-31311,Active,Weybridge,60-74,English,No fixed abode,3,2021-06-05,,968.08,2021,6,54,0,13,0,6,5808.88,968.1466666666666,922.3,1019.2,34.29758805902638,6,1,0,0,0,0,0.0,79.34999999999991,1.0000688648321074,1.052805553260061,0,0.0
C-31312,Active,Weybridge,18-29,English,Social tenancy,2,2022-12-17,,579.53,2022,12,36,3,1,2,6,3344.9399999999996,557.4899999999999,432.21,612.52,64.01096343596149,6,1,0,0,0,0,0.0,45.629999999999995,0.9619691819232826,1.0569254395803496,2,0.3333333333333333
C-31313,Suspended,Ash Hill,60-74,Spanish,Resident with family,1,2021-10-11,,394.08,2021,10,50,2,15,2,6,2266.83,377.805,332.29,404.89,25.338909013609868,6,1,0,0,0,0,0.0,10.810000000000002,0.9587012789281365,1.0274309784815265,0,0.0
C-31314,Active,Northgate,45-59,English,Private tenancy,1,2023-01-23,,416.81,2023,1,35,2,13,1,6,2532.33,422.055,406.54,435.38,12.320593735693091,6,1,0,0,0,0,0.0,51.19,1.0125836712171012,1.0445526738801851,2,0.3333333333333333
C-31315,Active,Ash Hill,45-59,Spanish,Owner-occupier,3,2021-07-17,,1090.6,2021,7,53,6,23,1,6,6298.35,1049.7250000000001,1028.07,1083.81,20.67760116647967,6,1,0,0,0,0,0.0,0.0,0.9625206308454063,0.9937740693196406,1,0.16666666666666666
C-31316,Active,Calder Central,45-59,Spanish,Social tenancy,2,2022-11-20,,808.81,2022,11,37,4,14,1,6,4533.48,755.5799999999999,560.29,853.12,100.99212286114201,6,1,0,0,0,0,0.0,44.31000000000006,0.9341872627687592,1.0547841891173453,1,0.16666666666666666
C-31317,Active,Calder Central,45-59,English,Resident with family,4,2024-02-11,,1023.91,2024,2,22,0,2,2,6,5652.45,942.0749999999999,843.84,1074.79,89.89762638690745,6,1,0,0,0,0,0.0,50.879999999999995,0.9200759832407145,1.0496918674492874,2,0.3333333333333333
C-31318,Active,Calder Central,18-29,English,Private tenancy,1,2024-08-30,,731.64,2024,8,16,3,7,0,6,4145.58,690.93,506.19,764.75,92.95206442032368,6,1,0,0,0,0,0.0,36.440000000000055,0.9443578809250451,1.045254496747034,0,0.0
C-31319,Suspended,Ash Hill,75+,English,No fixed abode,3,2022-05-15,,917.74,2022,5,43,2,9,2,6,5552.74,925.4566666666666,881.71,967.73,31.45860242710514,6,1,0,0,0,0,0.0,99.55999999999995,1.0084083364206275,1.0544707651404537,1,0.16666666666666666
C-31320,Active,Calder Central,30-44,English,Social tenancy,2,2023-03-22,,674.67,2023,3,33,2,20,0,6,4168.32,694.7199999999999,649.22,711.95,24.46225909436819,6,1,0,0,0,0,0.0,145.75000000000034,1.029718232617428,1.0552566439889133,0,0.0
C-31321,Active,Calder Central,45-59,English,Social tenancy,3,2025-06-04,,974.37,2025,6,6,1,22,1,6,5533.03,922.1716666666666,760.65,996.67,84.41364662580729,6,1,0,0,0,0,0.0,22.299999999999955,0.9464286325181058,1.0228865831255067,2,0.3333333333333333
C-31322,Active,Weybridge,30-44,English,Social tenancy,5,2022-10-27,,1079.59,2022,10,38,0,6,2,6,6561.61,1093.6016666666667,1054.76,1126.47,31.72971441199347,6,1,0,0,0,0,0.0,132.22000000000025,1.0129786925283364,1.0434238924035977,2,0.3333333333333333
C-31323,Active,Weybridge,18-29,Other,Owner-occupier,1,2021-06-11,,391.7,2021,6,54,4,7,3,6,2339.48,389.91333333333336,375.71,411.63,13.01996876596357,6,1,0,0,0,0,0.0,26.170000000000016,0.9954386860692708,1.0508807761041614,1,0.16666666666666666
C-31324,Closed,Weybridge,75+,English,No fixed abode,2,2023-06-06,2025-11,954.01,2023,6,30,2,12,1,5,4640.28,928.0559999999999,896.86,965.47,30.04165491446834,5,1,0,0,0,0,0.0,11.460000000000036,0.9727948344356978,1.0120124526996572,1,0.2
C-31325,Active,Calder Central,30-44,English,Owner-occupier,6,2024-01-16,,907.03,2024,1,23,1,14,2,6,5445.3,907.5500000000001,868.43,937.09,25.355460950256866,6,1,0,0,0,0,0.0,61.090000000000146,1.0005732996703527,1.0331411309438499,2,0.3333333333333333
C-31326,Active,Ash Hill,18-29,English,Resident with family,1,2022-07-10,,427.71,2022,7,41,0,21,0,6,2492.48,415.41333333333336,334.5,450.14,41.08875060970664,6,1,0,0,0,0,0.0,31.380000000000052,0.9712499902581969,1.052442075237895,0,0.0
C-31327,Active,Ash Hill,18-29,English,Owner-occupier,2,2022-02-03,,862.77,2022,2,46,1,16,1,6,5045.48,840.9133333333333,753.97,904.71,51.21389095418026,6,1,0,0,0,0,0.0,51.56000000000006,0.9746668675699587,1.048610869640808,2,0.3333333333333333
C-31328,Active,Northgate,45-59,English,Owner-occupier,1,2024-03-19,,626.18,2024,3,21,3,18,1,6,3757.9300000000003,626.3216666666667,593.87,652.57,26.051717345823228,6,1,0,0,0,0,0.0,65.12000000000023,1.0002262395264407,1.0421444313136798,2,0.3333333333333333
C-31329,Active,Calder Central,45-59,Other,Social tenancy,3,2024-08-16,,748.94,2024,8,16,6,9,2,6,4302.03,717.005,538.12,783.53,91.07012369597399,6,1,0,0,0,0,0.0,67.86999999999989,0.9573597350922637,1.0461852751889336,2,0.3333333333333333
C-31330,Active,Northgate,45-59,Spanish,No fixed abode,1,2023-11-22,,704.0,2023,11,25,8,23,4,6,4009.87,668.3116666666666,584.42,692.91,41.72081754552118,6,1,0,0,0,0,0.0,0.0,0.9493063446969697,0.9842471590909091,3,0.5
C-31331,Suspended,Northgate,60-74,English,Social tenancy,1,2024-10-26,,754.24,2024,10,14,2,4,0,6,4563.92,760.6533333333333,724.32,788.23,28.40080397923036,6,1,0,0,0,0,0.0,95.08999999999992,1.0085030405883184,1.045065231226135,0,0.0
C-31332,Active,Calder Central,45-59,English,No fixed abode,3,2024-05-25,,836.71,2024,5,19,3,7,1,6,5064.11,844.0183333333333,790.27,883.36,37.29066661601353,6,1,0,0,0,0,0.0,118.61999999999978,1.008734607370933,1.0557540844498094,0,0.0
C-31333,Closed,Ash Hill,45-59,English,Private tenancy,2,2021-01-13,2025-12,770.7,2021,1,59,0,22,0,6,4726.45,787.7416666666667,744.44,802.05,21.9168331806095,6,1,0,0,0,0,0.0,128.50999999999965,1.0221119328748756,1.040677306344881,0,0.0
C-31334,Active,Calder Central,18-29,Spanish,Private tenancy,4,2022-12-14,,1227.26,2022,12,36,2,7,2,6,7424.17,1237.3616666666667,1167.24,1290.58,49.79312338733794,6,1,0,0,0,0,0.0,163.92999999999984,1.0082310730135966,1.0515946091292798,3,0.5
C-31335,Active,Northgate,30-44,English,Resident with family,1,2024-10-31,,429.65,2024,10,14,2,15,2,6,2603.12,433.8533333333333,418.88,451.35,12.605925061916976,6,1,0,0,0,0,0.0,44.060000000000116,1.0097831568330813,1.0505062259979054,2,0.3333333333333333
C-31336,Active,Calder Central,18-29,Other,Private tenancy,3,2022-02-10,,675.14,2022,2,46,5,9,1,6,4003.63,667.2716666666666,636.39,713.95,30.449455441217168,6,1,0,0,0,0,0.0,52.6400000000001,0.9883456270798155,1.0574843736113992,3,0.5
C-31337,Active,Weybridge,75+,English,Resident with family,1,2022-11-04,,581.02,2022,11,37,2,3,1,6,3585.48,597.58,576.98,613.16,13.873334134230296,6,1,0,0,0,0,0.0,103.4000000000002,1.028501600633369,1.055316512340367,1,0.16666666666666666
C-31338,Active,Ash Hill,75+,Other,No fixed abode,1,2021-03-05,,535.24,2021,3,57,4,5,1,6,2973.0299999999997,495.50499999999994,373.74,557.93,70.25891082275614,6,1,0,0,0,0,0.0,40.6099999999999,0.9257622748673492,1.0423921978925341,1,0.16666666666666666
C-31339,Active,Ash Hill,75+,English,No fixed abode,1,2025-02-01,,762.49,2025,2,10,1,3,1,6,4504.1,750.6833333333334,720.36,794.13,32.81603002598985,6,1,0,0,0,0,0.0,51.539999999999964,0.9845156439210131,1.0414956261721464,1,0.16666666666666666
C-31340,Active,Weybridge,30-44,English,Resident with family,1,2024-04-19,,424.99,2024,4,20,2,9,0,6,2655.98,442.66333333333336,426.53,449.64,8.37348115580771,6,1,0,0,0,0,0.0,106.0399999999999,1.0415852922029538,1.0580013647379938,0,0.0
C-31341,Active,Calder Central,45-59,English,Owner-occupier,1,2021-08-29,,643.0,2021,8,52,1,7,0,6,3811.88,635.3133333333334,613.67,654.5,16.23765089742562,6,1,0,0,0,0,0.0,17.039999999999964,0.9880456194919648,1.0178849144634525,0,0.0
C-31342,Suspended,Calder Central,45-59,English,No fixed abode,3,2024-04-06,,741.99,2024,4,20,0,8,0,6,4415.03,735.8383333333333,702.13,764.98,24.583760832441122,6,1,0,0,0,0,0.0,41.08999999999992,0.9917092323795917,1.0309842450706883,0,0.0
C-31343,Active,Northgate,45-59,English,Social tenancy,4,2022-04-29,,1149.12,2022,4,44,1,1,1,6,6320.34,1053.39,867.14,1214.38,133.9989531302391,6,1,0,0,0,0,0.0,65.26000000000022,0.9166927736006684,1.0567912837649682,2,0.3333333333333333
C-31344,Closed,Calder Central,18-29,English,Resident with family,5,2025-02-23,2025-12,927.17,2025,2,10,2,21,1,6,5195.7,865.9499999999999,686.56,940.18,91.35745092766106,6,1,0,0,0,0,0.0,13.009999999999991,0.9339711164079944,1.0140319466764456,2,0.3333333333333333
C-31345,Active,Weybridge,18-29,Spanish,Social tenancy,4,2024-09-14,,1171.36,2024,9,15,2,23,3,6,6915.75,1152.625,1105.95,1238.98,57.12873838971062,6,1,0,0,0,0,0.0,107.36000000000013,0.9840057710695261,1.0577277694304057,3,0.5
C-31346,Active,Weybridge,60-74,English,Resident with family,4,2021-11-07,,1198.4,2021,11,49,4,22,1,6,7108.1900000000005,1184.6983333333335,1138.0,1232.94,46.63551754474989,6,1,0,0,0,0,0.0,85.62999999999988,0.9885667000445038,1.0288217623497997,2,0.3333333333333333
C-31347,Active,Weybridge,45-59,Spanish,Owner-occupier,3,2023-12-16,,924.18,2023,12,24,4,9,2,6,5519.73,919.9549999999999,878.17,963.17,28.65722648826992,6,1,0,0,0,0,0.0,53.280000000000086,0.995428379752862,1.0421887511090913,1,0.16666666666666666
C-31348,Active,Weybridge,60-74,English,Private tenancy,3,2024-04-10,,1055.38,2024,4,20,5,0,2,8,7751.639999999999,968.9549999999999,759.22,1069.07,112.02564604334388,6,2,2,1,0,0,0.0,13.689999999999827,0.9181100646212738,1.0129716310712726,3,0.375
C-31349,Closed,Weybridge,30-44,Other,No fixed abode,2,2025-04-18,2025-07,736.34,2025,4,8,4,16,2,1,738.31,738.31,738.31,738.31,0.0,1,1,0,0,0,0,0.0,1.9699999999999136,1.0026753945188362,1.0026753945188362,0,0.0
C-31350,Active,Ash Hill,18-29,English,Owner-occupier,6,2021-06-30,,1015.07,2021,6,54,1,15,1,6,5245.62,874.27,735.87,1047.9,147.44948016185072,6,1,0,0,0,0,0.0,32.83000000000004,0.8612903543597978,1.0323425970622717,2,0.3333333333333333
C-31351,Active,Northgate,30-44,English,Private tenancy,4,2023-06-25,,1114.57,2023,6,30,2,2,3,7,7659.81,1094.2585714285715,1056.22,1124.16,28.012508175558217,6,2,1,1,0,0,0.0,21.370000000000346,0.9817764442148734,1.0086042150784609,0,0.0
C-31352,Active,Weybridge,60-74,Other,Private tenancy,5,2024-11-29,,1331.58,2024,11,13,4,18,1,6,8147.91,1357.985,1287.88,1402.12,42.29425433791204,6,1,0,0,0,0,0.0,204.58000000000015,1.0198298262214813,1.0529746616801092,0,0.0
C-31353,Active,Weybridge,30-44,English,No fixed abode,3,2022-08-13,,994.52,2022,8,40,3,4,1,6,5969.599999999999,994.9333333333333,963.05,1037.36,29.20587863199236,6,1,0,0,0,0,0.0,72.62999999999988,1.000415610880961,1.0430760567912158,0,0.0
C-31354,Active,Calder Central,60-74,Spanish,Private tenancy,2,2022-10-17,,1003.14,2022,10,38,3,16,2,6,5852.9400000000005,975.4900000000001,768.76,1057.77,106.54455499930532,6,1,0,0,0,0,0.0,117.93000000000018,0.9724365492354009,1.054458998743944,2,0.3333333333333333
C-31355,Active,Northgate,60-74,English,No fixed abode,3,2022-11-04,,1002.06,2022,11,37,3,3,1,6,6028.63,1004.7716666666666,971.61,1038.38,28.156603073997914,6,1,0,0,0,0,0.0,81.73000000000025,1.002706092116906,1.0362453346107021,1,0.16666666666666666
C-31356,Suspended,Calder Central,75+,Other,Resident with family,1,2025-02-01,,380.51,2025,2,10,7,6,1,6,2275.61,379.2683333333334,363.9,394.73,11.932375147751065,6,1,0,0,0,0,0.0,25.000000000000057,0.9967368356503991,1.037370896954088,4,0.6666666666666666
C-31357,Active,Calder Central,45-59,English,No fixed abode,1,2023-02-03,,442.99,2023,2,34,1,17,0,6,2569.09,428.1816666666667,370.23,466.97,32.14338962627721,6,1,0,0,0,0,0.0,23.980000000000018,0.9665718564000693,1.0541321474525385,0,0.0
C-31358,Active,Ash Hill,75+,Other,Social tenancy,2,2023-01-03,,1020.62,2023,1,35,4,22,2,6,5810.39,968.3983333333334,828.9,1044.71,75.71492254943321,6,1,0,0,0,0,0.0,27.200000000000045,0.9488333888551402,1.0236032999549294,3,0.5
C-31359,Active,Northgate,60-74,English,Resident with family,3,2021-05-03,,806.78,2021,5,55,4,10,1,6,4680.4,780.0666666666666,600.54,851.54,92.30549445545846,6,1,0,0,0,0,0.0,85.20000000000005,0.9668889494864358,1.0554798086219292,5,0.8333333333333334
C-31360,Closed,Calder Central,30-44,Spanish,Resident with family,1,2022-10-12,2025-11,571.15,2022,10,38,4,10,2,5,2798.7799999999997,559.756,543.9,566.33,9.102891298922577,5,1,0,0,0,0,0.0,0.0,0.980050774752692,0.991560885931892,1,0.2
C-31361,Active,Calder Central,75+,English,Owner-occupier,4,2023-07-13,,1128.58,2023,7,29,2,11,0,6,6637.09,1106.1816666666666,1080.05,1164.57,30.952972985913117,6,1,0,0,0,0,0.0,35.99000000000001,0.9801535262601382,1.0318896312179908,0,0.0
C-31362,Active,Calder Central,45-59,Spanish,Resident with family,2,2022-07-25,,1022.27,2022,7,41,4,19,3,6,6173.62,1028.9366666666667,964.31,1070.2,42.016521353708846,6,1,0,0,0,0,0.0,125.08000000000015,1.0065214343242654,1.0468858520743052,0,0.0
C-31363,Closed,Northgate,45-59,English,Resident with family,4,2023-07-16,2025-08,1272.29,2023,7,29,3,21,2,6,7435.62,1239.27,1201.29,1310.94,42.721799587564234,6,1,0,0,4,1,5030.43,38.65000000000009,0.9740467975068577,1.0303782942568125,2,0.3333333333333333
C-31364,Active,Weybridge,30-44,English,Social tenancy,4,2025-07-29,,1319.28,2025,7,5,4,19,0,6,7724.23,1287.3716666666667,1067.62,1392.57,126.92760604638644,6,1,0,0,0,0,0.0,199.76,0.9758138277444263,1.055553028924868,0,0.0
C-31365,Active,Northgate,18-29,English,Owner-occupier,2,2025-03-07,,747.95,2025,3,9,1,2,0,6,4510.69,751.7816666666666,721.45,777.77,18.603215223897887,6,1,0,0,0,0,0.0,53.539999999999736,1.0051228914588763,1.0398689751988768,0,0.0
C-31366,Active,Calder Central,45-59,English,Owner-occupier,1,2024-06-24,,380.27,2024,6,18,2,9,0,6,2195.34,365.89000000000004,289.45,403.04,51.19855271391957,6,1,0,0,0,0,0.0,72.98000000000008,0.9621847634575434,1.059878507376338,0,0.0
C-31367,Suspended,Calder Central,30-44,English,Social tenancy,4,2024-03-21,,1356.5,2024,3,21,0,13,0,6,7746.88,1291.1466666666668,1020.81,1413.21,139.0038098278845,6,1,0,0,0,0,0.0,71.10000000000014,0.951822091165991,1.0418061186877996,0,0.0
C-31368,Active,Calder Central,45-59,English,Resident with family,1,2024-12-02,,687.5,2024,12,12,3,9,1,6,4232.39,705.3983333333334,678.54,725.92,20.813881345550772,6,1,0,0,0,0,0.0,120.88,1.0260339393939395,1.0558836363636364,0,0.0
C-31369,Active,Ash Hill,60-74,English,Social tenancy,2,2025-03-01,,588.4,2025,3,9,0,14,1,6,3490.4,581.7333333333333,564.92,619.86,20.697141509557948,6,1,0,0,0,0,0.0,31.88000000000011,0.9886698391117155,1.0534670292318151,2,0.3333333333333333
C-31370,Active,Weybridge,45-59,English,Social tenancy,2,2024-12-20,,793.5,2024,12,12,2,5,1,6,4520.0,753.3333333333334,620.78,798.1,67.26505293736615,6,1,0,0,0,0,0.0,7.300000000000068,0.9493803822726319,1.0057971014492755,2,0.3333333333333333
C-31371,Active,Ash Hill,60-74,English,Social tenancy,2,2023-01-15,,639.43,2023,1,35,3,4,0,6,3813.21,635.535,606.25,657.17,18.47932980386463,6,1,0,0,0,0,0.0,28.350000000000136,0.9939086373801668,1.0277434590181882,0,0.0
C-31372,Active,Ash Hill,60-74,English,Resident with family,2,2023-10-29,,979.77,2023,10,26,0,7,2,6,5953.33,992.2216666666667,934.15,1036.67,39.527331008640985,6,1,0,0,0,0,0.0,137.9200000000003,1.0127087649822577,1.0580748543025404,2,0.3333333333333333
C-31373,Active,Ash Hill,75+,English,Private tenancy,4,2023-06-02,,1218.22,2023,6,30,1,18,1,6,6865.9,1144.3166666666666,972.55,1247.32,109.67569314422711,6,1,0,0,0,0,0.0,29.09999999999991,0.9393349860178511,1.02388731099473,1,0.16666666666666666
C-31374,Active,Calder Central,30-44,English,No fixed abode,2,2023-09-13,,530.56,2023,9,27,0,22,2,6,3226.0,537.6666666666666,515.72,558.69,16.318528936968164,6,1,0,0,0,0,0.0,61.50000000000023,1.0133946521913952,1.0530194511459592,2,0.3333333333333333
C-31375,Active,Calder Central,30-44,English,Owner-occupier,4,2023-03-28,,917.38,2023,3,33,3,1,0,6,5386.44,897.7399999999999,869.95,946.02,26.296850001473555,6,1,0,0,0,0,0.0,28.639999999999986,0.9785912053892606,1.0312193420392857,0,0.0
C-31376,Closed,Calder Central,60-74,English,Owner-occupier,4,2022-04-19,2025-09,906.35,2022,4,44,2,12,1,6,5185.87,864.3116666666666,754.27,958.0,80.68352506346427,6,1,0,0,3,1,2446.25,59.809999999999945,0.9536179915779407,1.0569868152479727,1,0.16666666666666666
C-31377,Active,Ash Hill,75+,English,Resident with family,2,2023-08-23,,560.2,2023,8,28,4,20,2,6,3221.43,536.905,407.98,592.63,65.45308082894188,6,1,0,0,0,0,0.0,39.04999999999984,0.9584166369153873,1.0578900392716886,1,0.16666666666666666
C-31378,Active,Calder Central,18-29,Spanish,Private tenancy,1,2025-01-18,,483.37,2025,1,11,6,7,0,6,2755.11,459.185,340.58,510.85,61.559594134464554,6,1,0,0,0,0,0.0,48.620000000000005,0.9499658646585432,1.0568508595899622,0,0.0
C-31379,Active,Calder Central,45-59,English,Social tenancy,3,2021-03-05,,1046.9,2021,3,57,2,20,1,6,5907.68,984.6133333333333,805.32,1075.16,92.32953886306737,6,1,0,0,0,0,0.0,28.25999999999999,0.9405037093641545,1.02699398223326,3,0.5
C-31380,Active,Calder Central,60-74,English,No fixed abode,6,2023-12-12,,1435.75,2023,12,24,2,0,1,6,8469.49,1411.5816666666667,1353.32,1508.08,64.00563863181645,6,1,0,0,0,0,0.0,108.0,0.9831667537291775,1.0503778512972313,3,0.5
C-31381,Active,Weybridge,30-44,English,Owner-occupier,2,2022-12-31,,721.76,2022,12,36,0,0,0,6,4232.74,705.4566666666666,681.05,746.79,25.636951196791465,6,1,0,0,0,0,0.0,27.199999999999932,0.9774116973324466,1.034679117712259,0,0.0
C-31382,Closed,Weybridge,30-44,English,No fixed abode,1,2025-03-26,2025-10,405.56,2025,3,9,1,7,3,6,2202.69,367.115,287.89,424.06,60.42111112847892,6,1,0,0,2,1,820.9,21.110000000000014,0.9052051484367295,1.045615938455469,2,0.3333333333333333
C-31383,Active,Ash Hill,30-44,English,No fixed abode,1,2024-08-02,,467.53,2024,8,16,3,1,1,6,2802.6800000000003,467.1133333333334,441.81,490.93,20.85214297540344,6,1,0,0,0,0,0.0,53.300000000000125,0.9991087915926965,1.050050264154172,2,0.3333333333333333
C-31384,Active,Calder Central,30-44,English,No fixed abode,2,2024-07-15,,875.42,2024,7,17,1,9,1,6,4857.4,809.5666666666666,671.39,899.64,106.45385134727003,6,1,0,0,0,0,0.0,24.220000000000027,0.9247751555443863,1.0276667199744123,1,0.16666666666666666
C-31385,Active,Ash Hill,30-44,English,No fixed abode,6,2023-11-11,,1438.33,2023,11,25,1,9,1,6,8815.41,1469.235,1382.46,1518.53,49.761999859330345,6,1,0,0,0,0,0.0,241.3000000000004,1.021486724187078,1.0557591095228493,2,0.3333333333333333
C-31386,Active,Northgate,30-44,English,Social tenancy,2,2023-12-07,,519.98,2023,12,24,0,20,1,6,3041.02,506.83666666666664,490.11,537.22,17.2592348227454,6,1,0,0,0,0,0.0,17.24000000000001,0.9747233867969282,1.0331551213508212,1,0.16666666666666666
C-31387,Active,Calder Central,30-44,Other,Owner-occupier,6,2022-05-25,,1176.74,2022,5,43,5,9,1,6,6926.26,1154.3766666666668,938.84,1240.3,114.30715614810241,6,1,0,0,0,0,0.0,163.27999999999997,0.980995518692886,1.0540136308785288,0,0.0
C-31388,Active,Ash Hill,60-74,English,Resident with family,1,2021-04-06,,486.65,2021,4,56,2,5,2,6,2824.2400000000002,470.7066666666667,462.97,492.26,10.757870916992198,6,1,0,0,0,0,0.0,5.610000000000014,0.967238604061783,1.0115277920476728,0,0.0
C-31389,Active,Ash Hill,45-59,English,No fixed abode,1,2023-11-18,,709.2,2023,11,25,2,12,0,6,4281.6,713.6,670.92,743.0,26.727516158446154,6,1,0,0,0,0,0.0,73.9899999999999,1.006204173716864,1.047659334461365,0,0.0
C-31390,Active,Calder Central,60-74,English,Social tenancy,3,2025-03-23,,1162.69,2025,3,9,2,15,1,6,7051.0599999999995,1175.1766666666665,1107.59,1227.19,42.94065470701014,6,1,0,0,0,0,0.0,137.83999999999992,1.010739463370861,1.0554748041180366,1,0.16666666666666666
C-31391,Active,Calder Central,60-74,English,Resident with family,2,2024-11-08,,796.05,2024,11,13,2,6,1,6,4590.13,765.0216666666666,602.95,840.42,84.22582250513595,6,1,0,0,0,0,0.0,67.5100000000001,0.9610221301007056,1.0557377049180328,2,0.3333333333333333
C-31392,Active,Calder Central,18-29,English,Private tenancy,5,2021-02-14,,1325.07,2021,2,58,2,19,1,6,8017.29,1336.215,1263.57,1394.13,47.245006402793585,6,1,0,0,0,0,0.0,134.4500000000005,1.0084108764065294,1.0521180013131384,1,0.16666666666666666
C-31393,Active,Ash Hill,30-44,English,Private tenancy,1,2022-11-17,,554.14,2022,11,37,2,6,0,6,3228.72,538.12,521.0,573.29,20.52377255769513,6,1,0,0,0,0,0.0,19.149999999999977,0.971090338181687,1.0345580539213917,0,0.0
C-31394,Active,Northgate,60-74,English,Social tenancy,3,2024-03-17,,623.56,2024,3,21,3,10,1,6,3763.36,627.2266666666667,590.44,643.01,19.80956805855862,6,1,0,0,0,0,0.0,59.51000000000022,1.0058802146812924,1.0311918660594008,1,0.16666666666666666
C-31395,Active,Ash Hill,18-29,English,Owner-occupier,1,2023-10-14,,617.98,2023,10,26,2,1,1,6,3783.42,630.57,599.2,645.05,17.539353465849295,6,1,0,0,0,0,0.0,94.31999999999982,1.0203728275995987,1.0438040066021552,2,0.3333333333333333
C-31396,Active,Northgate,30-44,English,No fixed abode,2,2023-10-25,,617.44,2023,10,26,5,4,3,6,8299.85,1383.3083333333334,1300.19,1461.12,63.989038253959244,6,1,0,0,0,0,0.0,4595.21,2.2403931286170855,2.3664161699922257,2,0.3333333333333333
C-31397,Active,Weybridge,60-74,English,Social tenancy,3,2023-11-14,,742.01,2023,11,25,2,11,0,6,4367.79,727.965,565.2,773.95,80.64224073027731,6,1,0,0,0,0,0.0,92.54000000000008,0.9810716836700314,1.043045241977871,0,0.0
C-31398,Active,Calder Central,60-74,English,Resident with family,3,2024-06-05,,688.36,2024,6,18,3,19,1,6,4208.05,701.3416666666667,662.41,726.79,22.622546644148333,6,1,0,0,0,0,0.0,103.83999999999992,1.018858833556085,1.0558283456330988,2,0.3333333333333333
C-31399,Active,Weybridge,18-29,English,Owner-occupier,2,2024-11-10,,794.89,2024,11,13,4,15,0,6,4799.15,799.8583333333332,752.89,836.25,34.67386359589409,6,1,0,0,0,0,0.0,105.79000000000008,1.006250340718003,1.0520323566782825,0,0.0
C-31400,Active,Northgate,45-59,English,No fixed abode,1,2024-02-24,,681.16,2024,2,22,2,6,1,6,3432.9700000000003,572.1616666666667,467.93,678.62,92.61807975048212,6,1,0,0,0,0,0.0,0.0,0.8399813063988882,0.9962710670033473,1,0.16666666666666666
C-31401,Active,Calder Central,60-74,English,Social tenancy,1,2023-06-29,,669.11,2023,6,30,4,3,0,6,3527.44,587.9066666666666,521.99,672.44,61.79064449143307,6,1,0,0,0,0,0.0,3.330000000000041,0.8786397851872886,1.0049767601739625,0,0.0
C-31402,Active,Weybridge,75+,English,No fixed abode,6,2023-03-30,,1084.07,2023,3,33,0,8,0,6,5786.42,964.4033333333333,754.16,1133.36,182.06463167421248,6,1,0,0,0,0,0.0,114.59999999999991,0.8896135243419091,1.0454675436088074,0,0.0
C-31403,Closed,Northgate,45-59,English,Social tenancy,1,2021-05-15,2025-10,463.33,2021,5,55,2,15,0,4,1810.33,452.5825,447.55,458.94,4.7150070696305875,4,1,0,0,0,0,0.0,0.0,0.9768037899553235,0.9905251116914511,0,0.0
C-31404,Active,Calder Central,60-74,English,No fixed abode,1,2024-09-27,,556.32,2024,9,15,1,18,0,6,3346.67,557.7783333333333,536.81,584.76,22.568736266496334,6,1,0,0,0,0,0.0,64.31999999999982,1.0026213929632823,1.0511216566005175,0,0.0
C-31405,Active,Northgate,18-29,English,No fixed abode,1,2021-05-03,,622.63,2021,5,55,5,22,2,6,3741.5,623.5833333333334,600.3,657.56,26.565028640426235,6,1,0,0,0,0,0.0,68.43999999999994,1.0015311394139912,1.0561007339832644,0,0.0
C-31406,Active,Northgate,30-44,English,Private tenancy,1,2025-06-22,,403.96,2025,6,6,0,14,0,6,2433.0299999999997,405.50499999999994,387.67,420.27,14.014335160827288,6,1,0,0,0,0,0.0,40.180000000000064,1.0038246361025844,1.0403752846816516,0,0.0
C-31407,Active,Calder Central,30-44,Spanish,Resident with family,2,2022-06-01,,561.2,2022,6,42,6,13,1,6,3338.33,556.3883333333333,521.64,590.08,26.559757842771567,6,1,0,0,0,0,0.0,44.01999999999987,0.9914261107151342,1.0514611546685673,1,0.16666666666666666
C-31408,Active,Northgate,60-74,English,Private tenancy,2,2024-10-03,,822.82,2024,10,14,4,0,1,6,4684.110000000001,780.6850000000001,583.03,846.58,100.19992470057053,6,1,0,0,0,0,0.0,52.17999999999995,0.9487919593592767,1.0288763034442527,2,0.3333333333333333
C-31409,Active,Calder Central,45-59,English,Owner-occupier,1,2023-01-27,,544.85,2023,1,35,2,13,3,6,3276.8,546.1333333333333,517.17,569.9,21.963524914427236,6,1,0,0,0,0,0.0,58.08999999999992,1.0023553883331804,1.0459759566853262,3,0.5
C-31410,Active,Calder Central,60-74,English,Social tenancy,1,2022-04-28,,680.25,2022,4,44,0,0,0,6,4137.610000000001,689.6016666666668,655.69,716.7,22.286965173990524,6,1,0,0,0,0,0.0,82.54000000000008,1.0137473967903958,1.0535832414553474,0,0.0
C-31411,Active,Calder Central,45-59,English,Private tenancy,2,2023-08-15,,505.4,2023,8,28,3,9,1,6,2962.7,493.7833333333333,420.25,534.86,41.22041565373483,6,1,0,0,0,0,0.0,49.1400000000001,0.9770149056852659,1.0582904629996044,1,0.16666666666666666
C-31412,Active,Weybridge,75+,Spanish,No fixed abode,1,2023-10-31,,453.58,2023,10,26,4,1,1,6,2667.37,444.56166666666667,429.48,473.43,16.42475134261298,6,1,0,0,0,0,0.0,20.80000000000001,0.980117436100945,1.0437629525111336,2,0.3333333333333333
C-31413,Active,Ash Hill,30-44,English,Private tenancy,6,2025-08-07,,950.85,2025,8,4,2,3,1,6,5796.77,966.1283333333334,900.63,1004.84,42.707037086019746,6,1,0,0,0,0,0.0,161.02999999999997,1.0160680794376962,1.0567807750959668,3,0.5
C-31414,Active,Weybridge,75+,English,Social tenancy,4,2024-06-18,,717.63,2024,6,18,1,5,0,6,4150.82,691.8033333333333,624.23,728.48,38.03127537523123,6,1,0,0,0,0,0.0,19.32000000000005,0.9640111663856491,1.0151192118501178,0,0.0
C-31415,Active,Weybridge,60-74,English,Social tenancy,2,2021-07-17,,583.23,2021,7,53,1,16,1,6,3517.45,586.2416666666667,560.52,616.32,22.68811179156755,6,1,0,0,0,0,0.0,66.26999999999998,1.0051637718681594,1.0567357646211615,2,0.3333333333333333
C-31416,Active,Northgate,60-74,English,Social tenancy,5,2021-10-08,,1245.73,2021,10,50,4,9,0,6,7195.58,1199.2633333333333,992.96,1300.68,107.86705700382618,6,1,0,0,0,0,0.0,78.41000000000008,0.9626992472954279,1.0441106820900194,0,0.0
C-31417,Active,Ash Hill,45-59,English,Private tenancy,5,2024-08-30,,1118.07,2024,8,16,4,20,0,6,6721.139999999999,1120.1899999999998,1063.46,1176.3,40.27701279886582,6,1,0,0,0,0,0.0,102.44000000000005,1.0018961245718068,1.0520808178378813,0,0.0
C-31418,Active,Ash Hill,30-44,English,Social tenancy,4,2024-07-13,,1358.34,2024,7,17,2,15,1,6,7944.700000000001,1324.1166666666668,1290.24,1357.66,26.378262009970783,6,1,0,0,0,0,0.0,0.0,0.9748050316317466,0.9994993889600543,1,0.16666666666666666
C-31419,Active,Ash Hill,30-44,Spanish,Resident with family,3,2021-06-28,,825.22,2021,6,54,2,21,2,6,4637.94,772.9899999999999,676.76,849.67,77.24386758830758,6,1,0,0,0,0,0.0,39.37999999999988,0.936707787014372,1.0296284627129735,2,0.3333333333333333
C-31420,Active,Ash Hill,30-44,English,No fixed abode,2,2021-10-19,,639.82,2021,10,50,1,19,0,6,3850.34,641.7233333333334,611.48,673.16,27.531195881520755,6,1,0,0,0,0,0.0,75.3499999999998,1.0029747949944254,1.0521084054890437,0,0.0
C-31421,Active,Weybridge,30-44,English,No fixed abode,2,2023-02-12,,892.36,2023,2,34,1,11,1,6,5258.37,876.395,839.74,903.62,21.735922110644395,6,1,0,0,0,0,0.0,11.259999999999991,0.9821092384239544,1.012618225828141,0,0.0
C-31422,Active,Calder Central,45-59,English,Owner-occupier,1,2025-02-02,,503.11,2025,2,10,2,20,0,6,3029.61,504.935,475.36,527.09,21.739100027370043,6,1,0,0,0,0,0.0,60.37999999999994,1.0036274373397467,1.0476635328258235,0,0.0
C-31423,Active,Calder Central,60-74,English,Resident with family,2,2022-04-24,,973.7,2022,4,44,1,15,0,6,5852.16,975.36,943.3,1022.88,35.63488347111578,6,1,0,0,0,0,0.0,95.40999999999985,1.001704837218856,1.0505083701345383,0,0.0
C-31424,Active,Weybridge,60-74,English,Resident with family,4,2023-05-22,,1050.68,2023,5,31,1,3,3,6,6470.17,1078.3616666666667,1021.93,1111.68,35.385674738044294,6,1,0,0,0,0,0.0,194.8399999999997,1.0263464296138374,1.058057638862451,2,0.3333333333333333
C-31425,Active,Northgate,30-44,English,Resident with family,2,2025-03-20,,778.96,2025,3,9,1,22,0,6,4703.33,783.8883333333333,736.87,815.6,30.109398145208203,6,1,0,0,0,0,0.0,92.14999999999986,1.006326811817466,1.0470370750744582,0,0.0
C-31426,Active,Weybridge,18-29,Spanish,Social tenancy,2,2021-06-19,,1000.42,2021,6,54,3,22,1,6,5812.25,968.7083333333334,760.83,1050.75,109.21026204833802,6,1,0,0,0,0,0.0,115.32000000000005,0.9683016466417439,1.0503088702744847,2,0.3333333333333333
C-31427,Active,Calder Central,30-44,English,No fixed abode,2,2024-03-06,,660.16,2024,3,21,0,21,1,6,3830.34,638.39,572.11,684.06,41.21029919813736,6,1,0,0,0,0,0.0,44.84000000000003,0.9670231459040233,1.0362033446437227,1,0.16666666666666666
C-31428,Active,Northgate,75+,English,Owner-occupier,3,2021-01-04,,966.75,2021,1,59,5,19,1,6,5536.71,922.785,806.7,998.23,77.51368208258462,6,1,0,0,0,0,0.0,40.25999999999999,0.9545228859581071,1.0325627101111974,1,0.16666666666666666
C-31429,Active,Calder Central,30-44,Other,Owner-occupier,4,2024-03-14,,801.55,2024,3,21,2,6,0,6,4729.79,788.2983333333333,755.04,829.14,34.117185942962344,6,1,0,0,0,0,0.0,50.250000000000114,0.9834674484852265,1.0344208096812426,0,0.0
C-31430,Active,Northgate,30-44,English,Social tenancy,1,2022-02-23,,408.08,2022,2,46,1,15,2,6,2369.11,394.8516666666667,334.01,418.93,31.475853867157706,6,1,0,0,0,0,0.0,21.12000000000006,0.9675839704633079,1.026587923936483,3,0.5
C-31431,Active,Calder Central,45-59,English,Owner-occupier,1,2022-03-21,,760.27,2022,3,45,0,11,2,6,6174.84,1029.14,902.69,1131.7,84.4283227359161,6,1,0,0,0,0,0.0,1613.2200000000005,1.353650676733266,1.4885501203519804,1,0.16666666666666666
C-31432,Active,Northgate,45-59,English,Resident with family,2,2024-09-05,,620.33,2024,9,15,1,9,1,6,3687.43,614.5716666666666,589.92,643.18,22.475158212272195,6,1,0,0,0,0,0.0,39.979999999999905,0.9907173063799375,1.0368352328599293,1,0.16666666666666666
C-31433,Active,Calder Central,75+,Spanish,No fixed abode,2,2023-10-11,,567.96,2023,10,26,1,18,1,6,3462.1800000000003,577.0300000000001,566.17,594.59,11.837349365461865,6,1,0,0,0,0,0.0,56.20999999999992,1.0159694344672159,1.046887104725685,1,0.16666666666666666
C-31434,Active,Calder Central,30-44,English,Private tenancy,2,2023-08-08,,797.46,2023,8,28,0,14,0,6,4826.57,804.4283333333333,725.53,837.01,43.50661486103771,6,1,0,0,0,0,0.0,129.9699999999998,1.0087381603257006,1.049594964010734,0,0.0
C-31435,Active,Northgate,45-59,Spanish,Private tenancy,1,2024-12-09,,533.63,2024,12,12,4,10,2,6,3204.49,534.0816666666666,517.0,562.11,16.476035222912916,6,1,0,0,0,0,0.0,37.379999999999995,1.0008464041876706,1.0533703127635252,2,0.3333333333333333
C-31436,Active,Northgate,30-44,English,Resident with family,2,2021-08-13,,669.06,2021,8,52,1,18,3,6,3801.16,633.5266666666666,481.76,688.69,77.2075855513347,6,1,0,0,0,0,0.0,33.99000000000012,0.9468906625215476,1.0293396705826086,2,0.3333333333333333
C-31437,Active,Calder Central,30-44,English,No fixed abode,4,2021-12-17,,1006.22,2021,12,48,1,17,2,6,5884.22,980.7033333333334,899.87,1015.21,44.135775813580835,6,1,0,0,0,0,0.0,9.139999999999986,0.974641065903414,1.0089344278587187,1,0.16666666666666666
C-31438,Active,Ash Hill,60-74,English,No fixed abode,5,2024-05-01,,1454.68,2024,5,19,1,10,2,6,8646.46,1441.0766666666666,1371.03,1526.81,65.58918742191176,6,1,0,0,0,0,0.0,127.36999999999989,0.9906485733402993,1.0495847884070724,1,0.16666666666666666
C-31439,Active,Weybridge,45-59,English,Owner-occupier,1,2024-07-16,,762.36,2024,7,17,1,6,0,6,4498.82,749.8033333333333,717.92,793.27,33.31133060486579,6,1,0,0,0,0,0.0,50.40999999999997,0.9835292162932648,1.040545149273309,0,0.0
C-31440,Active,Weybridge,18-29,English,Social tenancy,1,2024-09-20,,608.75,2024,9,15,0,23,1,6,3550.8199999999997,591.8033333333333,575.15,616.37,16.56662025479751,6,1,0,0,0,0,0.0,7.6200000000000045,0.9721615331964407,1.012517453798768,0,0.0
C-31441,Active,Ash Hill,75+,English,Owner-occupier,2,2021-06-29,,895.61,2021,6,54,0,3,0,6,5364.83,894.1383333333333,795.94,928.88,50.51726810375502,6,1,0,0,0,0,0.0,102.37999999999988,0.9983567996486565,1.0371478657004722,0,0.0
C-31442,Active,Northgate,30-44,Other,Private tenancy,2,2025-05-31,,722.73,2025,5,7,3,10,1,6,4329.02,721.5033333333334,690.24,762.35,28.360423598152863,6,1,0,0,0,0,0.0,66.62,0.9983027317716621,1.054819918918545,3,0.5
C-31443,Active,Calder Central,45-59,English,Owner-occupier,5,2024-05-24,,1106.81,2024,5,19,2,11,2,6,6568.49,1094.7483333333332,914.28,1166.4,93.17758602081659,6,1,0,0,0,0,0.0,134.48000000000025,0.9891023150616035,1.0538394123652661,2,0.3333333333333333
C-31444,Active,Weybridge,45-59,English,Resident with family,3,2024-05-25,,635.95,2024,5,19,0,4,0,6,3508.7999999999997,584.8,508.81,645.64,54.38342578396473,6,1,0,0,0,0,0.0,9.68999999999994,0.9195691485179651,1.0152370469376522,0,0.0
C-31445,Active,Calder Central,30-44,English,No fixed abode,2,2022-01-24,,734.05,2022,1,47,3,6,2,6,4282.37,713.7283333333334,551.85,770.7,81.70536173756693,6,1,0,0,0,0,0.0,77.00000000000011,0.9723156914833231,1.0499284789864451,1,0.16666666666666666
C-31446,Closed,Ash Hill,75+,English,No fixed abode,1,2022-11-13,2025-08,445.18,2022,11,37,3,9,0,2,890.21,445.105,418.9,471.31,37.05946640198695,2,1,0,0,0,0,0.0,26.129999999999995,0.9998315288198032,1.0586953591805561,0,0.0
C-31447,Active,Calder Central,60-74,English,Owner-occupier,1,2021-12-06,,575.63,2021,12,48,1,22,0,6,3203.54,533.9233333333333,427.27,602.23,71.58013486063484,6,1,0,0,0,0,0.0,26.600000000000023,0.9275460509934043,1.0462102392161632,0,0.0
C-31448,Active,Calder Central,45-59,English,Private tenancy,1,2025-08-28,,423.5,2025,8,4,4,2,0,6,2490.77,415.12833333333333,400.56,447.81,18.056147337310545,6,1,0,0,0,0,0.0,25.53000000000003,0.9802321920503738,1.0574025974025973,0,0.0
C-31449,Suspended,Northgate,45-59,English,No fixed abode,3,2022-01-30,,848.73,2022,1,47,2,9,1,6,5014.25,835.7083333333334,742.28,897.19,54.70558670434555,6,1,0,0,0,0,0.0,81.39999999999998,0.9846574686099623,1.057097074452417,3,0.5
C-31450,Active,Calder Central,45-59,Other,Resident with family,1,2023-12-08,,591.75,2023,12,24,4,16,1,6,3396.13,566.0216666666666,463.73,598.29,50.999044860337,6,1,0,0,0,0,0.0,7.6299999999999955,0.9565216166737079,1.0110519645120406,2,0.3333333333333333
C-31451,Active,Calder Central,18-29,English,No fixed abode,1,2025-08-12,,589.08,2025,8,4,3,21,1,6,3268.63,544.7716666666666,419.91,618.24,87.10177252310461,6,1,0,0,0,0,0.0,60.88999999999987,0.9247838437337316,1.0495009166836422,1,0.16666666666666666
C-31452,Closed,Northgate,45-59,English,Private tenancy,4,2024-10-10,2025-09,1144.43,2024,10,14,2,13,2,3,3161.23,1053.7433333333333,878.07,1199.54,162.80418186684676,3,1,0,0,0,0,0.0,55.1099999999999,0.9207582231620398,1.0481549767132983,0,0.0
C-31453,Active,Weybridge,18-29,English,Private tenancy,6,2022-08-06,,1471.08,2022,8,40,2,22,1,6,8153.74,1358.9566666666667,1027.24,1449.68,164.47201545146416,6,1,0,0,0,0,0.0,0.0,0.9237816207593514,0.9854528645620906,0,0.0
C-31454,Active,Northgate,60-74,English,Private tenancy,1,2023-12-19,,516.72,2023,12,24,2,22,1,6,2917.21,486.20166666666665,363.87,527.02,61.96409844955922,6,1,0,0,0,0,0.0,20.559999999999945,0.9409383547504774,1.01993342622697,1,0.16666666666666666
C-31455,Active,Weybridge,45-59,English,No fixed abode,1,2023-11-30,,768.09,2023,11,25,1,13,0,6,4443.54,740.59,559.21,813.04,91.71037367713643,6,1,0,0,0,0,0.0,70.79999999999995,0.9641969040086448,1.058521787811324,0,0.0
C-31456,Active,Calder Central,60-74,English,Owner-occupier,3,2025-07-18,,1103.86,2025,7,5,1,23,0,6,6150.43,1025.0716666666667,742.41,1127.6,142.3493039556803,6,1,0,0,0,0,0.0,33.72000000000003,0.9286247048236794,1.0215063504429909,0,0.0
C-31457,Active,Northgate,60-74,English,Owner-occupier,5,2023-12-17,,875.26,2023,12,24,1,3,1,6,5164.67,860.7783333333333,726.48,922.63,73.83315174545014,6,1,0,0,0,0,0.0,115.80000000000007,0.9834544402044344,1.054121061170395,1,0.16666666666666666
C-31458,Active,Weybridge,30-44,English,Resident with family,2,2022-05-28,,1009.54,2022,5,43,1,13,0,6,6047.68,1007.9466666666667,965.75,1068.86,36.25491451743701,6,1,0,0,0,0,0.0,79.23000000000002,0.9984217234251904,1.0587594349901934,0,0.0
C-31459,Active,Northgate,75+,Spanish,No fixed abode,1,2023-01-31,,736.32,2023,1,35,4,6,2,6,4162.11,693.685,554.6,780.1,74.70745792757238,6,1,0,0,0,0,0.0,43.77999999999997,0.9420971860060843,1.0594578444154714,1,0.16666666666666666
C-31460,Active,Weybridge,18-29,English,Owner-occupier,2,2023-05-03,,532.87,2023,5,31,2,23,0,6,3165.35,527.5583333333333,501.73,560.23,24.788861544384527,6,1,0,0,0,0,0.0,47.59000000000003,0.9900319652698282,1.0513446056261377,0,0.0
C-31461,Active,Calder Central,60-74,Spanish,Private tenancy,1,2025-02-21,,729.77,2025,2,10,5,3,0,6,4399.9,733.3166666666666,654.56,770.05,43.30735026143562,6,1,0,0,0,0,0.0,111.96000000000004,1.004859978714755,1.0551954725461445,0,0.0
C-31462,Active,Calder Central,45-59,Spanish,Resident with family,2,2025-02-06,,586.07,2025,2,10,2,8,1,6,3399.3500000000004,566.5583333333334,479.04,609.1,47.97794677418643,6,1,0,0,0,0,0.0,43.3599999999999,0.9667076174063394,1.039295647277629,3,0.5
C-31463,Active,Northgate,60-74,English,Private tenancy,1,2025-03-16,,668.83,2025,3,9,1,6,2,6,3898.37,649.7283333333334,612.54,699.43,28.84435710267552,6,1,0,0,0,0,0.0,30.59999999999991,0.9714401766268458,1.0457515362648204,4,0.6666666666666666
C-31464,Active,Calder Central,75+,English,Resident with family,2,2024-06-15,,796.99,2024,6,18,2,16,0,6,4609.11,768.185,589.75,835.72,90.43759898405091,6,1,0,0,0,0,0.0,69.60000000000002,0.9638577648402112,1.0485953399666244,0,0.0
C-31465,Active,Northgate,45-59,Other,Owner-occupier,3,2021-05-22,,1166.58,2021,5,55,8,23,2,6,6463.46,1077.2433333333333,919.97,1215.8,124.93100074307684,6,1,0,0,0,0,0.0,49.22000000000003,0.9234200254876077,1.042191705669564,0,0.0
C-31466,Active,Northgate,18-29,Spanish,Private tenancy,1,2023-07-18,,670.51,2023,7,29,4,20,2,6,4149.98,691.6633333333333,665.55,705.82,17.484036909897767,6,1,0,0,0,0,0.0,131.8800000000001,1.0315481250590346,1.0526614069887101,2,0.3333333333333333
C-31467,Active,Calder Central,30-44,English,Resident with family,1,2024-06-16,,389.46,2024,6,18,3,17,1,6,2336.7599999999998,389.46,389.46,389.46,0.0,6,1,0,0,0,0,0.0,0.0,1.0,1.0,3,0.5
C-31468,Active,Weybridge,18-29,Other,Private tenancy,1,2022-03-30,,586.94,2022,3,45,6,15,3,6,3365.25,560.875,443.02,614.58,60.7828823765376,6,1,0,0,0,0,0.0,32.43999999999994,0.9555917129519201,1.0470916959144034,2,0.3333333333333333
C-31469,Active,Northgate,45-59,English,No fixed abode,2,2022-04-24,,844.43,2022,4,44,0,11,0,6,5000.12,833.3533333333334,673.17,894.6,82.95173938300908,6,1,0,0,0,0,0.0,131.44000000000017,0.9868826703614667,1.0594128583778408,0,0.0
C-31470,Active,Calder Central,30-44,Spanish,No fixed abode,4,2025-04-11,,965.64,2025,4,8,3,3,3,6,5605.04,934.1733333333333,706.08,1012.25,115.95227288271097,6,1,0,0,0,0,0.0,111.14999999999998,0.9674136669290143,1.0482685058613976,2,0.3333333333333333
C-31471,Active,Calder Central,18-29,English,Owner-occupier,4,2022-12-17,,955.01,2022,12,36,5,23,0,6,5498.36,916.3933333333333,725.15,1002.38,99.48913783256275,6,1,0,0,0,0,0.0,75.35000000000002,0.959564123237802,1.0496015748526193,0,0.0
C-31472,Active,Weybridge,18-29,English,Social tenancy,1,2023-11-28,,766.32,2023,11,25,3,16,0,6,4691.75,781.9583333333334,762.61,798.82,15.277156039874267,6,1,0,0,0,0,0.0,97.53999999999974,1.0204070536242476,1.042410481261092,0,0.0
C-31473,Active,Ash Hill,60-74,Spanish,Private tenancy,2,2021-12-16,,589.24,2021,12,48,4,8,0,6,3520.96,586.8266666666667,568.51,618.26,17.425779370423193,6,1,0,0,0,0,0.0,29.019999999999982,0.9959043287398456,1.0492498812029054,0,0.0
C-31474,Suspended,Calder Central,30-44,English,Owner-occupier,1,2024-08-02,,750.98,2024,8,16,3,10,2,7,5265.61,752.2299999999999,717.86,793.66,23.13152754719558,6,2,1,1,0,0,0.0,58.07999999999993,1.001664491730805,1.0568324056566085,2,0.2857142857142857
C-31475,Active,Ash Hill,60-74,English,Social tenancy,2,2023-03-25,,867.17,2023,3,33,6,1,0,6,5095.389999999999,849.2316666666666,644.89,917.56,103.87108652876731,6,1,0,0,0,0,0.0,134.1400000000001,0.9793139369058738,1.0581085600285987,0,0.0
C-31476,Suspended,Northgate,60-74,English,Private tenancy,1,2021-03-14,,396.24,2021,3,57,2,5,0,6,2164.02,360.67,300.6,416.32,44.71122364686522,6,1,0,0,0,0,0.0,20.5,0.9102311730264486,1.0506763577629719,0,0.0
C-31477,Active,Calder Central,30-44,English,Social tenancy,2,2021-07-15,,854.68,2021,7,53,3,0,0,6,5172.79,862.1316666666667,805.73,905.67,41.47313994221636,6,1,0,0,0,0,0.0,130.2600000000001,1.0087186627353708,1.059659755698039,0,0.0
C-31478,Active,Weybridge,18-29,Other,No fixed abode,1,2022-02-20,,644.61,2022,2,46,6,2,1,6,3694.0299999999997,615.6716666666666,497.32,682.03,62.856718150621454,6,1,0,0,0,0,0.0,37.41999999999996,0.9551072224549211,1.0580506042413242,0,0.0
C-31479,Active,Northgate,30-44,English,No fixed abode,4,2023-02-21,,1057.05,2023,2,34,2,0,1,6,6395.79,1065.965,1015.78,1119.78,36.8627984558959,6,1,0,0,0,0,0.0,114.60000000000014,1.0084338489191618,1.0593444018731375,4,0.6666666666666666
C-31480,Active,Weybridge,75+,English,Social tenancy,3,2024-12-05,,766.86,2024,12,12,2,14,2,6,4538.36,756.3933333333333,723.64,792.43,26.745653603280402,6,1,0,0,0,0,0.0,39.64999999999998,0.9863512679411279,1.0333437654852253,2,0.3333333333333333
C-31481,Active,Northgate,30-44,English,No fixed abode,1,2023-10-10,,536.65,2023,10,26,2,13,0,6,3176.41,529.4016666666666,522.49,544.88,8.662196988447352,6,1,0,0,0,0,0.0,8.230000000000018,0.9864933693592969,1.0153358799962733,0,0.0
C-31482,Active,Weybridge,60-74,English,Social tenancy,3,2025-03-21,,613.35,2025,3,9,1,1,0,6,3743.41,623.9016666666666,599.36,645.11,19.236781868770723,6,1,0,0,0,0,0.0,86.81999999999994,1.017203336865846,1.0517812015977825,0,0.0
C-31483,Active,Weybridge,45-59,Other,No fixed abode,5,2024-02-22,,1018.75,2024,2,22,3,8,1,6,5962.75,993.7916666666666,777.93,1078.52,111.42122695728435,6,1,0,0,0,0,0.0,124.59999999999991,0.9755010224948876,1.0586699386503067,2,0.3333333333333333
C-31484,Active,Ash Hill,30-44,English,Private tenancy,2,2024-08-04,,627.55,2024,8,16,1,12,1,6,3718.26,619.71,590.15,647.45,22.957854429366883,6,1,0,0,0,0,0.0,36.350000000000136,0.9875069715560514,1.031710620667676,2,0.3333333333333333
C-31485,Active,Northgate,30-44,English,Owner-occupier,2,2021-06-04,,865.63,2021,6,54,4,13,1,6,7909.219999999999,1318.2033333333331,1213.74,1429.75,90.95260692617157,6,1,0,0,0,0,0.0,2715.4399999999996,1.522825379588662,1.6516872104709865,1,0.16666666666666666
C-31486,Active,Northgate,75+,English,Private tenancy,5,2024-06-10,,1432.63,2024,6,18,0,6,0,6,8608.65,1434.7749999999999,1375.8,1485.34,37.356257708715944,6,1,0,0,0,0,0.0,86.50999999999976,1.0014972463231957,1.0367924725853848,0,0.0
C-31487,Suspended,Weybridge,18-29,Other,Private tenancy,1,2021-05-11,,690.28,2021,5,55,3,4,1,6,4117.29,686.215,653.73,725.07,32.05226653452136,6,1,0,0,0,0,0.0,68.80000000000007,0.9941110853566669,1.0503998377470014,1,0.16666666666666666
C-31488,Active,Northgate,30-44,English,Owner-occupier,3,2025-02-28,,1020.64,2025,2,10,0,20,1,6,5749.0,958.1666666666666,781.47,1078.07,97.08316242617283,6,1,0,0,0,0,0.0,57.42999999999995,0.9387900402361916,1.0562686157704968,1,0.16666666666666666
C-31489,Active,Weybridge,60-74,English,Social tenancy,3,2023-10-30,,1099.56,2023,10,26,4,5,0,6,6604.84,1100.8066666666666,1050.35,1142.03,38.305371250865946,6,1,0,0,0,0,0.0,103.16000000000008,1.0011337868480725,1.0386245407253811,0,0.0
C-31490,Active,Weybridge,45-59,English,No fixed abode,2,2023-09-10,,1024.01,2023,9,27,2,21,0,6,6158.31,1026.385,984.67,1059.7,27.639795042655447,6,1,0,0,0,0,0.0,73.87000000000012,1.0023193132879562,1.0348531752619603,0,0.0
C-31491,Active,Calder Central,60-74,English,Resident with family,1,2024-08-03,,642.09,2024,8,16,1,0,1,6,3800.9,633.4833333333333,558.22,675.68,41.74924414485449,6,1,0,0,0,0,0.0,58.83999999999992,0.9865958562402986,1.0523135386005076,2,0.3333333333333333
C-31492,Active,Weybridge,75+,Other,Private tenancy,3,2021-04-28,,873.05,2021,4,56,4,4,1,6,5359.96,893.3266666666667,844.17,921.06,27.3797455551849,6,1,0,0,0,0,0.0,150.5400000000002,1.0232250921100359,1.05499112307428,1,0.16666666666666666
C-31493,Active,Northgate,30-44,English,No fixed abode,1,2025-07-23,,637.37,2025,7,5,0,12,2,6,3906.03,651.005,620.2,671.49,20.30118100012901,6,1,0,0,0,0,0.0,102.90999999999997,1.0213925977061988,1.0535324850557761,1,0.16666666666666666
C-31494,Active,Northgate,60-74,English,Private tenancy,3,2022-01-27,,875.39,2022,1,47,0,21,1,6,5022.03,837.005,653.16,916.96,95.80463699633752,6,1,0,0,0,0,0.0,72.42000000000007,0.9561509727093066,1.047487405613498,1,0.16666666666666666
C-31495,Active,Calder Central,45-59,English,No fixed abode,2,2023-06-09,,1031.54,2023,6,30,1,11,0,6,6165.92,1027.6533333333334,993.86,1083.51,33.97814984172425,6,1,0,0,0,0,0.0,69.1400000000001,0.9962321706703893,1.0503809837718363,0,0.0
C-31496,Active,Weybridge,30-44,English,Owner-occupier,2,2023-02-23,,982.79,2023,2,34,2,0,1,6,5744.66,957.4433333333333,812.25,1025.59,76.856885096045,6,1,0,0,0,0,0.0,76.42999999999995,0.9742094784575884,1.0435494866655135,1,0.16666666666666666
C-31497,Active,Ash Hill,18-29,English,Owner-occupier,2,2025-03-06,,594.53,2025,3,9,3,8,2,6,3507.96,584.66,525.03,626.32,36.06256507793091,6,1,0,0,0,0,0.0,50.96000000000015,0.9833986510352716,1.0534708088742368,1,0.16666666666666666
C-31498,Active,Calder Central,75+,Other,Social tenancy,3,2023-11-04,,924.9,2023,11,25,3,10,3,6,5436.95,906.1583333333333,888.97,936.3,21.959348275089262,6,1,0,0,0,0,0.0,18.66999999999996,0.9797365480952896,1.0123256568277652,2,0.3333333333333333
C-31499,Active,Calder Central,60-74,English,Social tenancy,2,2022-09-30,,616.26,2022,9,39,2,8,0,6,3713.0299999999997,618.8383333333333,590.49,637.81,17.08417913353365,6,1,0,0,0,0,0.0,46.39999999999998,1.0041838401540475,1.0349690065881283,0,0.0
C-31500,Active,Calder Central,45-59,Spanish,No fixed abode,1,2023-05-30,,507.48,2023,5,31,4,19,0,6,3065.36,510.8933333333334,478.52,528.82,20.111661956851485,6,1,0,0,0,0,0.0,62.80000000000007,1.0067260450329734,1.0420509182627888,0,0.0
C-31501,Active,Weybridge,45-59,English,Private tenancy,4,2025-01-31,,1061.84,2025,1,11,0,7,2,6,6481.88,1080.3133333333333,1034.03,1123.12,35.013508631193524,6,1,0,0,0,0,0.0,147.30000000000018,1.0173974735678948,1.0577111429217207,1,0.16666666666666666
C-31502,Active,Northgate,60-74,English,Resident with family,3,2022-09-16,,739.61,2022,9,39,1,7,0,6,4040.49,673.415,528.9,768.9,85.00313564804537,6,1,0,0,0,0,0.0,29.289999999999964,0.9105001284460729,1.0396019523803084,0,0.0
C-31503,Active,Northgate,45-59,English,Owner-occupier,1,2021-12-09,,684.04,2021,12,48,5,3,1,6,4141.54,690.2566666666667,606.74,720.93,42.44665671954229,6,1,0,0,0,0,0.0,114.60000000000014,1.0090881624856245,1.0539295947605403,3,0.5
C-31504,Suspended,Ash Hill,45-59,English,Private tenancy,1,2024-09-28,,467.38,2024,9,15,2,15,0,6,2761.41,460.23499999999996,409.44,495.42,30.23787211428741,6,1,0,0,0,0,0.0,44.85000000000002,0.9847126535153409,1.059994009157431,0,0.0
C-31505,Active,Calder Central,30-44,English,Social tenancy,1,2023-10-17,,599.95,2023,10,26,1,5,3,6,3561.7,593.6166666666667,567.27,635.36,28.13099974523955,6,1,0,0,0,0,0.0,57.219999999999914,0.9894435647415062,1.0590215851320943,2,0.3333333333333333
C-31506,Active,Weybridge,75+,English,No fixed abode,3,2021-08-14,,709.81,2021,8,52,2,2,1,6,3960.65,660.1083333333333,553.84,720.45,73.49739516926206,6,1,0,0,0,0,0.0,19.750000000000114,0.929978914545207,1.0149899268818419,3,0.5
C-31507,Active,Weybridge,75+,Spanish,Resident with family,3,2022-07-11,,1234.05,2022,7,41,3,11,1,6,7016.53,1169.4216666666666,963.8,1286.07,107.97476083171777,6,1,0,0,0,0,0.0,52.01999999999998,0.9476290803992274,1.042153883554151,0,0.0
C-31508,Active,Northgate,18-29,English,Private tenancy,3,2023-07-14,,868.21,2023,7,29,3,19,2,6,5235.75,872.625,817.5,894.27,29.50756564001851,6,1,0,0,0,0,0.0,84.74999999999977,1.0050851752456202,1.030015779592495,4,0.6666666666666666
C-31509,Active,Northgate,30-44,English,No fixed abode,2,2022-02-22,,1004.94,2022,2,46,2,1,3,6,5801.429999999999,966.9049999999999,746.72,1046.01,112.65314354246841,6,1,0,0,0,0,0.0,89.63999999999976,0.9621519692717971,1.0408681115290463,3,0.5
C-31510,Active,Northgate,30-44,English,Resident with family,3,2022-10-19,,1064.9,2022,10,38,5,12,1,6,6133.58,1022.2633333333333,806.15,1122.81,114.48945727300253,6,1,0,0,0,0,0.0,102.11999999999966,0.9599618117507122,1.054380693022819,1,0.16666666666666666
C-31511,Active,Weybridge,30-44,English,No fixed abode,2,2022-04-10,,573.99,2022,4,44,2,8,1,6,3440.59,573.4316666666667,543.41,607.42,23.507387278612413,6,1,0,0,0,0,0.0,53.27999999999997,0.9990272768979714,1.0582414327775744,2,0.3333333333333333
C-31512,Active,Ash Hill,60-74,Other,Resident with family,5,2022-05-14,,1636.61,2022,5,43,6,3,2,6,9819.66,1636.61,1636.61,1636.61,0.0,6,1,0,0,0,0,0.0,0.0,1.0,1.0,2,0.3333333333333333
C-31513,Active,Weybridge,75+,English,Social tenancy,2,2021-02-16,,794.42,2021,2,58,0,13,1,6,4535.35,755.8916666666668,578.55,824.52,90.12791874145697,6,1,0,0,0,0,0.0,47.950000000000045,0.9515013049352569,1.0378892777120414,5,0.8333333333333334
C-31514,Active,Calder Central,45-59,English,Resident with family,4,2023-10-31,,853.21,2023,10,26,2,17,0,6,5153.0599999999995,858.8433333333332,803.3,885.53,33.891392220837865,6,1,0,0,0,0,0.0,102.93999999999983,1.006602516770002,1.0378804749123896,0,0.0
C-31515,Active,Calder Central,18-29,English,Owner-occupier,5,2024-08-21,,1492.4,2024,8,16,2,12,2,6,8884.54,1480.756666666667,1409.96,1572.59,69.05434603749907,6,1,0,0,0,0,0.0,150.73999999999978,0.992198248905566,1.0537322433663896,4,0.6666666666666666
C-31516,Active,Calder Central,45-59,English,Resident with family,1,2021-01-24,,569.72,2021,1,59,1,17,1,6,3362.0600000000004,560.3433333333334,543.1,573.59,12.490563905071177,6,1,0,0,0,0,0.0,7.610000000000014,0.9835416227854618,1.0067928105034052,1,0.16666666666666666
C-31517,Active,Northgate,18-29,English,Social tenancy,4,2023-12-19,,973.33,2023,12,24,3,5,1,6,5699.6900000000005,949.9483333333334,790.05,1010.83,82.96073804316518,6,1,0,0,0,0,0.0,86.6099999999999,0.9759776574577309,1.0385275292038672,1,0.16666666666666666
C-31518,Active,Calder Central,30-44,English,Resident with family,1,2021-02-04,,460.21,2021,2,58,3,16,1,6,2807.69,467.9483333333333,441.52,485.6,16.467428963462,6,1,0,0,0,0,0.0,70.09000000000009,1.0168147874521052,1.0551704656569827,2,0.3333333333333333
C-31519,Active,Ash Hill,60-74,English,Social tenancy,6,2022-08-23,,1107.71,2022,8,40,3,18,2,6,6490.25,1081.7083333333333,1050.35,1106.6,19.46768236505485,6,1,0,0,0,0,0.0,0.0,0.9765266480697413,0.9989979326719086,0,0.0
C-31520,Active,Ash Hill,60-74,English,Owner-occupier,1,2022-04-05,,625.98,2022,4,44,0,23,0,6,3827.17,637.8616666666667,596.93,663.12,24.902431541250525,6,1,0,0,0,0,0.0,102.88999999999999,1.018980904608241,1.0593309690405444,0,0.0
C-31521,Active,Calder Central,45-59,Other,Owner-occupier,2,2022-09-23,,663.47,2022,9,39,6,19,3,6,3680.07,613.345,463.42,670.77,81.1454981499282,6,1,0,0,0,0,0.0,10.639999999999986,0.9244502388955039,1.0110027582256922,2,0.3333333333333333
C-31522,Active,Weybridge,30-44,Other,Owner-occupier,3,2021-08-23,,1035.53,2021,8,52,2,0,3,6,6191.41,1031.9016666666666,992.37,1088.59,35.761902307716596,6,1,0,0,0,0,0.0,78.75,0.9964961581669934,1.0512394619180516,0,0.0
C-31523,Active,Ash Hill,30-44,Spanish,Social tenancy,3,2025-01-21,,612.01,2025,1,11,4,13,0,6,3682.02,613.67,586.75,639.6,19.761652764887874,6,1,0,0,0,0,0.0,52.250000000000114,1.0027123739808173,1.0450809627293671,0,0.0
C-31524,Active,Ash Hill,45-59,English,Social tenancy,6,2024-06-05,,1116.29,2024,6,18,2,4,0,6,6365.92,1060.9866666666667,915.88,1154.48,103.97565093168045,6,1,0,0,0,0,0.0,65.54000000000019,0.9504579156551314,1.034211540012004,0,0.0
C-31525,Active,Ash Hill,60-74,English,Private tenancy,4,2021-08-06,,1009.06,2021,8,52,2,18,0,6,6193.27,1032.2116666666668,984.93,1067.63,32.17643200646512,6,1,0,0,0,0,0.0,163.04000000000065,1.02294379587603,1.0580441202703508,0,0.0
C-31526,Active,Weybridge,45-59,Other,Social tenancy,1,2021-03-13,,605.26,2021,3,57,5,12,3,6,3440.04,573.34,449.27,630.88,64.48770208342054,6,1,0,0,0,0,0.0,35.76999999999998,0.9472623335426098,1.0423289164986949,2,0.3333333333333333
C-31527,Active,Northgate,60-74,English,Social tenancy,4,2022-10-18,,816.85,2022,10,38,0,5,0,6,4666.13,777.6883333333334,635.28,865.5,86.25686880861528,6,1,0,0,0,0,0.0,64.49000000000001,0.9520577013323539,1.0595580583950541,0,0.0
C-31528,Active,Northgate,18-29,Spanish,Resident with family,1,2023-05-20,,438.1,2023,5,31,4,4,1,6,2471.34,411.89000000000004,311.14,445.75,50.026426216550796,6,1,0,0,0,0,0.0,7.649999999999977,0.9401734763752567,1.0174617667199268,4,0.6666666666666666
C-31529,Active,Ash Hill,45-59,English,Social tenancy,3,2025-02-01,,1059.14,2025,2,10,3,12,3,6,6261.94,1043.6566666666665,1012.58,1084.24,28.953416839237942,6,1,0,0,0,0,0.0,31.249999999999773,0.9853812212423915,1.0236984723454878,1,0.16666666666666666
C-31530,Active,Calder Central,60-74,English,Owner-occupier,2,2025-01-02,,764.35,2025,1,11,2,19,4,6,4683.31,780.5516666666667,747.69,807.88,21.201706928138215,6,1,0,0,0,0,0.0,113.86999999999989,1.0211966594710102,1.0569503499705633,1,0.16666666666666666
C-31531,Active,Calder Central,60-74,English,Owner-occupier,2,2024-04-05,,706.04,2024,4,20,0,19,2,6,4220.55,703.4250000000001,667.14,727.86,25.37266777459558,6,1,0,0,0,0,0.0,57.99000000000012,0.9962962438388759,1.0309047646025722,1,0.16666666666666666
C-31532,Active,Weybridge,18-29,English,Resident with family,6,2022-07-08,,929.03,2022,7,41,1,15,1,6,5507.6,917.9333333333334,709.74,966.49,102.10814476165294,6,1,0,0,0,0,0.0,152.71000000000015,0.9880556422648713,1.0403216257817294,2,0.3333333333333333
C-31533,Active,Calder Central,45-59,Spanish,No fixed abode,2,2022-10-22,,595.28,2022,10,38,4,17,2,6,3399.3,566.5500000000001,470.99,623.42,51.56627541329699,6,1,0,0,0,0,0.0,28.139999999999986,0.9517369977153609,1.047271872060207,0,0.0
C-31534,Closed,Northgate,45-59,English,Owner-occupier,5,2021-10-10,2025-11,876.95,2021,10,50,1,9,2,5,4182.23,836.4459999999999,727.48,880.28,62.54393479786826,5,1,0,0,0,0,0.0,3.3299999999999272,0.9538126461029706,1.0037972518387592,1,0.2
C-31535,Active,Northgate,18-29,English,Private tenancy,5,2021-06-22,,1519.48,2021,6,54,2,0,0,6,9212.7,1535.45,1495.79,1602.08,40.646799135971285,6,1,0,0,0,0,0.0,142.53999999999996,1.0105101745333929,1.0543607023455392,0,0.0
C-31536,Active,Calder Central,45-59,English,Private tenancy,1,2023-11-15,,726.19,2023,11,25,3,0,0,6,4311.8,718.6333333333333,690.74,756.36,27.77286565456772,6,1,0,0,0,0,0.0,48.57999999999993,0.9895940915371092,1.041545601013509,0,0.0
C-31537,Active,Weybridge,30-44,English,No fixed abode,1,2022-05-12,,539.97,2022,5,43,2,1,0,6,3108.09,518.015,429.02,554.61,45.78750779415716,6,1,0,0,0,0,0.0,16.00999999999999,0.9593403337222438,1.0271126173676315,0,0.0
C-31538,Active,Weybridge,30-44,English,Owner-occupier,3,2024-10-17,,852.26,2024,10,14,2,6,1,6,5125.14,854.19,820.91,900.34,27.373691749561317,6,1,0,0,0,0,0.0,66.82000000000005,1.0022645671508694,1.056414709126323,1,0.16666666666666666
C-31539,Active,Northgate,30-44,English,Social tenancy,3,2024-09-21,,1210.5,2024,9,15,2,14,0,6,7373.41,1228.9016666666666,1157.04,1271.87,49.17885131503856,6,1,0,0,0,0,0.0,198.25,1.0152017072834918,1.050698058653449,0,0.0
C-31540,Active,Weybridge,75+,English,Social tenancy,5,2023-03-18,,1368.34,2023,3,33,3,15,2,6,8221.67,1370.2783333333334,1287.98,1422.09,62.409782059118456,6,1,0,0,0,0,0.0,167.83000000000015,1.00141655826281,1.0392811728079279,0,0.0
C-31541,Active,Northgate,45-59,English,Resident with family,1,2021-12-14,,484.52,2021,12,48,0,20,0,6,2887.17,481.195,467.4,505.01,14.109005280316543,6,1,0,0,0,0,0.0,26.690000000000055,0.9931375381821184,1.0422892759844795,0,0.0
C-31542,Active,Calder Central,75+,English,Owner-occupier,1,2021-06-23,,586.3,2021,6,54,2,6,2,6,3519.58,586.5966666666667,561.95,604.06,16.950393112452165,6,1,0,0,0,0,0.0,44.30000000000007,1.0005059980669737,1.0302916595599523,1,0.16666666666666666
C-31543,Active,Calder Central,45-59,Other,Owner-occupier,3,2022-12-19,,835.71,2022,12,36,3,20,1,6,4827.31,804.5516666666667,650.25,875.37,79.97428697191782,6,1,0,0,0,0,0.0,45.95999999999992,0.962716333018232,1.0474566536238648,1,0.16666666666666666
C-31544,Active,Weybridge,60-74,Spanish,Resident with family,3,2024-11-04,,903.36,2024,11,13,5,9,2,6,5372.7300000000005,895.455,849.35,945.76,39.22313029323385,6,1,0,0,0,0,0.0,77.36000000000001,0.9912493358129648,1.046935883811548,1,0.16666666666666666
C-31545,Active,Calder Central,45-59,Spanish,Private tenancy,3,2023-08-07,,1189.75,2023,8,28,3,16,1,6,6935.93,1155.9883333333335,959.74,1226.44,99.05547363304392,6,1,0,0,0,0,0.0,68.25999999999999,0.9716228899628773,1.030838411430973,4,0.6666666666666666
C-31546,Active,Ash Hill,60-74,English,Owner-occupier,4,2024-05-08,,762.12,2024,5,19,2,5,1,6,4543.7,757.2833333333333,723.5,806.22,36.927436231976195,6,1,0,0,0,0,0.0,84.06000000000006,0.9936536678388356,1.057864903164856,3,0.5
C-31547,Active,Calder Central,30-44,English,No fixed abode,1,2021-07-29,,573.35,2021,7,53,1,13,0,6,3498.34,583.0566666666667,551.01,605.52,25.923629118367394,6,1,0,0,0,0,0.0,101.33999999999992,1.0169297404145228,1.0561088340455218,0,0.0
C-31548,Active,Weybridge,30-44,English,Owner-occupier,3,2023-12-04,,918.62,2023,12,24,2,6,2,6,5598.83,933.1383333333333,901.66,966.43,29.642663454329945,6,1,0,0,0,0,0.0,123.57999999999993,1.0158045038572352,1.0520454594935882,2,0.3333333333333333
C-31549,Active,Ash Hill,60-74,English,No fixed abode,2,2021-10-14,,655.49,2021,10,50,3,15,2,6,3932.94,655.49,655.49,655.49,0.0,6,1,0,0,0,0,0.0,0.0,1.0,1.0,2,0.3333333333333333
C-31550,Active,Weybridge,18-29,English,Resident with family,1,2021-03-23,,556.82,2021,3,57,4,7,1,6,6041.45,1006.9083333333333,933.27,1099.11,60.66396769637362,6,1,0,0,0,0,0.0,2700.5299999999997,1.8083192653520586,1.973905391329334,2,0.3333333333333333
C-31551,Active,Weybridge,45-59,English,Resident with family,2,2024-08-15,,1018.09,2024,8,16,3,14,2,6,6153.3,1025.55,974.52,1066.48,33.03725291243208,6,1,0,0,0,0,0.0,101.02999999999997,1.0073274464929425,1.0475301790607903,3,0.5
C-31552,Active,Northgate,75+,English,Owner-occupier,1,2022-01-06,,615.09,2022,1,47,0,22,0,6,3667.99,611.3316666666666,583.79,643.38,21.26295220957491,6,1,0,0,0,0,0.0,37.41999999999996,0.9938897830669765,1.0459932692776666,0,0.0
C-31553,Active,Ash Hill,18-29,English,No fixed abode,1,2024-12-11,,380.87,2024,12,12,2,22,1,6,2350.93,391.82166666666666,375.64,402.41,9.152561208026242,6,1,0,0,0,0,0.0,70.93999999999994,1.0287543431267012,1.056554729960354,2,0.3333333333333333
C-31554,Active,Weybridge,45-59,English,Owner-occupier,1,2021-08-08,,493.14,2021,8,52,2,22,1,6,2809.08,468.18,386.04,521.13,60.27936097869648,6,1,0,0,0,0,0.0,53.72000000000003,0.9493855700206838,1.0567587297724785,1,0.16666666666666666
C-31555,Active,Calder Central,60-74,English,No fixed abode,1,2022-04-06,,442.98,2022,4,44,0,18,0,6,2581.11,430.185,350.5,464.44,42.070426548824074,6,1,0,0,0,0,0.0,45.77999999999997,0.9711160774752811,1.0484446250395052,0,0.0
C-31556,Active,Northgate,30-44,Spanish,No fixed abode,2,2021-08-01,,841.86,2021,8,52,4,1,0,6,4887.73,814.6216666666666,692.06,875.68,66.0484187294947,6,1,0,0,0,0,0.0,57.83999999999992,0.9676450557891653,1.0401729503717958,0,0.0
C-31557,Closed,Northgate,60-74,English,Social tenancy,4,2022-05-15,2025-07,1009.98,2022,5,43,0,11,4,1,762.93,762.93,762.93,762.93,0.0,1,1,0,0,0,0,0.0,0.0,0.7553911958652646,0.7553911958652646,0,0.0
C-31558,Active,Northgate,30-44,English,Resident with family,1,2024-04-13,,585.07,2024,4,20,0,9,0,6,3399.71,566.6183333333333,474.88,614.56,51.344567158236565,6,1,0,0,0,0,0.0,55.54999999999984,0.9684624631810438,1.0504042251354537,0,0.0
C-31559,Active,Ash Hill,60-74,Other,Social tenancy,5,2021-10-07,,952.3,2021,10,50,6,7,1,6,5418.15,903.025,677.92,995.53,116.17750776290565,6,1,0,0,0,0,0.0,72.72000000000003,0.9482568518324057,1.0453953586054814,1,0.16666666666666666
C-31560,Active,Calder Central,60-74,English,No fixed abode,1,2024-05-16,,465.35,2024,5,19,0,2,1,6,2727.71,454.61833333333334,368.73,477.0,42.33041526688187,6,1,0,0,0,0,0.0,33.559999999999945,0.9769385050678699,1.0250349199527238,0,0.0
C-31561,Active,Calder Central,45-59,English,Private tenancy,2,2024-06-28,,666.68,2024,6,18,2,23,0,6,4082.36,680.3933333333333,641.84,705.96,22.453364707024825,6,1,0,0,0,0,0.0,107.12000000000023,1.0205695886082278,1.0589188216235677,0,0.0
C-31562,Active,Calder Central,18-29,Spanish,Owner-occupier,2,2023-06-28,,637.23,2023,6,30,4,21,2,6,3849.61,641.6016666666667,612.97,662.72,16.949439420425335,6,1,0,0,0,0,0.0,50.84000000000003,1.0068604219303339,1.040001255433674,1,0.16666666666666666
C-31563,Closed,Calder Central,18-29,English,Owner-occupier,4,2022-04-20,2025-09,1287.66,2022,4,44,1,8,1,3,3929.34,1309.78,1285.15,1326.64,21.809050873433204,3,1,0,0,0,0,0.0,68.86999999999989,1.0171784477268844,1.0302719662022584,0,0.0
C-31564,Active,Weybridge,18-29,Spanish,Owner-occupier,3,2022-09-20,,696.3,2022,9,39,6,22,2,6,4086.02,681.0033333333333,592.86,730.57,49.12821375408094,6,1,0,0,0,0,0.0,56.770000000000095,0.9780314998324476,1.0492172913973863,2,0.3333333333333333
C-31565,Closed,Weybridge,75+,English,Owner-occupier,3,2022-06-24,2025-11,820.12,2022,6,42,1,10,0,5,4054.3199999999997,810.8639999999999,788.02,832.43,19.144080808437874,5,1,0,0,0,0,0.0,21.339999999999918,0.9887138467541335,1.0150099985367995,0,0.0
C-31566,Active,Weybridge,18-29,English,Social tenancy,1,2021-08-26,,679.8,2021,8,52,4,13,1,6,3989.64,664.9399999999999,580.17,696.88,45.704637401471665,6,1,0,0,0,0,0.0,45.330000000000155,0.9781406295969403,1.0251250367755222,0,0.0
C-31567,Active,Calder Central,45-59,English,Owner-occupier,3,2022-01-27,,768.28,2022,1,47,3,13,0,6,4461.81,743.6350000000001,725.01,765.63,17.29373383627724,6,1,0,0,0,0,0.0,0.0,0.9679218514083407,0.9965507367105743,0,0.0
C-31568,Active,Northgate,75+,English,Private tenancy,2,2025-03-27,,925.97,2025,3,9,1,2,1,6,5109.39,851.565,642.04,945.22,114.12817561846857,6,1,0,0,0,0,0.0,29.309999999999945,0.919646424830178,1.020789010443103,1,0.16666666666666666
C-31569,Active,Northgate,30-44,Spanish,No fixed abode,1,2025-08-07,,727.06,2025,8,4,4,4,4,6,4422.1,737.0166666666668,703.07,768.87,27.296139409569726,6,1,0,0,0,0,0.0,97.33000000000015,1.0136944222851851,1.0575055703793361,1,0.16666666666666666
C-31570,Active,Weybridge,60-74,English,No fixed abode,4,2025-05-20,,731.4,2025,5,7,0,7,0,6,4334.23,722.3716666666666,699.06,765.55,25.751780844568145,6,1,0,0,0,0,0.0,44.23000000000002,0.9876560933369793,1.046691277003008,0,0.0
C-31571,Suspended,Weybridge,30-44,English,No fixed abode,1,2024-09-30,,493.46,2024,9,15,1,9,0,6,2773.51,462.2516666666667,379.45,503.96,59.9895995708145,6,1,0,0,0,0,0.0,29.60000000000008,0.9367561031627014,1.0212783204312406,0,0.0
C-31572,Active,Northgate,60-74,Spanish,No fixed abode,2,2022-12-09,,799.93,2022,12,36,5,2,1,6,4595.87,765.9783333333334,610.96,836.18,82.79409650854743,6,1,0,0,0,0,0.0,69.37000000000012,0.9575567028781685,1.045316465190704,1,0.16666666666666666
C-31573,Active,Weybridge,45-59,English,Social tenancy,1,2022-04-25,,570.22,2022,4,44,0,1,1,6,3350.83,558.4716666666667,536.39,596.94,27.489463739161362,6,1,0,0,0,0,0.0,46.860000000000014,0.9793968409853507,1.0468591070113291,1,0.16666666666666666
C-31574,Active,Calder Central,18-29,English,Owner-occupier,3,2024-06-08,,750.55,2024,6,18,2,14,1,6,4520.51,753.4183333333334,711.04,780.83,25.40833990379279,6,1,0,0,0,0,0.0,70.43000000000029,1.003821641907046,1.0403437479181934,1,0.16666666666666666
C-31575,Active,Weybridge,45-59,English,Social tenancy,5,2025-08-18,,1065.0,2025,8,4,3,5,0,6,6350.91,1058.485,1023.09,1088.92,27.237056191886897,6,1,0,0,0,0,0.0,49.440000000000055,0.9938826291079813,1.0224600938967137,0,0.0
C-31576,Active,Calder Central,45-59,Other,Resident with family,1,2025-05-14,,489.94,2025,5,7,3,15,2,6,2751.09,458.51500000000004,374.19,490.17,42.11580926445555,6,1,0,0,0,0,0.0,0.2300000000000182,0.9358594929991427,1.0004694452381924,1,0.16666666666666666
C-31577,Active,Calder Central,60-74,English,Social tenancy,2,2024-02-14,,1010.26,2024,2,22,0,3,0,6,6067.36,1011.2266666666666,956.58,1055.22,36.464946821113976,6,1,0,0,0,0,0.0,92.94000000000005,1.0009568493919057,1.0445033951656009,0,0.0
C-31578,Active,Northgate,30-44,English,No fixed abode,1,2021-11-15,,542.56,2021,11,49,2,22,0,6,3243.68,540.6133333333333,526.62,574.78,18.538823767075037,6,1,0,0,0,0,0.0,34.15000000000009,0.9964120711687802,1.059385137127691,0,0.0
C-31579,Active,Calder Central,45-59,English,Private tenancy,4,2021-09-16,,1283.39,2021,9,51,1,1,0,6,7744.9,1290.8166666666666,1221.01,1352.94,54.822287681805676,6,1,0,0,0,0,0.0,162.84999999999945,1.0057867574678518,1.054192412283094,0,0.0
C-31580,Active,Calder Central,45-59,English,No fixed abode,2,2022-01-29,,849.55,2022,1,47,1,14,1,6,4993.63,832.2716666666666,799.57,888.74,41.37313206256768,6,1,0,0,0,0,0.0,71.5100000000001,0.9796617817275813,1.0461303042787358,2,0.3333333333333333
C-31581,Active,Ash Hill,30-44,English,Social tenancy,1,2022-12-03,,746.71,2022,12,36,1,16,1,6,4113.88,685.6466666666666,553.44,772.99,96.7540580372041,6,1,0,0,0,0,0.0,32.469999999999914,0.9182234959578238,1.0351943860400958,2,0.3333333333333333
C-31582,Active,Northgate,30-44,English,Private tenancy,5,2025-06-03,,988.13,2025,6,6,0,13,3,6,5969.76,994.96,866.87,1038.39,64.68866979618612,6,1,0,0,0,0,0.0,162.24000000000024,1.006912045985852,1.0508637527450841,1,0.16666666666666666
C-31583,Active,Northgate,75+,English,Private tenancy,1,2024-11-17,,550.17,2024,11,13,2,5,0,6,3285.47,547.5783333333333,524.15,580.76,22.245139169415577,6,1,0,0,0,0,0.0,46.65000000000009,0.9952893348116643,1.0556009960557646,0,0.0
C-31584,Active,Calder Central,60-74,English,Private tenancy,1,2023-10-05,,702.87,2023,10,26,3,1,1,6,3859.66,643.2766666666666,498.56,698.56,72.19012970390528,6,1,0,0,0,0,0.0,0.0,0.9152142880855161,0.9938679983496236,3,0.5
C-31585,Active,Weybridge,45-59,English,Resident with family,1,2024-07-02,,738.08,2024,7,17,1,17,2,6,4322.2,720.3666666666667,587.95,762.53,65.70833087719289,6,1,0,0,0,0,0.0,48.829999999999814,0.9760007948551195,1.0331264903533492,2,0.3333333333333333
C-31586,Active,Calder Central,75+,English,Private tenancy,4,2021-03-30,,1027.8,2021,3,57,4,19,1,6,5887.61,981.2683333333333,746.33,1073.57,118.37090240708083,6,1,0,0,0,0,0.0,52.0300000000002,0.9547269248232472,1.0445320101187001,0,0.0
C-31587,Active,Weybridge,45-59,Other,Resident with family,3,2023-09-28,,713.82,2023,9,27,2,17,3,6,4310.22,718.37,681.15,740.86,23.399703416923902,6,1,0,0,0,0,0.0,74.45999999999981,1.006374155949679,1.0378806982152362,2,0.3333333333333333
C-31588,Active,Calder Central,18-29,English,No fixed abode,3,2021-02-13,,770.95,2021,2,58,2,3,2,6,4579.59,763.265,726.57,807.94,35.44893834799571,6,1,0,0,0,0,0.0,71.49999999999989,0.9900317789739931,1.0479797652247227,4,0.6666666666666666
C-31589,Active,Northgate,45-59,Spanish,Private tenancy,2,2022-05-06,,733.44,2022,5,43,3,11,3,6,4421.16,736.86,696.58,758.28,24.078404432187764,6,1,0,0,0,0,0.0,71.95999999999981,1.0046629581151831,1.0338678010471203,2,0.3333333333333333
C-31590,Active,Northgate,60-74,Spanish,Owner-occupier,2,2023-10-01,,1000.19,2023,10,26,2,4,2,6,5980.55,996.7583333333333,846.66,1058.47,83.6206322426868,6,1,0,0,0,0,0.0,184.7299999999998,0.9965689852261402,1.0582689289035083,0,0.0
C-31591,Active,Calder Central,45-59,Other,Social tenancy,2,2022-07-10,,966.89,2022,7,41,6,6,2,6,5796.95,966.1583333333333,850.36,1020.81,68.7298512777866,6,1,0,0,0,0,0.0,165.09000000000003,0.9992432782770878,1.055766426377354,0,0.0
C-31592,Active,Ash Hill,60-74,English,Social tenancy,3,2023-02-05,,702.88,2023,2,34,3,4,0,6,4236.2300000000005,706.0383333333334,607.85,740.26,49.36375448308878,6,1,0,0,0,0,0.0,113.98000000000013,1.0044934175582367,1.0531811973594354,0,0.0
C-31593,Active,Ash Hill,45-59,English,No fixed abode,2,2025-04-23,,555.33,2025,4,8,0,10,2,6,3235.01,539.1683333333334,383.03,583.58,79.38502362956548,6,1,0,0,0,0,0.0,102.24999999999989,0.9708971842568083,1.050870653485315,1,0.16666666666666666
C-31594,Active,Northgate,18-29,English,Private tenancy,1,2023-10-28,,731.85,2023,10,26,2,17,0,6,4439.24,739.8733333333333,688.98,771.6,29.092376779264132,6,1,0,0,0,0,0.0,91.00999999999988,1.0109630844207602,1.0543144086903053,0,0.0
C-31595,Active,Ash Hill,18-29,English,Owner-occupier,3,2025-01-11,,896.25,2025,1,11,3,3,0,6,5100.28,850.0466666666666,658.06,939.48,101.03894331725105,6,1,0,0,0,0,0.0,72.97000000000003,0.9484481636448163,1.048234309623431,0,0.0
C-31596,Active,Calder Central,60-74,English,Resident with family,2,2025-02-10,,1005.86,2025,2,10,2,16,0,6,6019.6,1003.2666666666668,986.76,1019.13,11.733365530258858,6,1,0,0,0,0,0.0,19.340000000000032,0.997421775064787,1.0131926908317261,0,0.0
C-31597,Active,Northgate,30-44,English,Owner-occupier,1,2023-08-07,,644.83,2023,8,28,0,8,1,6,3719.24,619.8733333333333,468.01,679.08,77.85958968981706,6,1,0,0,0,0,0.0,67.86999999999989,0.961297292826533,1.0531147744366731,0,0.0
C-31598,Active,Calder Central,75+,Other,No fixed abode,6,2021-10-09,,1523.23,2021,10,50,3,23,1,6,9179.14,1529.8566666666666,1434.47,1614.11,58.857614177493275,6,1,0,0,0,0,0.0,144.80999999999972,1.0043504045132163,1.0596626904669681,1,0.16666666666666666
C-31599,Active,Calder Central,75+,Other,Social tenancy,1,2024-04-20,,444.18,2024,4,20,3,3,0,6,2533.18,422.19666666666666,349.48,465.2,44.95189369388865,6,1,0,0,0,0,0.0,38.02999999999997,0.9505080522911132,1.0473231572785806,0,0.0
C-31600,Active,Calder Central,18-29,English,Resident with family,2,2023-08-08,,676.74,2023,8,28,2,0,1,6,4080.05,680.0083333333333,648.22,715.96,25.464782281941226,6,1,0,0,0,0,0.0,66.75,1.004829525864192,1.0579543103703046,0,0.0
C-31601,Suspended,Weybridge,18-29,English,Resident with family,2,2021-11-18,,509.12,2021,11,49,1,5,2,6,2997.98,499.66333333333336,363.74,539.37,67.96337827585282,6,1,0,0,0,0,0.0,93.99000000000001,0.9814254661638383,1.0594162476429918,1,0.16666666666666666
C-31602,Active,Weybridge,18-29,English,Private tenancy,4,2023-06-20,,988.41,2023,6,30,0,5,1,6,5881.95,980.3249999999999,948.3,1037.47,39.39729724232364,6,1,0,0,0,0,0.0,81.85000000000014,0.9918201960724801,1.0496352728118898,2,0.3333333333333333
C-31603,Active,Calder Central,30-44,English,Private tenancy,1,2021-01-07,,532.5,2021,1,59,0,13,0,6,3276.32,546.0533333333334,522.01,559.71,18.328159391130008,6,1,0,0,0,0,0.0,101.43000000000006,1.025452269170579,1.0510985915492959,0,0.0
C-31604,Closed,Northgate,30-44,English,Owner-occupier,2,2024-08-22,2025-07,571.68,2024,8,16,1,15,0,1,493.49,493.49,493.49,493.49,0.0,1,1,0,0,0,0,0.0,0.0,0.8632276798208789,0.8632276798208789,0,0.0
C-31605,Active,Weybridge,18-29,English,No fixed abode,2,2025-01-20,,857.68,2025,1,11,3,5,0,6,5281.79,880.2983333333333,836.24,905.95,26.369140612971574,6,1,0,0,0,0,0.0,157.15000000000032,1.0263715293971334,1.0562797313683425,0,0.0
C-31606,Active,Calder Central,45-59,English,Resident with family,2,2022-02-02,,513.7,2022,2,46,1,14,0,6,3013.6800000000003,502.28000000000003,391.47,538.32,57.21666365666565,6,1,0,0,0,0,0.0,77.90999999999997,0.9777691259489975,1.0479268055285187,0,0.0
C-31607,Active,Ash Hill,18-29,English,Resident with family,5,2024-10-01,,1387.11,2024,10,14,0,16,1,6,7846.46,1307.7433333333333,1112.22,1459.39,156.6904845441058,6,1,0,0,0,0,0.0,127.65000000000032,0.9427827161027845,1.0521083403623361,2,0.3333333333333333
C-31608,Active,Calder Central,18-29,English,Resident with family,3,2025-07-19,,725.25,2025,7,5,2,3,1,6,4163.43,693.9050000000001,562.28,763.36,70.8222614013419,6,1,0,0,0,0,0.0,51.879999999999995,0.9567804205446397,1.0525473974491555,3,0.5
C-31609,Active,Calder Central,18-29,English,Social tenancy,5,2021-10-08,,844.59,2021,10,50,2,11,1,6,5035.73,839.2883333333333,797.58,885.12,35.771607968704245,6,1,0,0,0,0,0.0,74.19999999999993,0.9937227925186579,1.047987781053529,0,0.0
C-31610,Active,Ash Hill,18-29,English,No fixed abode,5,2023-02-03,,870.52,2023,2,34,2,19,0,6,5005.9,834.3166666666666,684.16,918.11,80.76039417107043,6,1,0,0,0,0,0.0,65.41000000000008,0.9584118304768031,1.054668474015531,0,0.0
C-31611,Active,Ash Hill,18-29,English,Private tenancy,1,2024-09-10,,391.4,2024,9,15,3,18,1,6,2334.16,389.02666666666664,371.38,402.77,14.022595575237366,6,1,0,0,0,0,0.0,29.430000000000064,0.9939362970533129,1.0290495656617271,2,0.3333333333333333
C-31612,Suspended,Weybridge,60-74,English,Social tenancy,2,2022-09-21,,939.01,2022,9,39,0,15,0,6,5464.75,910.7916666666666,722.68,962.02,93.19809964085464,6,1,0,0,0,0,0.0,63.610000000000014,0.969948846835142,1.0245045313681431,0,0.0
C-31613,Active,Ash Hill,45-59,English,Private tenancy,4,2023-10-01,,1315.59,2023,10,26,1,20,0,6,7872.28,1312.0466666666666,1065.63,1371.56,121.35929295553198,6,1,0,0,0,0,0.0,228.70000000000027,0.9973066583560736,1.042543649617282,0,0.0
C-31614,Active,Calder Central,30-44,English,No fixed abode,1,2025-05-17,,759.84,2025,5,7,2,14,1,6,4618.51,769.7516666666667,721.77,796.09,29.982379769902646,6,1,0,0,0,0,0.0,112.55999999999995,1.0130444128588474,1.047707412086755,2,0.3333333333333333
C-31615,Closed,Northgate,30-44,English,Resident with family,4,2022-03-08,2025-11,862.83,2022,3,45,0,15,0,5,4371.0,874.2,825.47,910.96,43.49911665769776,5,1,0,0,0,0,0.0,129.07999999999993,1.01317756684399,1.0557815560423258,0,0.0
C-31616,Active,Weybridge,45-59,Spanish,Resident with family,2,2022-02-14,,612.49,2022,2,46,4,22,2,6,3545.69,590.9483333333334,470.49,638.21,60.33736567556348,6,1,0,0,0,0,0.0,28.139999999999986,0.9648293577582218,1.041992522326895,1,0.16666666666666666
C-31617,Active,Calder Central,18-29,English,Owner-occupier,1,2025-05-23,,554.79,2025,5,7,1,6,1,6,3168.83,528.1383333333333,386.04,584.18,73.49032192518047,6,1,0,0,0,0,0.0,57.88000000000011,0.9519608019851357,1.0529749995493791,1,0.16666666666666666
C-31618,Closed,Northgate,18-29,English,Resident with family,5,2023-04-06,2025-10,1337.0,2023,4,32,0,4,0,4,5001.32,1250.33,1063.33,1345.82,127.60971775952903,4,1,0,0,0,0,0.0,8.819999999999936,0.9351757666417352,1.0065968586387435,0,0.0
C-31619,Active,Calder Central,60-74,Other,Owner-occupier,4,2024-12-11,,981.9,2024,12,12,5,22,2,6,6018.48,1003.0799999999999,972.98,1039.7,22.630329206620054,6,1,0,0,0,0,0.0,136.00000000000023,1.0215704246868318,1.058865464914961,1,0.16666666666666666
C-31620,Active,Northgate,18-29,English,Private tenancy,3,2022-07-17,,675.46,2022,7,41,3,1,0,7,4809.6900000000005,687.0985714285715,654.99,715.11,24.05791652697812,6,2,1,1,0,0,0.0,114.16999999999985,1.0172305857172466,1.0587007372753383,0,0.0
C-31621,Active,Weybridge,18-29,Spanish,Private tenancy,1,2024-05-22,,714.09,2024,5,19,4,21,2,6,4219.29,703.215,671.64,745.89,26.888441196915824,6,1,0,0,0,0,0.0,37.559999999999945,0.9847708272066545,1.0445322018232994,1,0.16666666666666666
C-31622,Active,Calder Central,45-59,English,Social tenancy,5,2022-07-04,,1138.21,2022,7,41,0,9,0,6,6857.52,1142.92,1103.47,1170.23,25.0269039235779,6,1,0,0,0,0,0.0,78.48999999999978,1.0041380764533785,1.0281318913030109,0,0.0
C-31623,Active,Ash Hill,75+,English,Social tenancy,1,2023-01-26,,755.83,2023,1,35,0,10,2,6,4262.87,710.4783333333334,596.04,780.44,61.14258693142342,6,1,0,0,0,0,0.0,24.610000000000014,0.9399975303088436,1.0325602317981557,1,0.16666666666666666
C-31624,Suspended,Calder Central,75+,English,Resident with family,3,2023-10-25,,889.24,2023,10,26,3,20,3,7,6133.05,876.15,663.42,938.98,96.04102630299893,6,2,1,1,0,0,0.0,143.89999999999998,0.9852795645719941,1.0559354055148216,0,0.0
C-31625,Active,Calder Central,18-29,English,Owner-occupier,1,2022-06-04,,398.91,2022,6,42,1,10,0,6,2356.85,392.80833333333334,311.85,421.91,41.58093236889555,6,1,0,0,0,0,0.0,62.00999999999988,0.9847041521479364,1.0576571156401193,0,0.0
C-31626,Active,Northgate,60-74,English,No fixed abode,1,2023-03-07,,580.94,2023,3,33,0,8,1,6,3582.4700000000003,597.0783333333334,568.48,614.99,17.217251135610077,6,1,0,0,0,0,0.0,109.28999999999974,1.0277796903868441,1.0586119048438736,3,0.5
C-31627,Active,Weybridge,45-59,English,Owner-occupier,3,2023-01-31,,910.75,2023,1,35,3,14,1,6,5564.07,927.3449999999999,880.02,951.77,27.44324962536323,6,1,0,0,0,0,0.0,131.44999999999993,1.0182212462256384,1.0450398023606917,1,0.16666666666666666
C-31628,Suspended,Calder Central,30-44,English,Owner-occupier,2,2021-12-02,,558.85,2021,12,48,4,11,0,6,3303.17,550.5283333333333,457.01,584.51,48.483030605219646,6,1,0,0,0,0,0.0,71.02999999999986,0.9851093018400882,1.0459157197816944,0,0.0
C-31629,Active,Calder Central,60-74,English,Social tenancy,2,2023-05-14,,628.24,2023,5,31,2,22,2,6,3566.8900000000003,594.4816666666667,457.62,656.66,71.02055629651652,6,1,0,0,0,0,0.0,35.16999999999996,0.9462652277261344,1.0452374888577614,2,0.3333333333333333
C-31630,Active,Calder Central,45-59,Spanish,Owner-occupier,1,2021-11-04,,382.83,2021,11,49,5,5,3,6,2308.17,384.695,364.53,402.4,12.812782289573162,6,1,0,0,0,0,0.0,32.910000000000025,1.0048716140323382,1.0511192957709687,2,0.3333333333333333
C-31631,Active,Ash Hill,45-59,English,Owner-occupier,1,2022-12-29,,684.1,2022,12,36,1,23,1,6,4121.26,686.8766666666667,651.64,712.66,23.47355760566915,6,1,0,0,0,0,0.0,66.19999999999993,1.0040588607903327,1.0417482824148516,0,0.0
C-31632,Active,Weybridge,30-44,English,No fixed abode,1,2024-11-10,,597.09,2024,11,13,2,0,2,6,3552.66,592.11,566.11,624.36,22.21037055071347,6,1,0,0,0,0,0.0,39.51999999999998,0.9916595488117369,1.045671506808019,0,0.0
C-31633,Active,Calder Central,18-29,English,Private tenancy,3,2022-05-12,,884.45,2022,5,43,5,17,1,6,5084.55,847.4250000000001,695.96,916.35,79.0774027772789,6,1,0,0,0,0,0.0,33.6099999999999,0.9581378257674261,1.036067612640624,0,0.0
C-31634,Active,Calder Central,60-74,English,Private tenancy,3,2022-06-22,,620.58,2022,6,42,2,12,1,6,3603.35,600.5583333333333,512.16,642.56,47.496131386321,6,1,0,0,0,0,0.0,36.719999999999914,0.9677371706038436,1.0354184794869314,3,0.5
C-31635,Active,Calder Central,60-74,English,Private tenancy,3,2023-09-02,,904.55,2023,9,27,3,21,1,6,5196.85,866.1416666666668,705.27,933.58,82.71195739835123,6,1,0,0,0,0,0.0,38.11000000000013,0.9575387393363183,1.0320933060637887,2,0.3333333333333333
C-31636,Active,Calder Central,75+,Spanish,Social tenancy,2,2021-09-08,,560.52,2021,9,51,5,18,3,6,3249.8,541.6333333333333,413.81,589.64,66.06626390728225,6,1,0,0,0,0,0.0,67.60000000000002,0.9663050976474228,1.0519517590808536,1,0.16666666666666666
C-31637,Suspended,Ash Hill,18-29,English,No fixed abode,2,2025-07-06,,519.2,2025,7,5,0,14,0,6,3003.24,500.53999999999996,369.31,545.55,67.04707480569158,6,1,0,0,0,0,0.0,66.12999999999988,0.9640600924499229,1.0507511556240368,0,0.0
C-31638,Active,Calder Central,45-59,English,Social tenancy,2,2021-07-16,,968.49,2021,7,53,0,17,0,6,5692.79,948.7983333333333,911.15,964.95,20.491069680879654,6,1,0,0,0,0,0.0,0.0,0.9796676613422268,0.9963448254499272,0,0.0
C-31639,Active,Northgate,18-29,English,Social tenancy,2,2024-12-31,,673.58,2024,12,12,2,22,1,6,3790.55,631.7583333333333,484.75,703.74,75.34533918343368,6,1,0,0,0,0,0.0,30.159999999999968,0.9379113592050436,1.0447756762374178,3,0.5
C-31640,Active,Ash Hill,30-44,Other,No fixed abode,3,2025-08-13,,742.3,2025,8,4,4,8,2,6,4445.88,740.98,720.27,775.63,19.391568270771696,6,1,0,0,0,0,0.0,37.830000000000155,0.9982217432304998,1.0449009834298801,1,0.16666666666666666
C-31641,Active,Calder Central,18-29,Other,No fixed abode,1,2024-10-03,,576.32,2024,10,14,3,13,1,6,3303.21,550.535,467.29,602.7,45.15015869296585,6,1,0,0,0,0,0.0,26.379999999999995,0.9552592309827873,1.0457731815657967,1,0.16666666666666666
C-31642,Active,Calder Central,45-59,Spanish,Private tenancy,1,2021-10-09,,551.36,2021,10,50,3,18,2,6,3328.6099999999997,554.7683333333333,526.98,574.29,16.842417185982125,6,1,0,0,0,0,0.0,50.01999999999987,1.0061816840781581,1.0415880731282645,3,0.5
C-31643,Active,Calder Central,45-59,English,Owner-occupier,2,2021-12-24,,643.43,2021,12,48,2,4,1,6,3838.7,639.7833333333333,620.14,662.26,18.273916566151506,6,1,0,0,0,0,0.0,35.3900000000001,0.9943324578172192,1.0292650327152915,2,0.3333333333333333
C-31644,Active,Ash Hill,45-59,English,Resident with family,3,2023-07-12,,715.03,2023,7,29,3,23,1,6,4148.22,691.37,601.24,735.25,48.047547700168835,6,1,0,0,0,0,0.0,20.300000000000068,0.9669104792805897,1.028278533767814,3,0.5
C-31645,Active,Weybridge,18-29,English,No fixed abode,3,2023-06-01,,1034.89,2023,6,30,0,3,1,6,5927.38,987.8966666666666,973.81,1000.98,11.68822769570592,6,1,0,0,0,0,0.0,0.0,0.9545909871258459,0.9672332325174655,3,0.5
C-31646,Active,Calder Central,45-59,Spanish,Private tenancy,5,2022-09-01,,1314.25,2022,9,39,3,3,2,6,7805.110000000001,1300.8516666666667,1241.2,1368.9,47.51934276341232,6,1,0,0,0,0,0.0,75.49000000000024,0.9898053389131952,1.041582651702492,3,0.5
C-31647,Active,Northgate,75+,English,No fixed abode,2,2021-02-21,,619.41,2021,2,58,2,4,1,6,3428.7200000000003,571.4533333333334,476.06,629.57,60.62074188482575,6,1,0,0,0,0,0.0,18.95000000000016,0.922576860776115,1.0164027058006815,2,0.3333333333333333
C-31648,Active,Calder Central,18-29,English,No fixed abode,5,2024-09-14,,957.44,2024,9,15,1,18,2,6,5280.17,880.0283333333333,701.72,999.62,125.11426703884202,6,1,0,0,0,0,0.0,79.58999999999992,0.9191472398618538,1.044054979946524,0,0.0
C-31649,Active,Northgate,30-44,English,No fixed abode,3,2024-07-07,,1034.65,2024,7,17,1,13,1,6,6169.07,1028.1783333333333,974.14,1092.42,50.522519896246955,6,1,0,0,0,0,0.0,105.76999999999998,0.993745066769761,1.055835306625429,4,0.6666666666666666
C-31650,Active,Weybridge,60-74,Spanish,Resident with family,5,2022-12-17,,1410.85,2022,12,36,3,21,1,6,8467.84,1411.3066666666666,1358.99,1466.61,52.01296171788975,6,1,0,0,0,0,0.0,141.87000000000012,1.0003236819411467,1.0395222738065706,2,0.3333333333333333
C-31651,Active,Calder Central,30-44,English,Private tenancy,2,2023-09-07,,958.01,2023,9,27,2,20,0,6,5684.8,947.4666666666667,910.95,971.62,21.748855295547536,6,1,0,0,0,0,0.0,23.31000000000006,0.9889945477256674,1.0142065322908946,0,0.0
C-31652,Active,Weybridge,30-44,English,Social tenancy,3,2022-10-20,,744.22,2022,10,38,2,9,1,6,4265.82,710.9699999999999,627.26,784.97,50.59545710832151,6,1,0,0,0,0,0.0,40.75,0.9553223509177394,1.0547553142887856,4,0.6666666666666666
C-31653,Active,Weybridge,75+,English,Social tenancy,2,2024-11-30,,754.52,2024,11,13,1,14,0,6,4616.91,769.485,726.77,795.21,27.109160628835486,6,1,0,0,0,0,0.0,127.13000000000011,1.0198338016222233,1.0539283252929015,0,0.0
C-31654,Active,Weybridge,45-59,English,No fixed abode,3,2024-08-17,,758.8,2024,8,16,2,11,0,6,4541.23,756.8716666666666,727.37,799.14,25.643216191941818,6,1,0,0,0,0,0.0,53.1400000000001,0.9974587067299244,1.0531628887717448,0,0.0
C-31655,Active,Calder Central,30-44,English,No fixed abode,4,2024-07-21,,1113.44,2024,7,17,4,18,2,6,6739.09,1123.1816666666666,1091.24,1148.62,22.121989437359936,6,1,0,0,0,0,0.0,84.00999999999954,1.0087491617569573,1.0315957752550653,2,0.3333333333333333
C-31656,Active,Northgate,60-74,Other,Resident with family,2,2023-11-17,,784.84,2023,11,25,5,0,1,6,4746.72,791.12,750.35,808.4,22.177986382897764,6,1,0,0,0,0,0.0,72.16999999999985,1.0080016309056623,1.0300188573467204,3,0.5
C-31657,Active,Northgate,45-59,Spanish,Private tenancy,2,2023-12-23,,761.13,2023,12,24,6,3,3,6,4433.51,738.9183333333334,718.03,762.93,17.811606796318713,6,1,0,0,0,0,0.0,1.7999999999999545,0.9708175125580825,1.0023649048125813,1,0.16666666666666666
C-31658,Active,Weybridge,30-44,English,Resident with family,1,2023-12-20,,541.33,2023,12,24,1,0,1,6,3304.6800000000003,550.7800000000001,521.38,570.31,20.32651863945223,6,1,0,0,0,0,0.0,80.90999999999985,1.0174570040455915,1.05353481240648,1,0.16666666666666666
C-31659,Active,Calder Central,60-74,English,Private tenancy,1,2024-01-23,,494.26,2024,1,23,2,13,2,6,2990.83,498.47166666666664,467.44,519.44,23.456144966014076,6,1,0,0,0,0,0.0,73.5800000000001,1.0085211562065848,1.0509448468417433,1,0.16666666666666666
C-31660,Active,Ash Hill,75+,English,Resident with family,5,2021-07-04,,1559.06,2021,7,53,2,13,1,6,9282.88,1547.1466666666665,1487.79,1610.58,54.53167617694018,6,1,0,0,0,0,0.0,104.76999999999998,0.9923586434560997,1.0330455530896823,2,0.3333333333333333
C-31661,Closed,Northgate,30-44,Spanish,No fixed abode,1,2022-02-20,2025-08,530.92,2022,2,46,3,22,2,6,3184.07,530.6783333333334,505.2,543.24,14.18671549960269,6,1,0,0,4,1,2108.1099999999997,30.160000000000196,0.9995448152891836,1.0232050026369321,1,0.16666666666666666
C-31662,Active,Weybridge,60-74,English,Owner-occupier,1,2021-03-27,,559.46,2021,3,57,3,2,0,6,3145.01,524.1683333333334,421.11,563.71,52.651399000089874,6,1,0,0,0,0,0.0,4.67999999999995,0.9369183379210906,1.0075966110177672,0,0.0
C-31663,Active,Northgate,45-59,English,No fixed abode,1,2021-06-29,,608.26,2021,6,54,1,6,0,6,3507.1,584.5166666666667,461.88,639.07,63.96262835958721,6,1,0,0,0,0,0.0,48.49000000000001,0.9609651574436371,1.0506526814191302,0,0.0
C-31664,Active,Calder Central,60-74,Other,Private tenancy,1,2023-09-08,,446.78,2023,9,27,5,12,1,6,2727.5299999999997,454.5883333333333,425.13,469.71,18.270751945846847,6,1,0,0,0,0,0.0,74.87000000000006,1.0174769088440248,1.051322798692869,3,0.5
C-31665,Active,Weybridge,30-44,English,Social tenancy,1,2022-12-12,,591.49,2022,12,36,4,14,2,6,3368.66,561.4433333333333,435.35,620.94,65.56915026646801,6,1,0,0,0,0,0.0,34.50999999999999,0.9492017334753475,1.0497895146156317,2,0.3333333333333333
C-31666,Active,Ash Hill,45-59,English,Owner-occupier,5,2023-09-22,,1443.23,2023,9,27,0,17,1,6,8977.83,1496.305,1456.2,1527.58,24.775730665310302,6,1,0,0,0,0,0.0,318.4499999999998,1.0367751501839624,1.0584452928500654,3,0.5
C-31667,Active,Northgate,45-59,English,No fixed abode,1,2022-02-16,,495.17,2022,2,46,2,16,0,6,2957.65,492.94166666666666,465.57,524.71,23.264415244460114,6,1,0,0,0,0,0.0,50.610000000000014,0.9954998620002558,1.0596562796615305,0,0.0
C-31668,Closed,Ash Hill,60-74,English,No fixed abode,3,2023-06-07,2025-12,912.22,2023,6,30,4,5,3,6,9574.07,1595.6783333333333,1492.35,1675.12,68.91868989371945,6,1,0,0,0,0,0.0,4100.75,1.749225333070239,1.8363114161057639,1,0.16666666666666666
C-31669,Active,Ash Hill,45-59,English,Resident with family,1,2022-07-03,,609.73,2022,7,41,3,17,1,6,3396.51,566.085,438.75,643.9,94.45905372170526,6,1,0,0,0,0,0.0,83.19999999999993,0.9284191363390354,1.0560411985632985,2,0.3333333333333333
C-31670,Active,Northgate,45-59,English,Resident with family,3,2021-08-28,,784.37,2021,8,52,5,3,4,6,4706.22,784.37,784.37,784.37,0.0,6,1,0,0,0,0,0.0,0.0,1.0,1.0,0,0.0
C-31671,Active,Calder Central,30-44,English,Private tenancy,2,2022-11-25,,746.24,2022,11,37,2,17,1,6,4333.44,722.2399999999999,628.36,781.55,52.36193388330877,6,1,0,0,0,0,0.0,35.309999999999945,0.9678387650085764,1.047317216981132,1,0.16666666666666666
C-31672,Active,Northgate,30-44,English,Private tenancy,3,2021-02-08,,1028.01,2021,2,58,4,9,0,6,6331.98,1055.33,1003.38,1087.95,32.817870741411596,6,1,0,0,0,0,0.0,188.54999999999995,1.0265756169687064,1.0583068258090875,0,0.0
C-31673,Active,Weybridge,30-44,English,Social tenancy,1,2022-11-20,,739.27,2022,11,37,2,3,1,6,4549.5599999999995,758.2599999999999,738.6,782.78,16.99125539799812,6,1,0,0,0,0,0.0,114.61000000000001,1.0256875025362857,1.0588553573119428,5,0.8333333333333334
C-31674,Suspended,Calder Central,30-44,English,Owner-occupier,2,2022-04-05,,909.11,2022,4,44,0,19,1,6,5091.3,848.5500000000001,657.65,941.62,117.44680787488439,6,1,0,0,0,0,0.0,73.80999999999995,0.9333853989066229,1.0357602490347702,1,0.16666666666666666
C-31675,Active,Weybridge,18-29,Other,Owner-occupier,3,2021-11-20,,692.16,2021,11,49,6,0,0,6,4023.45,670.5749999999999,578.04,712.93,47.74767418419457,6,1,0,0,0,0,0.0,27.730000000000018,0.9688150138696255,1.0300075127138233,0,0.0
C-31676,Active,Calder Central,18-29,English,Resident with family,1,2021-08-26,,636.65,2021,8,52,2,13,0,6,3612.71,602.1183333333333,464.55,634.87,67.50919268267592,6,1,0,0,0,0,0.0,0.0,0.9457603602188539,0.9972041152909763,0,0.0
C-31677,Active,Weybridge,18-29,Other,No fixed abode,2,2022-11-06,,663.31,2022,11,37,6,18,3,6,3891.79,648.6316666666667,543.36,697.4,55.450966958806625,6,1,0,0,0,0,0.0,59.710000000000036,0.9778710808922928,1.0513937676199665,2,0.3333333333333333
C-31678,Active,Weybridge,60-74,English,Resident with family,3,2021-10-14,,794.48,2021,10,50,3,18,1,6,4752.49,792.0816666666666,749.88,824.11,28.45587279748535,6,1,0,0,0,0,0.0,58.41999999999996,0.9969812539858357,1.0372948343570638,2,0.3333333333333333
C-31679,Active,Northgate,60-74,English,No fixed abode,1,2025-02-09,,641.89,2025,2,10,0,8,1,6,3795.33,632.555,548.44,679.91,48.869260992979996,6,1,0,0,0,0,0.0,80.67999999999995,0.9854570097680287,1.0592313324712956,2,0.3333333333333333
C-31680,Active,Northgate,30-44,English,Resident with family,1,2024-08-26,,672.54,2024,8,16,0,13,1,6,4073.3,678.8833333333333,652.16,697.99,15.97016426548795,6,1,0,0,0,0,0.0,58.44000000000017,1.0094319049176754,1.0378416153686028,1,0.16666666666666666
C-31681,Active,Northgate,60-74,English,No fixed abode,6,2022-10-16,,1092.13,2022,10,38,0,8,1,6,6489.27,1081.545,1042.7,1126.92,29.717064962744928,6,1,0,0,0,0,0.0,43.24999999999977,0.990307930374589,1.0318551820753938,1,0.16666666666666666
C-31682,Active,Weybridge,60-74,Other,Resident with family,1,2021-03-21,,697.47,2021,3,57,5,11,2,6,4256.43,709.4050000000001,684.14,735.46,21.45962977313451,6,1,0,0,0,0,0.0,95.17999999999995,1.017111847104535,1.0544682925430484,1,0.16666666666666666
C-31683,Suspended,Northgate,30-44,English,Private tenancy,2,2024-10-27,,825.31,2024,10,14,2,22,0,6,4979.28,829.88,801.81,850.7,20.68860169271963,6,1,0,0,0,0,0.0,69.94000000000017,1.0055373132519903,1.0307641976954116,0,0.0
C-31684,Active,Weybridge,75+,English,Social tenancy,3,2021-12-11,,949.26,2021,12,48,3,4,1,6,5485.68,914.2800000000001,674.69,967.5,117.41535521387308,6,1,0,0,0,0,0.0,64.68999999999994,0.9631502433474496,1.0192149674483282,1,0.16666666666666666
C-31685,Active,Northgate,75+,English,No fixed abode,1,2023-03-10,,680.1,2023,3,33,3,2,0,6,4031.98,671.9966666666667,643.87,714.98,25.020432183850616,6,1,0,0,0,0,0.0,34.879999999999995,0.9880850855266382,1.0512865755036025,0,0.0
C-31686,Active,Weybridge,45-59,English,Social tenancy,3,2024-10-17,,1234.26,2024,10,14,3,22,0,6,7335.63,1222.605,1178.29,1302.88,46.496300390461165,6,1,0,0,0,0,0.0,77.8900000000001,0.9905570949394779,1.0555960656587753,0,0.0
C-31687,Active,Calder Central,60-74,English,Resident with family,2,2022-12-28,,530.42,2022,12,36,2,18,0,6,3172.23,528.705,506.93,549.16,15.840700426433159,6,1,0,0,0,0,0.0,30.930000000000177,0.996766713170695,1.035330492817013,0,0.0
C-31688,Active,Calder Central,75+,English,Private tenancy,1,2021-01-31,,505.07,2021,1,59,3,12,1,6,2909.21,484.86833333333334,411.21,524.75,40.032593429188005,6,1,0,0,0,0,0.0,29.340000000000032,0.960002243913385,1.0389648959550162,2,0.3333333333333333
C-31689,Active,Calder Central,45-59,English,Owner-occupier,2,2023-10-10,,742.39,2023,10,26,2,12,2,6,4470.45,745.0749999999999,700.0,784.58,30.00064649303415,6,1,0,0,0,0,0.0,73.5200000000001,1.0036166974231875,1.0568299680760787,1,0.16666666666666666
C-31690,Active,Weybridge,18-29,English,No fixed abode,2,2025-07-29,,892.55,2025,7,5,0,17,1,6,5203.28,867.2133333333333,743.98,935.4,69.34185681582709,6,1,0,0,0,0,0.0,76.74000000000012,0.971613168263216,1.0480085149291356,1,0.16666666666666666
C-31691,Active,Calder Central,60-74,English,Social tenancy,3,2025-03-04,,805.88,2025,3,9,1,21,0,6,4812.87,802.145,764.84,852.0,40.46368087557038,6,1,0,0,0,0,0.0,91.2600000000001,0.9953653149352261,1.0572293641733261,0,0.0
C-31692,Active,Weybridge,18-29,English,Social tenancy,2,2024-03-18,,808.32,2024,3,21,1,11,1,6,4840.72,806.7866666666667,770.87,839.72,25.31035255911435,6,1,0,0,0,0,0.0,55.09999999999991,0.9981030614937979,1.0388460015835312,3,0.5
C-31693,Active,Ash Hill,60-74,English,Private tenancy,2,2023-02-16,,815.64,2023,2,34,2,11,1,6,4776.48,796.0799999999999,741.2,826.66,33.770201657674455,6,1,0,0,0,0,0.0,19.549999999999955,0.9760188318375754,1.0135108626354765,1,0.16666666666666666
C-31694,Active,Calder Central,45-59,English,No fixed abode,2,2023-02-19,,874.96,2023,2,34,1,20,0,6,5234.7,872.4499999999999,790.77,923.41,48.375259379149576,6,1,0,0,0,0,0.0,100.65999999999985,0.9971312974307397,1.055373959952455,0,0.0
C-31695,Active,Ash Hill,45-59,English,Social tenancy,3,2025-02-05,,601.22,2025,2,10,1,5,2,6,3452.0,575.3333333333334,429.38,635.06,73.25724228133808,6,1,0,0,0,0,0.0,35.469999999999914,0.9569431045762505,1.0562855527094905,3,0.5
C-31696,Active,Ash Hill,30-44,English,No fixed abode,2,2024-06-08,,998.21,2024,6,18,3,2,0,6,6041.3099999999995,1006.8849999999999,960.94,1046.26,36.664631867782305,6,1,0,0,0,0,0.0,120.2199999999998,1.0086905560954107,1.0481361637330822,0,0.0
C-31697,Active,Ash Hill,30-44,English,Owner-occupier,5,2025-02-01,,942.76,2025,2,10,3,21,0,6,5640.53,940.0883333333333,730.91,991.55,102.91262088134124,6,1,0,0,0,0,0.0,195.81999999999994,0.9971661221661222,1.0517523017523016,0,0.0
C-31698,Active,Northgate,75+,English,Resident with family,2,2021-03-25,,544.06,2021,3,57,1,9,1,6,3257.47,542.9116666666666,532.93,550.3,6.730276121131078,6,1,0,0,0,0,0.0,11.900000000000091,0.9978893259321889,1.0114693232364078,2,0.3333333333333333
C-31699,Closed,Northgate,30-44,English,Social tenancy,1,2022-06-02,2025-08,592.76,2022,6,42,1,2,1,2,1119.92,559.96,515.69,604.23,62.60723440625689,2,1,0,0,0,0,0.0,11.470000000000027,0.9446656319589717,1.0193501585802012,0,0.0
C-31700,Active,Calder Central,30-44,English,Owner-occupier,2,2023-01-01,,540.22,2023,1,35,0,1,2,6,3039.59,506.59833333333336,412.79,560.38,55.15434685196325,6,1,0,0,0,0,0.0,37.64999999999998,0.9377630101316748,1.0373181296508829,1,0.16666666666666666
C-31701,Active,Calder Central,18-29,English,Social tenancy,1,2023-06-20,,376.46,2023,6,30,3,13,1,6,2242.78,373.7966666666667,354.37,395.47,17.859401632380273,6,1,0,0,0,0,0.0,36.980000000000075,0.9929253218580106,1.0504967327206078,2,0.3333333333333333
C-31702,Active,Calder Central,60-74,English,Social tenancy,1,2022-12-11,,655.22,2022,12,36,3,20,0,6,3762.28,627.0466666666667,548.71,693.61,63.53736118746723,6,1,0,0,0,0,0.0,65.88,0.957001719524231,1.0585910076005005,0,0.0
C-31703,Active,Weybridge,60-74,English,Private tenancy,1,2025-07-04,,612.07,2025,7,5,1,14,0,6,3520.86,586.8100000000001,461.93,645.21,65.40468943432113,6,1,0,0,0,0,0.0,50.309999999999945,0.9587302105968272,1.0541441338409006,0,0.0
C-31704,Active,Calder Central,45-59,English,Owner-occupier,2,2023-07-15,,944.9,2023,7,29,4,14,2,7,6616.86,945.2657142857142,920.33,971.52,20.27312659420745,6,2,1,1,0,0,0.0,60.06000000000006,1.000387040200777,1.028172293364377,0,0.0
C-31705,Active,Northgate,30-44,English,Resident with family,5,2023-07-26,,1473.2,2023,7,29,1,1,0,6,8882.21,1480.368333333333,1394.8,1542.69,65.51081785985176,6,1,0,0,0,0,0.0,193.05999999999972,1.004865824961535,1.047169427097475,0,0.0
C-31706,Active,Ash Hill,45-59,Spanish,Social tenancy,1,2024-10-07,,535.09,2024,10,14,4,6,2,6,3161.28,526.88,503.21,562.33,22.9794717084619,6,1,0,0,0,0,0.0,34.93999999999994,0.9846567867087779,1.0509073240015698,1,0.16666666666666666
C-31707,Suspended,Calder Central,18-29,Spanish,Owner-occupier,3,2022-04-11,,719.54,2022,4,44,4,19,2,6,4241.28,706.88,597.94,760.89,59.45541321023677,6,1,0,0,0,0,0.0,81.95000000000016,0.9824054256886345,1.0574672707563166,1,0.16666666666666666
C-31708,Active,Ash Hill,45-59,English,Social tenancy,5,2024-11-16,,1381.84,2024,11,13,0,20,2,6,8221.38,1370.2299999999998,1331.87,1426.45,37.854030696875604,6,1,0,0,0,0,0.0,63.11000000000013,0.9915981589764372,1.0322830428993228,2,0.3333333333333333
C-31709,Active,Ash Hill,18-29,English,No fixed abode,3,2021-12-10,,1033.05,2021,12,48,1,10,1,6,6308.12,1051.3533333333332,1031.18,1084.87,21.59092556299211,6,1,0,0,0,0,0.0,113.32000000000016,1.0177177613216528,1.0501621412322732,2,0.3333333333333333
C-31710,Active,Weybridge,18-29,English,Private tenancy,3,2024-02-20,,1030.97,2024,2,22,4,2,1,6,5535.02,922.5033333333334,705.36,1053.77,164.8049697875239,6,1,0,0,0,0,0.0,44.8599999999999,0.8947916363554064,1.0221150954925944,2,0.3333333333333333
C-31711,Active,Calder Central,18-29,English,Social tenancy,1,2024-09-16,,559.21,2024,9,15,0,11,0,6,3362.2799999999997,560.38,538.63,588.92,20.67103093703836,6,1,0,0,0,0,0.0,53.349999999999795,1.002092237263282,1.0531285205915486,0,0.0
C-31712,Active,Weybridge,60-74,English,Owner-occupier,1,2023-01-04,,561.24,2023,1,35,1,16,1,6,3435.73,572.6216666666667,555.64,590.79,13.64993980450705,6,1,0,0,0,0,0.0,75.54999999999995,1.0202795001544198,1.0526512721830232,3,0.5
C-31713,Active,Calder Central,60-74,English,Owner-occupier,2,2022-04-29,,752.95,2022,4,44,5,8,1,6,4293.360000000001,715.5600000000001,544.82,788.72,85.9946809983036,6,1,0,0,0,0,0.0,35.76999999999998,0.950341988179826,1.0475064745335014,0,0.0
C-31714,Active,Weybridge,45-59,English,Social tenancy,2,2022-08-30,,935.77,2022,8,40,4,23,0,6,5557.21,926.2016666666667,880.62,984.24,45.6607067035396,6,1,0,0,0,0,0.0,90.69000000000005,0.9897749090766607,1.0517969159088238,0,0.0
C-31715,Active,Calder Central,30-44,English,Resident with family,2,2023-09-04,,878.4,2023,9,27,2,0,2,6,5111.6900000000005,851.9483333333334,751.01,889.25,52.71644161612833,6,1,0,0,0,0,0.0,21.06000000000006,0.9698865361262903,1.0123520036429874,3,0.5
C-31716,Active,Ash Hill,75+,English,Social tenancy,1,2021-11-06,,724.46,2021,11,49,1,11,1,6,4098.64,683.1066666666667,585.44,717.37,49.60421621865085,6,1,0,0,0,0,0.0,0.0,0.9429184035925608,0.9902134003257599,2,0.3333333333333333
C-31717,Active,Weybridge,60-74,English,Social tenancy,1,2024-03-07,,628.67,2024,3,21,3,8,1,6,3696.84,616.14,591.92,658.44,24.099557672289354,6,1,0,0,0,0,0.0,29.770000000000095,0.9800690346286606,1.0473539376779553,0,0.0
C-31718,Active,Calder Central,45-59,Other,Resident with family,3,2025-07-07,,885.22,2025,7,5,4,11,2,6,5356.47,892.745,865.12,932.98,23.010871126491494,6,1,0,0,0,0,0.0,71.37,1.0085007116874902,1.0539526897268476,2,0.3333333333333333
C-31719,Active,Weybridge,45-59,Spanish,Owner-occupier,4,2024-03-17,,1402.39,2024,3,21,4,1,1,6,8460.58,1410.0966666666666,1333.74,1451.17,45.477159395312576,6,1,0,0,0,0,0.0,139.78999999999974,1.0054953805051852,1.0347834767789275,3,0.5
C-31720,Active,Ash Hill,45-59,Spanish,Private tenancy,3,2024-09-23,,973.51,2024,9,15,6,18,0,6,5591.13,931.855,737.41,1020.83,104.00263164939628,6,1,0,0,0,0,0.0,89.19000000000005,0.9572115335230249,1.0486076157409785,0,0.0
C-31721,Active,Ash Hill,45-59,English,Private tenancy,1,2022-08-02,,624.84,2022,8,40,0,0,2,6,3758.6,626.4333333333333,592.55,649.33,24.291378443115732,6,1,0,0,0,0,0.0,65.8499999999998,1.0025499861297824,1.0391940336726202,0,0.0
C-31722,Active,Calder Central,60-74,English,Private tenancy,1,2025-02-19,,469.93,2025,2,10,3,10,1,6,2772.49,462.08166666666665,444.63,492.95,18.74582131213958,6,1,0,0,0,0,0.0,26.409999999999968,0.9832989310464679,1.048986019194348,0,0.0
C-31723,Active,Ash Hill,75+,English,No fixed abode,3,2024-12-30,,1001.31,2024,12,12,1,23,0,6,6063.59,1010.5983333333334,955.5,1049.7,35.9088331287257,6,1,0,0,0,0,0.0,120.60000000000025,1.0092761815355218,1.0483266920334362,0,0.0
C-31724,Active,Calder Central,18-29,English,Private tenancy,4,2024-06-11,,890.45,2024,6,18,5,18,1,6,5263.78,877.2966666666666,838.73,904.72,23.550111393933275,6,1,0,0,0,0,0.0,16.12999999999988,0.9852284425477754,1.016025605031164,3,0.5
C-31725,Active,Northgate,45-59,English,No fixed abode,4,2023-10-18,,809.59,2023,10,26,0,1,1,6,4873.63,812.2716666666666,778.77,842.72,25.636577319655345,6,1,0,0,0,0,0.0,75.12999999999988,1.0033123762233558,1.0409219481465928,0,0.0
C-31726,Active,Weybridge,75+,English,Resident with family,1,2021-07-14,,508.12,2021,7,53,2,3,0,6,3067.05,511.175,487.41,531.82,17.974912239006883,6,1,0,0,0,0,0.0,55.42999999999995,1.0060123592852082,1.0466425253877039,0,0.0
C-31727,Active,Calder Central,75+,English,Resident with family,2,2022-01-23,,809.43,2022,1,47,1,21,0,6,4846.14,807.69,770.9,839.39,25.44035534343031,6,1,0,0,0,0,0.0,52.30000000000018,0.9978503391275343,1.0370137009994689,0,0.0
C-31728,Active,Calder Central,45-59,English,Social tenancy,1,2024-09-04,,689.26,2024,9,15,0,22,0,6,3909.0,651.5,538.89,709.1,61.19042964385857,6,1,0,0,0,0,0.0,33.84000000000003,0.9452166091170241,1.028784493514784,0,0.0
C-31729,Active,Ash Hill,45-59,Spanish,No fixed abode,1,2023-03-30,,699.88,2023,3,33,3,17,2,6,3766.69,627.7816666666666,502.52,732.72,113.24496340529527,6,1,0,0,0,0,0.0,91.72000000000003,0.8969847211902993,1.0469223295422072,2,0.3333333333333333
C-31730,Active,Calder Central,60-74,English,Owner-occupier,2,2024-02-19,,855.97,2024,2,22,0,6,0,6,5172.49,862.0816666666666,816.74,903.19,36.214047780753056,6,1,0,0,0,0,0.0,108.42999999999995,1.0071400477431063,1.0551654847716625,0,0.0
C-31731,Active,Calder Central,18-29,English,No fixed abode,4,2024-08-02,,889.14,2024,8,16,3,7,2,6,5102.63,850.4383333333334,647.26,940.88,104.51718660902938,6,1,0,0,0,0,0.0,66.5,0.9564729213997046,1.0581910610252603,3,0.5
C-31732,Active,Weybridge,30-44,Other,No fixed abode,5,2025-05-22,,1490.81,2025,5,7,4,21,2,6,8881.54,1480.256666666667,1406.74,1548.61,62.30856688021859,6,1,0,0,0,0,0.0,129.98000000000025,0.9929210742258684,1.038770869527304,2,0.3333333333333333
C-31733,Active,Calder Central,30-44,English,Resident with family,4,2024-09-05,,1337.27,2024,9,15,0,21,0,6,8187.92,1364.6533333333334,1273.7,1406.82,51.93056697809745,6,1,0,0,0,0,0.0,232.86000000000013,1.0204770415348683,1.0520089435940385,0,0.0
C-31734,Suspended,Northgate,30-44,English,Owner-occupier,1,2024-11-09,,526.66,2024,11,13,1,4,1,6,3160.2000000000003,526.7,503.18,554.96,19.634594979270673,6,1,0,0,0,0,0.0,49.11000000000024,1.0000759503284853,1.0537348574032583,2,0.3333333333333333
C-31735,Active,Northgate,60-74,English,Resident with family,2,2021-11-21,,679.17,2021,11,49,0,0,1,6,4069.4700000000003,678.245,642.97,704.7,21.998167878257508,6,1,0,0,0,0,0.0,43.81000000000017,0.9986380434942651,1.0375899995582845,3,0.5
C-31736,Active,Weybridge,60-74,English,No fixed abode,3,2023-03-01,,957.6,2023,3,33,2,0,0,6,5613.97,935.6616666666667,803.67,999.49,71.90312633444161,6,1,0,0,0,0,0.0,82.71999999999991,0.9770902951824004,1.0437447786131997,0,0.0
C-31737,Active,Calder Central,18-29,Spanish,Social tenancy,1,2023-10-05,,541.36,2023,10,26,6,7,0,6,3232.23,538.705,525.52,563.91,13.885011703272,6,1,0,0,0,0,0.0,22.549999999999955,0.9950956849416285,1.0416543520023642,0,0.0
C-31738,Active,Weybridge,45-59,English,Owner-occupier,2,2023-04-20,,803.49,2023,4,32,4,11,3,6,4793.82,798.9699999999999,768.17,842.11,30.384936399472693,6,1,0,0,0,0,0.0,62.75999999999999,0.9943745410646057,1.0480653150630375,2,0.3333333333333333
C-31739,Active,Weybridge,45-59,Other,Resident with family,1,2021-07-09,,678.69,2021,7,53,4,18,2,6,3770.22,628.37,463.88,673.65,81.92217209034436,6,1,0,0,0,0,0.0,0.0,0.9258571660109917,0.9925739291871104,3,0.5
C-31740,Active,Northgate,60-74,English,Resident with family,1,2021-10-07,,567.14,2021,10,50,0,13,1,6,3427.18,571.1966666666666,556.06,594.58,14.389410921461174,6,1,0,0,0,0,0.0,44.950000000000045,1.0071528487968873,1.048383115280178,1,0.16666666666666666
C-31741,Active,Weybridge,18-29,English,Resident with family,3,2022-02-13,,781.49,2022,2,46,3,12,0,6,4688.9400000000005,781.4900000000001,781.49,781.49,0.0,6,1,0,0,0,0,0.0,0.0,1.0,1.0,0,0.0
C-31742,Active,Calder Central,60-74,English,Resident with family,3,2022-07-27,,903.04,2022,7,41,2,9,2,6,5349.29,891.5483333333333,852.28,937.59,36.02398668480029,6,1,0,0,0,0,0.0,60.770000000000095,0.9872744655090951,1.0382596562721476,1,0.16666666666666666
C-31743,Active,Calder Central,45-59,English,Owner-occupier,2,2024-01-10,,599.86,2024,1,23,0,9,2,6,3554.79,592.465,570.14,609.45,14.954089407249064,6,1,0,0,0,0,0.0,15.409999999999968,0.9876721234954823,1.0159870636481847,0,0.0
C-31744,Active,Calder Central,18-29,English,Owner-occupier,2,2024-04-07,,674.79,2024,4,20,1,18,1,6,4046.45,674.4083333333333,654.26,714.9,27.22757089177561,6,1,0,0,0,0,0.0,68.44000000000005,0.9994343919342809,1.0594407148890765,2,0.3333333333333333
C-31745,Active,Ash Hill,30-44,English,Social tenancy,1,2024-06-21,,502.41,2024,6,18,1,10,2,6,2981.6499999999996,496.9416666666666,480.33,525.18,18.741006821050625,6,1,0,0,0,0,0.0,36.399999999999864,0.9891157952004669,1.045321550128381,3,0.5
C-31746,Active,Calder Central,60-74,English,Resident with family,4,2021-05-30,,1161.78,2021,5,55,2,20,2,6,6877.15,1146.1916666666666,1103.54,1188.52,30.008508404562036,6,1,0,0,0,0,0.0,27.720000000000027,0.9865823707299719,1.0230164058599736,1,0.16666666666666666
C-31747,Closed,Calder Central,18-29,English,Owner-occupier,1,2022-11-03,2025-11,708.33,2022,11,37,0,13,0,5,3429.01,685.802,668.92,701.34,11.918192816027132,5,1,0,0,0,0,0.0,0.0,0.9681956150381884,0.9901317182669095,0,0.0
C-31748,Active,Calder Central,45-59,English,Resident with family,2,2022-12-16,,895.37,2022,12,36,0,21,2,6,5326.05,887.6750000000001,851.11,922.8,25.794968307792097,6,1,0,0,0,0,0.0,36.62999999999988,0.991405787551515,1.030635379787127,3,0.5
C-31749,Active,Northgate,45-59,Spanish,No fixed abode,5,2021-01-21,,1477.15,2021,1,59,5,14,0,6,8776.43,1462.7383333333335,1390.82,1565.2,79.50547714885224,6,1,0,0,0,0,0.0,160.67999999999984,0.9902435997246951,1.0596080289747147,0,0.0
C-31750,Active,Weybridge,45-59,English,No fixed abode,3,2025-02-10,,930.18,2025,2,10,2,8,0,6,5528.63,921.4383333333334,890.29,955.96,22.08826875666508,6,1,0,0,0,0,0.0,30.050000000000182,0.990602177356354,1.0277150659012235,0,0.0
C-31751,Active,Calder Central,75+,English,Social tenancy,6,2023-05-11,,1476.64,2023,5,31,2,11,0,6,8795.24,1465.8733333333332,1329.33,1546.95,79.85817895911902,6,1,0,0,0,0,0.0,135.91999999999985,0.9927086719398995,1.0476148553472748,0,0.0
C-31752,Active,Weybridge,45-59,English,No fixed abode,3,2024-05-13,,1165.09,2024,5,19,0,1,1,6,6790.52,1131.7533333333333,816.76,1231.74,157.74235977272136,6,1,0,0,0,0,0.0,168.5700000000004,0.9713870459220605,1.0572058810907312,2,0.3333333333333333
C-31753,Active,Northgate,75+,English,No fixed abode,4,2023-03-13,,1196.89,2023,3,33,2,16,0,6,7204.13,1200.6883333333333,1128.58,1263.39,59.41511505220427,6,1,0,0,0,0,0.0,158.30999999999972,1.0031735024382635,1.0555606613807451,0,0.0
C-31754,Active,Weybridge,45-59,English,Social tenancy,3,2024-10-09,,864.97,2024,10,14,2,8,1,6,5062.88,843.8133333333334,738.77,902.54,60.607959433284556,6,1,0,0,0,0,0.0,71.32999999999993,0.9755405775152125,1.0434350324288704,1,0.16666666666666666
C-31755,Active,Weybridge,30-44,English,Private tenancy,2,2023-01-23,,989.69,2023,1,35,4,14,0,6,5632.74,938.79,790.36,1027.2,80.69785523791823,6,1,0,0,0,0,0.0,37.50999999999999,0.9485697541654456,1.037900756802635,0,0.0
C-31756,Suspended,Weybridge,60-74,English,Resident with family,2,2024-12-01,,969.29,2024,12,12,3,0,0,6,5761.17,960.195,913.82,1015.25,41.57450985880648,6,1,0,0,0,0,0.0,75.7700000000001,0.9906168432564043,1.0474161499654386,0,0.0
C-31757,Active,Northgate,45-59,English,No fixed abode,1,2022-02-01,,589.06,2022,2,46,1,9,1,6,3443.86,573.9766666666667,462.98,616.4,58.70466716255758,6,1,0,0,0,0,0.0,69.87000000000012,0.9743942326192013,1.0464129290734392,1,0.16666666666666666
C-31758,Active,Weybridge,30-44,English,Social tenancy,2,2025-06-30,,794.5,2025,6,6,3,10,0,6,4448.22,741.37,634.96,841.36,78.20301426415739,6,1,0,0,0,0,0.0,48.139999999999986,0.9331277533039648,1.058980490874764,0,0.0
C-31759,Active,Ash Hill,45-59,English,No fixed abode,1,2022-12-16,,699.92,2022,12,36,0,9,0,6,4347.17,724.5283333333333,681.18,741.61,22.96134614230332,6,1,0,0,0,0,0.0,166.3900000000002,1.0351587800510533,1.0595639501657332,0,0.0
C-31760,Active,Calder Central,60-74,English,Owner-occupier,1,2023-09-25,,558.37,2023,9,27,0,14,0,6,3227.1600000000003,537.86,468.7,590.84,50.47790051101572,6,1,0,0,0,0,0.0,64.08000000000004,0.9632680838870283,1.0581514049823595,0,0.0
C-31761,Suspended,Calder Central,60-74,English,Private tenancy,1,2021-09-17,,388.92,2021,9,51,1,8,0,6,2335.14,389.19,379.35,397.26,7.5306546860150085,6,1,0,0,0,0,0.0,19.339999999999975,1.0006942301758717,1.021443998765813,0,0.0
C-31762,Suspended,Weybridge,60-74,English,Owner-occupier,1,2024-02-13,,470.3,2024,2,22,2,5,0,6,2760.01,460.0016666666667,444.76,476.85,12.640682602876591,6,1,0,0,0,0,0.0,9.29000000000002,0.978102629527252,1.0139272804592814,0,0.0
C-31763,Active,Northgate,18-29,English,Social tenancy,3,2024-04-11,,980.13,2024,4,20,2,2,1,6,5499.5,916.5833333333334,760.75,1009.72,101.85930721670292,6,1,0,0,0,0,0.0,33.00999999999999,0.9351650631378831,1.0301898727719792,2,0.3333333333333333
C-31764,Active,Northgate,75+,Spanish,No fixed abode,3,2025-06-19,,748.8,2025,6,6,5,17,5,6,4542.16,757.0266666666666,741.53,781.41,17.56847024264397,6,1,0,0,0,0,0.0,69.56000000000006,1.0109864672364672,1.0435496794871795,3,0.5
C-31765,Active,Ash Hill,75+,English,No fixed abode,3,2021-11-10,,1057.49,2021,11,49,1,23,1,6,6564.92,1094.1533333333334,1055.28,1113.85,21.568654725472953,6,1,0,0,0,0,0.0,222.19000000000005,1.0346701466050112,1.053296012255435,1,0.16666666666666666
C-31766,Active,Calder Central,45-59,English,Resident with family,1,2023-01-09,,550.51,2023,1,35,2,15,1,6,3257.44,542.9066666666666,531.6,567.11,13.001534781196657,6,1,0,0,0,0,0.0,16.600000000000023,0.9861885645431813,1.030153857332292,2,0.3333333333333333
C-31767,Active,Calder Central,45-59,English,Resident with family,1,2024-06-14,,612.07,2024,6,18,3,10,1,6,3686.34,614.39,592.12,632.47,15.809094850749698,6,1,0,0,0,0,0.0,43.26999999999987,1.0037904161288742,1.0333295211332036,1,0.16666666666666666
C-31768,Active,Calder Central,30-44,English,Owner-occupier,4,2025-01-15,,751.39,2025,1,11,0,11,1,6,4435.78,739.2966666666666,606.55,788.95,69.60655534263043,6,1,0,0,0,0,0.0,103.2600000000001,0.9839053842434243,1.0499873567654614,2,0.3333333333333333
C-31769,Active,Weybridge,45-59,English,Private tenancy,3,2023-04-26,,1238.73,2023,4,32,2,8,1,6,7041.870000000001,1173.6450000000002,929.82,1270.19,123.10355197962394,6,1,0,0,0,0,0.0,31.460000000000036,0.94745828388753,1.025396979164144,2,0.3333333333333333
C-31770,Active,Northgate,45-59,Spanish,Owner-occupier,2,2025-01-29,,523.32,2025,1,11,4,7,2,6,2845.38,474.23,366.1,550.16,81.91472199794129,6,1,0,0,0,0,0.0,47.6099999999999,0.9061950622945806,1.051287930902698,1,0.16666666666666666
C-31771,Active,Calder Central,45-59,English,Private tenancy,6,2025-03-06,,1569.47,2025,3,9,3,3,3,6,9314.76,1552.46,1482.57,1616.24,57.887296706617796,6,1,0,0,0,0,0.0,102.1400000000001,0.9891619463895456,1.0297998687455001,1,0.16666666666666666
C-31772,Closed,Ash Hill,30-44,English,Owner-occupier,1,2025-05-20,2025-09,487.91,2025,5,7,3,20,1,3,1497.33,499.10999999999996,489.98,514.33,13.268259117156273,3,1,0,0,0,0,0.0,33.599999999999966,1.0229550531860383,1.0541493308192085,1,0.3333333333333333
C-31773,Active,Weybridge,45-59,English,Resident with family,3,2022-06-11,,634.74,2022,6,42,0,15,1,6,3668.19,611.365,528.24,670.36,47.580776685548145,6,1,0,0,0,0,0.0,41.51999999999998,0.9631738979739736,1.0561174654189116,1,0.16666666666666666
C-31774,Active,Northgate,60-74,English,Resident with family,2,2021-04-09,,674.38,2021,4,56,1,0,0,6,4004.56,667.4266666666666,639.37,695.65,19.35850269692021,6,1,0,0,0,0,0.0,22.970000000000027,0.9896892948584872,1.0315400812598239,0,0.0
C-31775,Active,Weybridge,60-74,English,Private tenancy,1,2024-02-08,,569.78,2024,2,22,3,4,1,6,3205.4300000000003,534.2383333333333,436.98,587.99,60.3592728308308,6,1,0,0,0,0,0.0,32.250000000000114,0.9376221231586461,1.0319597037453052,1,0.16666666666666666
C-31776,Active,Calder Central,18-29,English,Owner-occupier,3,2025-02-11,,962.38,2025,2,10,2,14,1,6,5624.0,937.3333333333334,762.74,1010.47,88.62288748775151,6,1,0,0,0,0,0.0,72.79000000000008,0.9739742444079608,1.0499698663729504,3,0.5
C-31777,Active,Calder Central,45-59,English,Private tenancy,1,2024-06-06,,670.13,2024,6,18,3,14,0,6,4062.56,677.0933333333334,655.09,706.8,17.206656463899836,6,1,0,0,0,0,0.0,58.76999999999998,1.0103910186580711,1.0547207258293165,0,0.0
C-31778,Active,Northgate,60-74,Spanish,Social tenancy,2,2025-08-18,,805.9,2025,8,4,6,11,1,6,4812.98,802.1633333333333,758.86,854.17,36.43287288516605,6,1,0,0,0,0,0.0,79.82000000000005,0.9953633618728545,1.0598957687057948,1,0.16666666666666666
C-31779,Active,Weybridge,18-29,Spanish,Private tenancy,3,2024-03-16,,801.39,2024,3,21,4,22,2,6,4900.2300000000005,816.705,778.87,840.47,20.775266785290647,6,1,0,0,0,0,0.0,114.4100000000002,1.01911054542732,1.0487652703427794,1,0.16666666666666666
C-31780,Active,Northgate,30-44,Other,No fixed abode,4,2021-10-18,,1414.64,2021,10,50,6,8,1,6,8517.34,1419.5566666666666,1346.02,1489.82,69.40380671596245,6,1,0,0,0,0,0.0,202.91999999999962,1.0034755603310146,1.0531442628513261,1,0.16666666666666666
C-31781,Active,Calder Central,60-74,English,Resident with family,1,2021-07-08,,721.37,2021,7,53,1,7,2,6,4219.41,703.235,551.46,763.32,77.67299472789756,6,1,0,0,0,0,0.0,83.92000000000007,0.9748603351955308,1.0581532362033355,2,0.3333333333333333
C-31782,Active,Weybridge,75+,English,Social tenancy,1,2025-03-23,,637.23,2025,3,9,4,5,1,6,3864.21,644.035,604.82,669.95,26.5637051256032,6,1,0,0,0,0,0.0,89.64999999999998,1.0106790326883541,1.0513472372612715,1,0.16666666666666666
C-31783,Suspended,Northgate,18-29,Other,Resident with family,1,2022-12-15,,392.48,2022,12,36,4,21,1,6,2301.85,383.64166666666665,291.23,414.1,47.071509606838255,6,1,0,0,0,0,0.0,62.64999999999992,0.9774808058160076,1.0550856094578067,1,0.16666666666666666
C-31784,Active,Calder Central,30-44,English,No fixed abode,4,2025-02-17,,725.03,2025,2,10,0,16,0,6,4210.95,701.8249999999999,602.04,756.29,55.91655953293263,6,1,0,0,0,0,0.0,59.35000000000002,0.9679944278167801,1.0431154572914225,0,0.0
C-31785,Active,Northgate,30-44,English,Owner-occupier,3,2022-12-31,,937.18,2022,12,36,3,8,0,6,5404.72,900.7866666666667,737.38,974.46,88.8364690128253,6,1,0,0,0,0,0.0,82.1600000000002,0.9611671895117979,1.0397789112016902,0,0.0
C-31786,Closed,Calder Central,18-29,English,No fixed abode,2,2022-09-19,2025-07,593.68,2022,9,39,2,7,2,1,595.54,595.54,595.54,595.54,0.0,1,1,0,0,0,0,0.0,1.8600000000000136,1.003133000943269,1.003133000943269,0,0.0
C-31787,Active,Calder Central,60-74,Spanish,No fixed abode,3,2023-08-20,,691.88,2023,8,28,3,6,1,6,3932.13,655.355,561.54,713.29,51.01567749231601,6,1,0,0,0,0,0.0,21.409999999999968,0.9472090535931086,1.0309446724865583,3,0.5
C-31788,Active,Northgate,30-44,Other,Resident with family,2,2022-03-12,,679.22,2022,3,45,5,13,2,6,4032.3599999999997,672.06,640.05,697.67,23.251785307799558,6,1,0,0,0,0,0.0,32.03999999999985,0.9894584965107033,1.0271635110862458,1,0.16666666666666666
C-31789,Suspended,Calder Central,18-29,English,No fixed abode,3,2022-01-29,,1220.24,2022,1,47,1,8,2,6,7163.42,1193.9033333333334,1008.99,1283.21,102.85190803610146,6,1,0,0,0,0,0.0,148.2700000000002,0.9784168141786317,1.0516046023733037,1,0.16666666666666666
C-31790,Active,Northgate,30-44,Spanish,Private tenancy,4,2024-11-02,,1420.75,2024,11,13,4,9,2,6,8187.42,1364.57,1136.5,1451.11,116.26794433548741,6,1,0,0,0,0,0.0,31.929999999999836,0.9604575048389935,1.0213689952489882,4,0.6666666666666666
C-31791,Active,Northgate,18-29,Spanish,Resident with family,2,2024-11-18,,796.83,2024,11,13,9,14,3,7,5521.34,788.7628571428571,754.44,837.14,32.27755552200613,6,2,1,1,0,0,0.0,73.00999999999988,0.989875954899862,1.050587954770779,4,0.5714285714285714
C-31792,Active,Calder Central,60-74,Other,Resident with family,5,2023-05-23,,1580.16,2023,5,31,6,9,2,6,8833.22,1472.2033333333331,1122.05,1633.8,180.65514879644778,6,1,0,0,0,0,0.0,57.0799999999997,0.9316799142702848,1.033945929526124,1,0.16666666666666666
C-31793,Active,Northgate,30-44,English,Resident with family,1,2022-04-09,,645.42,2022,4,44,3,2,0,6,3783.04,630.5066666666667,522.52,671.56,54.08512537349495,6,1,0,0,0,0,0.0,42.23000000000002,0.9768935990001343,1.0405007591955626,0,0.0
C-31794,Active,Northgate,60-74,English,No fixed abode,2,2024-01-14,,529.79,2024,1,23,1,5,0,6,2966.44,494.4066666666667,372.46,534.39,61.69641275363314,6,1,0,0,0,0,0.0,4.790000000000077,0.9332125307511783,1.0086826855924045,0,0.0
C-31795,Active,Northgate,30-44,English,No fixed abode,1,2023-11-06,,752.86,2023,11,25,0,2,1,6,4429.11,738.185,717.35,770.62,21.44392757868766,6,1,0,0,0,0,0.0,17.75999999999999,0.9805076641075366,1.0235900433015435,2,0.3333333333333333
C-31796,Active,Weybridge,60-74,Spanish,Owner-occupier,2,2024-02-17,,608.21,2024,2,22,3,1,2,6,3415.1099999999997,569.185,474.93,642.55,70.35268516552864,6,1,0,0,0,0,0.0,65.39999999999986,0.9358363065388599,1.0564607619078936,3,0.5
C-31797,Active,Calder Central,30-44,English,Social tenancy,4,2024-05-29,,1363.64,2024,5,19,2,10,0,6,7975.33,1329.2216666666666,963.05,1440.04,183.72008920275076,6,1,0,0,0,0,0.0,214.92999999999938,0.9747599561956722,1.0560265172626204,0,0.0
C-31798,Active,Ash Hill,45-59,English,No fixed abode,2,2024-12-10,,760.2,2024,12,12,3,21,0,6,4563.42,760.57,718.87,790.14,24.700141699998404,6,1,0,0,0,0,0.0,55.419999999999845,1.0004867140226257,1.0393843725335437,0,0.0
C-31799,Active,Calder Central,75+,English,Resident with family,2,2024-03-17,,605.29,2024,3,21,2,14,0,6,3546.9700000000003,591.1616666666667,472.1,637.48,64.58611009084434,6,1,0,0,0,0,0.0,95.05000000000007,0.9766585713735014,1.053181119793818,0,0.0
C-31800,Active,Ash Hill,60-74,English,No fixed abode,3,2021-10-09,,835.18,2021,10,50,3,9,2,6,5011.08,835.18,835.18,835.18,0.0,6,1,0,0,0,0,0.0,0.0,1.0,1.0,0,0.0
C-31801,Active,Weybridge,18-29,English,Resident with family,1,2023-10-05,,510.36,2023,10,26,1,8,0,6,3030.0,505.0,431.59,540.31,40.836345575969446,6,1,0,0,0,0,0.0,73.3599999999999,0.9894976095305275,1.0586840661493846,0,0.0
C-31802,Active,Calder Central,60-74,English,Resident with family,2,2022-07-18,,820.04,2022,7,41,4,4,1,6,8644.92,1440.82,1223.67,1563.15,125.67608332534874,6,1,0,0,0,0,0.0,3724.6800000000003,1.7570118530803376,1.906187503048632,3,0.5
C-31803,Active,Calder Central,18-29,English,Resident with family,4,2024-05-16,,1120.41,2024,5,19,4,12,0,6,6429.94,1071.6566666666665,811.4,1144.27,129.769158071811,6,1,0,0,0,0,0.0,66.87999999999965,0.9564861672661494,1.0212957756535552,0,0.0
C-31804,Active,Weybridge,45-59,English,No fixed abode,1,2022-06-23,,726.18,2022,6,42,4,21,4,6,4357.08,726.18,726.18,726.18,0.0,6,1,0,0,0,0,0.0,0.0,1.0,1.0,2,0.3333333333333333
C-31805,Active,Calder Central,18-29,English,Owner-occupier,2,2021-04-25,,978.06,2021,4,56,2,4,0,6,5667.54,944.59,758.28,1028.12,102.21017561867309,6,1,0,0,0,0,0.0,122.90000000000009,0.9657791955503754,1.0511829540110014,0,0.0
C-31806,Suspended,Weybridge,75+,Other,Resident with family,2,2021-08-24,,876.18,2021,8,52,4,10,1,6,5110.35,851.725,831.19,883.78,22.365190587160196,6,1,0,0,0,0,0.0,7.600000000000023,0.9720890684562534,1.0086740167545483,3,0.5
C-31807,Active,Northgate,60-74,English,Social tenancy,2,2023-05-09,,648.6,2023,5,31,2,3,1,6,3916.61,652.7683333333333,631.6,685.74,19.58157135335841,6,1,0,0,0,0,0.0,54.57999999999993,1.0064266625552472,1.0572617946345975,1,0.16666666666666666
C-31808,Closed,Weybridge,75+,English,Private tenancy,3,2023-12-27,2025-08,884.56,2023,12,24,6,23,0,6,5377.09,896.1816666666667,852.87,922.52,26.442620457637428,6,1,0,0,4,1,3582.25,106.68000000000018,1.0131383588073921,1.0429139911368364,0,0.0
C-31809,Active,Ash Hill,30-44,English,No fixed abode,1,2025-02-02,,647.89,2025,2,10,1,15,0,6,3862.77,643.795,614.45,675.36,19.652950669047122,6,1,0,0,0,0,0.0,27.470000000000027,0.9936794826282239,1.0423991726990693,0,0.0
C-31810,Active,Ash Hill,45-59,English,Owner-occupier,1,2021-09-09,,601.99,2021,9,51,5,21,0,6,3527.06,587.8433333333334,568.81,620.92,23.776692508981697,6,1,0,0,0,0,0.0,32.45999999999992,0.9765001633471209,1.0314457050781574,0,0.0
C-31811,Active,Northgate,18-29,English,No fixed abode,4,2023-07-21,,1387.56,2023,7,29,3,18,1,6,8231.630000000001,1371.9383333333335,1307.91,1435.61,41.75728650986146,6,1,0,0,0,0,0.0,48.47000000000003,0.9887416279896605,1.0346291331546023,2,0.3333333333333333
C-31812,Active,Calder Central,45-59,English,Owner-occupier,1,2024-09-20,,381.29,2024,9,15,1,12,0,6,2331.97,388.66166666666663,369.75,403.21,14.735670214369847,6,1,0,0,0,0,0.0,63.219999999999914,1.0193334906938725,1.0574890503291456,0,0.0
C-31813,Active,Calder Central,30-44,English,Owner-occupier,1,2025-03-24,,661.28,2025,3,9,3,13,2,6,3959.3999999999996,659.9,628.82,699.65,24.620400484151286,6,1,0,0,0,0,0.0,51.73000000000002,0.9979131381563029,1.0580238325671425,2,0.3333333333333333
C-31814,Active,Weybridge,45-59,English,Owner-occupier,1,2021-11-28,,687.65,2021,11,49,0,5,0,6,4129.68,688.2800000000001,657.23,712.9,20.776126684249867,6,1,0,0,0,0,0.0,50.460000000000036,1.0009161637460917,1.0367192612520904,0,0.0
C-31815,Active,Calder Central,45-59,English,Social tenancy,2,2025-06-17,,620.33,2025,6,6,2,9,1,6,3534.04,589.0066666666667,451.75,635.19,69.07174550180902,6,1,0,0,0,0,0.0,26.209999999999923,0.9495053707972637,1.0239549916979673,1,0.16666666666666666
C-31816,Active,Ash Hill,30-44,English,No fixed abode,2,2024-05-18,,652.02,2024,5,19,4,5,0,6,3694.09,615.6816666666667,467.75,665.94,74.4016584268568,6,1,0,0,0,0,0.0,19.920000000000073,0.9442680694866211,1.0213490383730561,0,0.0
C-31817,Closed,Ash Hill,30-44,English,Owner-occupier,1,2021-04-23,2025-09,713.49,2021,4,56,0,17,0,3,2068.9,689.6333333333333,671.62,721.87,27.9820126748119,3,1,0,0,0,0,0.0,8.379999999999995,0.9665634183146691,1.0117450840236022,0,0.0
C-31818,Active,Calder Central,45-59,English,Resident with family,3,2022-11-24,,1142.25,2022,11,37,0,22,1,6,6402.9,1067.1499999999999,846.26,1147.58,112.30600197674207,6,1,0,0,0,0,0.0,6.539999999999964,0.9342525716787042,1.0046662289341213,3,0.5
C-31819,Active,Weybridge,30-44,Other,Social tenancy,2,2025-08-16,,503.53,2025,8,4,5,16,4,7,3352.59,478.9414285714286,440.89,507.99,28.563382402749767,6,2,1,1,0,0,0.0,6.930000000000064,0.9511676137895033,1.0088574662880068,1,0.14285714285714285
C-31820,Active,Northgate,75+,English,Resident with family,1,2024-05-17,,480.28,2024,5,19,3,16,0,6,2920.7400000000002,486.79,463.16,506.73,15.657729081830494,6,1,0,0,0,0,0.0,59.19000000000017,1.0135545931539935,1.0550720413092365,0,0.0
C-31821,Active,Calder Central,45-59,English,Resident with family,2,2024-07-29,,757.3,2024,7,17,3,5,1,6,4662.64,777.1066666666667,743.29,800.32,22.37762870964366,6,1,0,0,0,0,0.0,132.85000000000036,1.026154320172543,1.0568070777763108,1,0.16666666666666666
C-31822,Active,Calder Central,60-74,Other,Social tenancy,3,2021-10-19,,1074.11,2021,10,50,6,12,1,6,6093.37,1015.5616666666666,768.38,1097.57,123.2981757231901,6,1,0,0,0,0,0.0,31.690000000000055,0.9454913059804553,1.021841338410405,3,0.5
C-31823,Active,Weybridge,30-44,English,No fixed abode,2,2022-12-04,,780.21,2022,12,36,4,2,1,6,4434.72,739.12,603.92,794.69,68.32211091586679,6,1,0,0,0,0,0.0,14.480000000000018,0.9473346919419131,1.0185591058817498,2,0.3333333333333333
C-31824,Active,Weybridge,30-44,Other,Owner-occupier,2,2022-03-18,,713.59,2022,3,45,2,19,3,6,4240.360000000001,706.7266666666668,678.84,735.79,22.851074081247603,6,1,0,0,0,0,0.0,33.069999999999936,0.9903819653676015,1.0311103014335963,1,0.16666666666666666
C-31825,Active,Ash Hill,75+,English,Resident with family,5,2023-08-19,,896.44,2023,8,28,0,23,1,6,5296.9800000000005,882.83,854.74,939.5,31.56915709992899,6,1,0,0,0,0,0.0,43.059999999999945,0.9848177234393823,1.0480344473695953,1,0.16666666666666666
C-31826,Active,Northgate,30-44,English,Social tenancy,1,2021-04-14,,531.73,2021,4,56,0,4,1,6,3046.7200000000003,507.7866666666667,428.61,554.44,42.919651287803674,6,1,0,0,0,0,0.0,26.00999999999999,0.9549708812116425,1.0427096458729055,2,0.3333333333333333
C-31827,Active,Northgate,18-29,English,No fixed abode,3,2024-10-23,,1118.61,2024,10,14,4,15,1,6,6600.57,1100.095,1070.24,1125.11,22.067732778878803,6,1,0,0,0,0,0.0,9.8900000000001,0.9834482080439116,1.0058107830253618,2,0.3333333333333333
C-31828,Active,Weybridge,30-44,English,No fixed abode,5,2025-02-14,,1301.83,2025,2,10,3,15,0,6,7481.51,1246.9183333333333,947.44,1341.9,150.1022276206008,6,1,0,0,0,0,0.0,87.57000000000016,0.957819633387872,1.0307797485078698,0,0.0
C-31829,Active,Calder Central,18-29,English,Resident with family,2,2025-06-23,,684.52,2025,6,6,1,18,1,6,4122.27,687.0450000000001,649.65,720.51,25.20580310166689,6,1,0,0,0,0,0.0,66.5,1.0036887161806813,1.0525769882545433,2,0.3333333333333333
C-31830,Suspended,Weybridge,60-74,Spanish,Social tenancy,3,2022-09-14,,936.93,2022,9,39,4,10,2,6,5452.41,908.735,719.31,991.95,98.57968548336925,6,1,0,0,0,0,0.0,97.94000000000017,0.969907036811715,1.0587237040120394,1,0.16666666666666666
C-31831,Active,Calder Central,45-59,English,Private tenancy,3,2023-03-07,,612.68,2023,3,33,3,21,2,6,3708.5,618.0833333333334,581.44,640.05,22.184071462801107,6,1,0,0,0,0,0.0,70.70000000000016,1.0088191769493593,1.0446725860155384,3,0.5
C-31832,Active,Calder Central,18-29,Other,Social tenancy,4,2021-10-19,,715.45,2021,10,50,3,8,3,6,4343.3099999999995,723.8849999999999,688.42,750.32,23.408846831913824,6,1,0,0,0,0,0.0,80.42999999999984,1.0117897826542734,1.04873855615347,1,0.16666666666666666
C-31833,Active,Calder Central,30-44,English,Private tenancy,1,2025-03-13,,747.12,2025,3,9,2,9,2,6,4475.35,745.8916666666668,718.69,784.83,28.338144199412003,6,1,0,0,0,0,0.0,68.44000000000005,0.998355908912446,1.0504738194667524,2,0.3333333333333333
C-31834,Active,Calder Central,60-74,English,Private tenancy,3,2022-04-27,,1054.55,2022,4,44,5,19,1,6,6187.85,1031.3083333333334,993.59,1101.34,46.0171004808719,6,1,0,0,0,0,0.0,66.72000000000003,0.977960583503232,1.0443696363377744,1,0.16666666666666666
C-31835,Active,Calder Central,45-59,Spanish,Social tenancy,4,2023-05-05,,1371.22,2023,5,31,5,7,2,6,8208.52,1368.0866666666668,1306.41,1438.73,50.70293982272301,6,1,0,0,0,0,0.0,111.33999999999992,0.9977149302567544,1.0492335292659092,2,0.3333333333333333
C-31836,Active,Northgate,45-59,English,No fixed abode,1,2022-02-01,,683.42,2022,2,46,2,14,2,6,4131.02,688.5033333333334,647.88,713.55,25.4142217403301,6,1,0,0,0,0,0.0,81.10000000000025,1.0074380810238701,1.0440870913932867,2,0.3333333333333333
C-31837,Active,Calder Central,18-29,English,Private tenancy,1,2025-06-08,,424.6,2025,6,6,4,16,0,7,2987.21,426.7442857142857,402.37,442.51,13.105908155157667,6,2,1,1,0,0,0.0,41.159999999999854,1.0050501312159343,1.0421808761187,0,0.0
C-31838,Active,Northgate,30-44,English,No fixed abode,1,2021-04-19,,512.09,2021,4,56,1,4,1,6,3087.33,514.555,490.62,540.12,18.628863357703814,6,1,0,0,0,0,0.0,53.51999999999987,1.0048136069831475,1.0547364721045127,1,0.16666666666666666
C-31839,Active,Weybridge,30-44,Spanish,No fixed abode,1,2022-01-09,,435.25,2022,1,47,4,10,1,6,2617.91,436.3183333333333,415.23,455.83,17.641710140081827,6,1,0,0,0,0,0.0,49.389999999999986,1.0024545280490138,1.047283170591614,1,0.16666666666666666
C-31840,Active,Calder Central,18-29,English,Social tenancy,1,2024-01-07,,444.41,2024,1,23,3,7,0,6,2689.2799999999997,448.2133333333333,427.28,469.2,16.492749518096343,6,1,0,0,0,0,0.0,54.58999999999986,1.0085581632576524,1.0557818230912894,0,0.0
C-31841,Active,Calder Central,60-74,English,Private tenancy,3,2025-06-24,,655.57,2025,6,6,2,9,0,6,3814.4900000000002,635.7483333333333,544.19,690.52,52.00043054308938,6,1,0,0,0,0,0.0,57.69999999999993,0.9697642255340136,1.0533123846423722,0,0.0
C-31842,Active,Ash Hill,60-74,English,Private tenancy,2,2022-07-29,,798.82,2022,7,41,0,4,1,6,4881.57,813.5949999999999,753.38,833.7,30.060477541117034,6,1,0,0,0,0,0.0,134.0899999999998,1.0184960316466787,1.0436644049973711,0,0.0
C-31843,Active,Calder Central,18-29,English,Resident with family,4,2024-03-19,,1327.8,2024,3,21,2,2,0,6,8012.24,1335.3733333333332,1204.41,1377.57,66.94598798036117,6,1,0,0,0,0,0.0,172.50000000000023,1.0057036702314606,1.0374830546769092,0,0.0
C-31844,Active,Calder Central,60-74,English,Resident with family,4,2021-11-04,,1121.52,2021,11,49,0,1,0,6,6719.06,1119.8433333333335,1064.93,1178.43,43.78749669331038,6,1,0,0,0,0,0.0,104.17000000000007,0.9985050051121099,1.05074363364006,0,0.0
C-31845,Active,Northgate,45-59,English,Owner-occupier,1,2021-08-20,,716.62,2021,8,52,0,20,0,6,4089.11,681.5183333333333,496.74,745.71,91.78041652044661,6,1,0,0,0,0,0.0,33.98000000000002,0.9510177406900914,1.0405933409617372,0,0.0
C-31846,Active,Weybridge,30-44,English,Owner-occupier,2,2024-03-30,,947.09,2024,3,21,1,3,2,6,5427.48,904.5799999999999,741.17,998.91,94.00061914689712,6,1,0,0,0,0,0.0,100.88999999999987,0.9551151421723384,1.0547149690103368,1,0.16666666666666666
C-31847,Active,Northgate,60-74,English,Owner-occupier,5,2024-07-08,,1259.09,2024,7,17,0,9,0,6,7288.85,1214.8083333333334,1004.94,1326.54,111.64507967961084,6,1,0,0,0,0,0.0,86.95000000000005,0.9648304198534922,1.0535704357909284,0,0.0
C-31848,Active,Weybridge,18-29,English,Resident with family,2,2021-09-08,,1016.26,2021,9,51,3,0,1,6,5646.51,941.085,809.93,1059.7,103.61620582708096,6,1,0,0,0,0,0.0,43.440000000000055,0.9260277881644461,1.0427449668391948,4,0.6666666666666666
C-31849,Active,Weybridge,45-59,English,Resident with family,4,2024-08-22,,903.09,2024,8,16,2,16,0,6,5094.37,849.0616666666666,630.75,936.33,111.08215417728746,6,1,0,0,0,0,0.0,50.24000000000001,0.9401739213884183,1.0368069627611867,0,0.0
C-31850,Active,Ash Hill,30-44,English,Resident with family,3,2024-01-23,,1069.32,2024,1,23,1,3,0,6,6563.64,1093.94,1016.17,1126.01,41.18402894326878,6,1,0,0,0,0,0.0,200.87000000000035,1.0230239778550854,1.0530150001870349,0,0.0
C-31851,Suspended,Northgate,45-59,English,Owner-occupier,5,2024-01-28,,1330.96,2024,1,23,2,17,0,6,7894.75,1315.7916666666667,1262.65,1385.53,49.446074633550666,6,1,0,0,0,0,0.0,83.62999999999988,0.9886034641662157,1.0410004808559234,0,0.0
C-31852,Active,Calder Central,30-44,Other,Owner-occupier,4,2024-08-21,,1292.34,2024,8,16,5,12,2,6,7313.79,1218.965,962.89,1286.05,126.42439222713308,6,1,0,0,0,0,0.0,0.0,0.943223145611836,0.9951328597737438,2,0.3333333333333333
C-31853,Closed,Northgate,18-29,English,Social tenancy,1,2022-05-22,2025-08,458.61,2022,5,43,1,9,0,2,962.63,481.315,479.3,483.33,2.849640328181767,2,1,0,0,0,0,0.0,45.40999999999997,1.0495082968099256,1.0539020082422974,0,0.0
C-31854,Suspended,Calder Central,75+,English,Social tenancy,1,2025-04-28,,549.43,2025,4,8,3,23,0,6,3326.2,554.3666666666667,527.43,581.83,19.067757777637805,6,1,0,0,0,0,0.0,59.86000000000024,1.008985069374928,1.0589702054856853,0,0.0
C-31855,Active,Ash Hill,60-74,English,Private tenancy,2,2022-12-28,,961.85,2022,12,36,1,13,1,6,5775.43,962.5716666666667,935.98,1010.23,29.41874260852537,6,1,0,0,0,0,0.0,73.25999999999999,1.0007502902392957,1.0502989031553776,2,0.3333333333333333
C-31856,Active,Northgate,30-44,English,No fixed abode,1,2025-05-26,,544.54,2025,5,7,0,10,2,6,3135.95,522.6583333333333,395.35,575.92,65.62369493305496,6,1,0,0,0,0,0.0,57.25,0.9598162363340311,1.0576266206339295,3,0.5
C-31857,Closed,Ash Hill,45-59,English,Social tenancy,1,2022-11-23,2025-12,528.44,2022,11,37,3,3,1,6,3183.3900000000003,530.565,510.72,556.05,16.336499931135794,6,1,0,0,0,0,0.0,42.919999999999845,1.0040212701536597,1.0522481265611987,1,0.16666666666666666
C-31858,Active,Ash Hill,75+,English,Resident with family,3,2022-08-09,,876.85,2022,8,40,2,13,0,6,4915.0599999999995,819.1766666666666,615.99,902.43,102.25037127886954,6,1,0,0,0,0,0.0,25.579999999999927,0.9342266826329094,1.029172606489137,0,0.0
C-31859,Active,Calder Central,60-74,English,Private tenancy,3,2023-08-15,,809.16,2023,8,28,4,18,2,6,4771.15,795.1916666666666,769.41,845.21,34.61231481231306,6,1,0,0,0,0,0.0,60.260000000000105,0.9827372419134246,1.0445523753027832,2,0.3333333333333333
C-31860,Active,Weybridge,45-59,Other,Social tenancy,1,2021-10-01,,714.48,2021,10,50,7,20,4,6,4286.88,714.48,714.48,714.48,0.0,6,1,0,0,0,0,0.0,0.0,1.0,1.0,1,0.16666666666666666
C-31861,Active,Weybridge,60-74,English,No fixed abode,2,2023-02-19,,914.65,2023,2,34,1,10,2,6,5443.4400000000005,907.2400000000001,861.37,955.73,32.19122861898877,6,1,0,0,0,0,0.0,55.500000000000114,0.9918985404252992,1.044913354835183,3,0.5
C-31862,Active,Northgate,75+,English,Social tenancy,3,2022-06-16,,1013.55,2022,6,42,0,4,0,6,6099.32,1016.5533333333333,959.35,1061.5,35.7193587101821,6,1,0,0,0,0,0.0,93.58000000000015,1.0029631822143292,1.0473089635439792,0,0.0
C-31863,Active,Calder Central,18-29,Spanish,Owner-occupier,4,2021-08-14,,1005.48,2021,8,52,0,11,2,6,5787.86,964.6433333333333,788.03,1035.76,90.63188041007795,6,1,0,0,0,0,0.0,54.669999999999845,0.9593858986089562,1.030114969964594,2,0.3333333333333333
C-31864,Active,Northgate,18-29,English,Social tenancy,4,2025-06-20,,944.92,2025,6,6,1,20,3,6,5433.29,905.5483333333333,896.58,920.49,9.122116896130343,6,1,0,0,0,0,0.0,0.0,0.9583333333333334,0.9741459594463023,2,0.3333333333333333
C-31865,Active,Ash Hill,18-29,Spanish,No fixed abode,2,2023-12-23,,698.13,2023,12,24,5,0,1,6,4152.76,692.1266666666667,659.16,737.24,28.793870644056643,6,1,0,0,0,0,0.0,51.48000000000002,0.9914008374753508,1.056021084898228,3,0.5
C-31866,Active,Ash Hill,45-59,English,Social tenancy,4,2021-07-03,,1398.51,2021,7,53,4,3,3,6,8391.06,1398.51,1398.51,1398.51,0.0,6,1,0,0,0,0,0.0,0.0,1.0,1.0,1,0.16666666666666666
C-31867,Active,Northgate,30-44,English,No fixed abode,3,2024-06-28,,864.48,2024,6,18,2,7,3,6,5161.1,860.1833333333334,751.84,910.37,60.950713750264356,6,1,0,0,0,0,0.0,121.4899999999999,0.9950297674131655,1.0530839348510086,1,0.16666666666666666
C-31868,Active,Ash Hill,45-59,English,Resident with family,1,2024-03-30,,524.41,2024,3,21,2,14,1,6,2996.96,499.49333333333334,396.74,551.75,53.27228159809438,6,1,0,0,0,0,0.0,27.340000000000032,0.9524862861755752,1.0521347800385195,0,0.0
C-31869,Closed,Weybridge,30-44,Other,Private tenancy,2,2022-04-18,2025-11,516.43,2022,4,44,5,4,2,5,2469.73,493.946,417.43,529.96,45.78401828149207,5,1,0,0,0,0,0.0,25.3900000000001,0.9564626377243771,1.0261990976511823,1,0.2
C-31870,Active,Northgate,60-74,English,Social tenancy,3,2021-08-26,,1227.27,2021,8,52,0,3,2,6,6969.75,1161.625,993.64,1289.54,107.90085259162692,6,1,0,0,0,0,0.0,77.3599999999999,0.9465113626178429,1.0507386312710325,0,0.0
C-31871,Suspended,Weybridge,60-74,English,Owner-occupier,4,2022-08-06,,1349.19,2022,8,40,2,8,0,6,7613.62,1268.9366666666667,1061.18,1407.87,144.61857787527387,6,1,0,0,0,0,0.0,92.8299999999997,0.9405173968578678,1.043492762324061,0,0.0
C-31872,Active,Weybridge,30-44,English,Resident with family,1,2023-09-02,,633.0,2023,9,27,2,11,0,6,3850.35,641.725,626.51,655.07,11.757269666040663,6,1,0,0,0,0,0.0,63.39999999999998,1.013783570300158,1.0348657187993682,0,0.0
C-31873,Active,Weybridge,45-59,Other,Private tenancy,1,2024-02-22,,616.6,2024,2,22,5,12,3,6,3509.42,584.9033333333333,451.3,651.35,69.90108659145912,6,1,0,0,0,0,0.0,37.89999999999998,0.9485944426424479,1.0563574440480052,1,0.16666666666666666
C-31874,Active,Weybridge,60-74,English,Owner-occupier,4,2022-06-25,,1257.11,2022,6,42,1,20,1,6,7273.4,1212.2333333333333,928.48,1318.77,148.16579978749033,6,1,0,0,0,0,0.0,154.69000000000028,0.964301718491885,1.0490490092354687,0,0.0
C-31875,Active,Ash Hill,75+,English,Social tenancy,4,2021-11-23,,1327.86,2021,11,49,0,10,0,6,7714.05,1285.675,1054.9,1387.3,139.07305659256937,6,1,0,0,0,0,0.0,173.90000000000055,0.9682308375883001,1.0447637552151583,0,0.0
C-31876,Active,Weybridge,45-59,English,Owner-occupier,1,2022-11-19,,718.89,2022,11,37,3,20,0,6,4261.78,710.2966666666666,682.96,748.79,27.183076107509727,6,1,0,0,0,0,0.0,44.48000000000002,0.9880463863270691,1.0415918986214858,0,0.0
C-31877,Active,Weybridge,45-59,Other,Owner-occupier,1,2024-05-05,,603.21,2024,5,19,5,22,3,6,3577.81,596.3016666666666,569.97,632.74,25.57559963454748,6,1,0,0,0,0,0.0,48.559999999999945,0.9885473826141254,1.0489547587075811,2,0.3333333333333333
C-31878,Active,Northgate,30-44,Spanish,Social tenancy,4,2025-08-24,,926.23,2025,8,4,3,4,1,6,5679.25,946.5416666666666,881.8,975.42,33.57525303950319,6,1,0,0,0,0,0.0,166.29999999999984,1.0219293983855702,1.053107759411809,2,0.3333333333333333
C-31879,Active,Ash Hill,60-74,English,Resident with family,5,2023-12-14,,1604.49,2023,12,24,0,19,0,6,9594.73,1599.1216666666667,1556.41,1699.7,62.181936096157926,6,1,0,0,0,0,0.0,145.1400000000001,0.9966541808715957,1.0593397278886125,0,0.0
C-31880,Active,Calder Central,60-74,English,No fixed abode,6,2021-08-08,,1335.1,2021,8,52,0,13,0,6,7442.52,1240.42,955.13,1374.24,178.7736227747259,6,1,0,0,0,0,0.0,84.77000000000021,0.9290839637480338,1.0293161560931767,0,0.0
C-31881,Active,Weybridge,30-44,English,Owner-occupier,2,2023-12-07,,928.38,2023,12,24,3,19,2,6,5570.28,928.38,928.38,928.38,0.0,6,1,0,0,0,0,0.0,0.0,1.0,1.0,3,0.5
C-31882,Active,Northgate,60-74,English,Resident with family,4,2023-07-03,,1192.18,2023,7,29,3,8,0,6,6965.86,1160.9766666666667,1092.16,1254.99,61.89887968830027,6,1,0,0,0,0,0.0,88.95999999999981,0.973826659285231,1.0526849972319616,0,0.0
C-31883,Active,Calder Central,18-29,English,Social tenancy,4,2024-03-08,,1260.31,2024,3,21,2,22,3,6,7083.55,1180.5916666666667,1014.67,1238.43,82.52419000915238,6,1,0,0,0,0,0.0,0.0,0.9367470437167577,0.9826391919448391,2,0.3333333333333333
C-31884,Active,Northgate,75+,English,Social tenancy,3,2024-06-28,,1073.97,2024,6,18,1,18,0,6,6324.99,1054.165,1009.54,1097.56,35.874438114066656,6,1,0,0,0,0,0.0,42.09999999999991,0.9815590752069424,1.0219652318034953,0,0.0
C-31885,Active,Calder Central,60-74,English,Social tenancy,4,2025-05-13,,1416.07,2025,5,7,1,9,0,6,8084.98,1347.4966666666667,1146.26,1476.41,109.8317833173379,6,1,0,0,0,0,0.0,60.340000000000146,0.9515748986043534,1.0426108878798366,0,0.0
C-31886,Active,Ash Hill,45-59,English,No fixed abode,3,2021-02-12,,1133.85,2021,2,58,0,23,1,6,6194.59,1032.4316666666666,903.71,1114.68,92.9218050656931,6,1,0,0,0,0,0.0,0.0,0.9105540121415238,0.9830930017198043,1,0.16666666666666666
C-31887,Active,Weybridge,45-59,English,Resident with family,2,2021-04-11,,536.22,2021,4,56,5,9,0,6,3146.5,524.4166666666666,419.14,566.53,55.62697786745804,6,1,0,0,0,0,0.0,74.95999999999992,0.9779878905424391,1.056525306777069,0,0.0
C-31888,Active,Weybridge,75+,Spanish,Private tenancy,4,2025-02-02,,1148.71,2025,2,10,4,13,2,6,6955.6900000000005,1159.2816666666668,1083.07,1208.91,51.14119999243928,6,1,0,0,0,0,0.0,161.71000000000004,1.0092030770748637,1.0524066126350429,1,0.16666666666666666
C-31889,Active,Northgate,45-59,English,Resident with family,4,2023-07-27,,1409.59,2023,7,29,5,17,1,6,8457.539999999999,1409.59,1409.59,1409.59,0.0,6,1,0,0,0,0,0.0,0.0,1.0,1.0,3,0.5
C-31890,Active,Weybridge,30-44,Other,Owner-occupier,3,2022-09-13,,857.75,2022,9,39,4,6,5,6,4652.17,775.3616666666667,637.93,885.78,98.69172638406253,6,1,0,0,0,0,0.0,46.389999999999986,0.9039483143884194,1.0326785193821044,2,0.3333333333333333
C-31891,Active,Calder Central,30-44,English,No fixed abode,1,2024-06-29,,440.33,2024,6,18,0,17,2,6,2609.21,434.86833333333334,418.13,459.69,14.280139238350113,6,1,0,0,0,0,0.0,19.360000000000014,0.9875964238942005,1.0439670247314514,2,0.3333333333333333
C-31892,Active,Ash Hill,60-74,Other,Resident with family,1,2023-04-23,,767.02,2023,4,32,7,5,1,6,4376.54,729.4233333333333,561.48,797.17,86.59942186104168,6,1,0,0,0,0,0.0,48.14999999999998,0.9509834597967893,1.0393079711089672,2,0.3333333333333333
C-31893,Closed,Ash Hill,60-74,English,Resident with family,1,2022-12-25,2025-09,420.48,2022,12,36,0,21,1,3,1262.01,420.67,402.47,435.11,16.64168260723656,3,1,0,0,0,0,0.0,18.579999999999984,1.0004518645357685,1.0347935692541856,0,0.0
C-31894,Active,Calder Central,45-59,English,Resident with family,3,2022-08-24,,739.94,2022,8,40,2,12,2,6,4533.77,755.6283333333334,708.73,780.48,24.57992141294735,6,1,0,0,0,0,0.0,125.3399999999998,1.0212021695452782,1.0547882260723842,0,0.0
C-31895,Active,Northgate,45-59,English,Resident with family,1,2023-06-04,,644.87,2023,6,30,2,12,1,6,3833.58,638.93,621.44,674.73,20.312452338405613,6,1,0,0,0,0,0.0,35.360000000000014,0.9907888411617846,1.0463039062136554,0,0.0
C-31896,Active,Weybridge,45-59,English,No fixed abode,3,2025-07-23,,833.39,2025,7,5,0,10,3,6,4867.27,811.2116666666667,788.52,861.91,26.47288379959134,6,1,0,0,0,0,0.0,28.519999999999982,0.9733878096289453,1.034221672926241,2,0.3333333333333333
C-31897,Active,Calder Central,30-44,Other,No fixed abode,2,2021-01-03,,741.98,2021,1,59,5,17,1,6,4279.17,713.195,504.1,770.21,103.09597465468767,6,1,0,0,0,0,0.0,70.21999999999991,0.9612051537777299,1.0380468476239253,2,0.3333333333333333
C-31898,Active,Weybridge,60-74,English,Owner-occupier,1,2021-12-27,,521.74,2021,12,48,1,23,1,6,3008.1800000000003,501.3633333333334,357.97,543.9,70.7081060888118,6,1,0,0,0,0,0.0,41.50999999999999,0.9609447873142433,1.0424732625445623,3,0.5
C-31899,Active,Calder Central,45-59,English,Social tenancy,1,2022-07-20,,678.92,2022,7,41,2,12,1,6,3819.1000000000004,636.5166666666668,545.69,712.16,59.317060502579395,6,1,0,0,0,0,0.0,33.24000000000001,0.9375429603880674,1.048960113120839,1,0.16666666666666666
C-31900,Active,Ash Hill,60-74,English,Resident with family,1,2025-03-31,,719.47,2025,3,9,0,0,1,6,4223.37,703.895,677.68,743.05,27.589162183727115,6,1,0,0,0,0,0.0,37.819999999999936,0.9783521203107842,1.0327741253978622,2,0.3333333333333333
C-31901,Active,Calder Central,45-59,Other,No fixed abode,1,2023-07-18,,483.74,2023,7,29,5,4,1,6,2907.91,484.65166666666664,463.03,512.48,16.41855464609071,6,1,0,0,0,0,0.0,36.42999999999995,1.0018846212152532,1.0594120808698888,1,0.16666666666666666
C-31902,Active,Calder Central,45-59,English,No fixed abode,1,2022-02-16,,531.34,2022,2,46,2,16,0,6,2869.31,478.2183333333333,401.07,540.72,60.01540416148731,6,1,0,0,0,0,0.0,9.379999999999995,0.9000232117539303,1.0176534798810555,0,0.0
C-31903,Active,Calder Central,30-44,English,Resident with family,2,2024-09-04,,973.98,2024,9,15,3,14,2,6,5833.73,972.2883333333333,939.17,1028.53,35.48096752720625,6,1,0,0,0,0,0.0,82.49999999999989,0.9982631402424417,1.0560073102117087,3,0.5
C-31904,Active,Calder Central,45-59,English,Resident with family,2,2021-06-06,,904.31,2021,6,54,3,14,1,6,5343.66,890.61,859.21,925.29,26.349075885123543,6,1,0,0,0,0,0.0,32.97000000000003,0.9848503278742909,1.0232000088465238,0,0.0
C-31905,Active,Calder Central,75+,English,Private tenancy,2,2021-01-03,,955.39,2021,1,59,2,3,1,6,5803.87,967.3116666666666,908.04,1008.94,40.088985727586916,6,1,0,0,0,0,0.0,137.35000000000014,1.0124783247330063,1.0560504087336062,3,0.5
C-31906,Active,Northgate,75+,English,Private tenancy,2,2024-05-22,,920.52,2024,5,19,2,4,0,6,5430.07,905.0116666666667,763.48,960.92,73.69366876921426,6,1,0,0,0,0,0.0,93.74000000000001,0.9831526383638233,1.0438882370833875,0,0.0
C-31907,Active,Calder Central,30-44,English,Owner-occupier,3,2023-02-08,,854.0,2023,2,34,2,12,2,6,5175.76,862.6266666666667,824.6,886.12,22.7411096181929,6,1,0,0,0,0,0.0,83.75,1.0101014832162374,1.0376112412177987,0,0.0
C-31908,Closed,Northgate,45-59,English,Private tenancy,2,2021-10-15,2025-08,650.09,2021,10,50,2,19,1,2,1285.3400000000001,642.6700000000001,612.13,673.21,43.190082194874314,2,1,0,0,0,0,0.0,23.120000000000005,0.9885861957575105,1.0355643064806412,1,0.5
C-31909,Active,Weybridge,75+,English,Private tenancy,5,2022-10-11,,1611.83,2022,10,38,2,3,1,6,9326.16,1554.36,1215.09,1697.22,177.430636137055,6,1,0,0,0,0,0.0,162.97000000000025,0.9643448750798781,1.0529770509296887,2,0.3333333333333333
C-31910,Active,Weybridge,75+,English,Social tenancy,4,2025-06-11,,1407.84,2025,6,6,3,9,0,6,8250.23,1375.0383333333332,1114.66,1472.3,133.64284139701107,6,1,0,0,0,0,0.0,152.5300000000002,0.9767007140962988,1.0457864530060235,0,0.0
C-31911,Active,Northgate,75+,English,Resident with family,1,2023-08-02,,727.33,2023,8,28,4,12,0,6,4384.389999999999,730.7316666666666,690.05,769.47,29.552298331376335,6,1,0,0,0,0,0.0,81.61999999999978,1.004676923358952,1.0579379373874307,0,0.0
C-31912,Active,Weybridge,45-59,Spanish,Private tenancy,3,2023-12-26,,775.12,2023,12,24,4,8,2,6,4346.52,724.4200000000001,586.31,812.69,91.51769227859718,6,1,0,0,0,0,0.0,62.82000000000005,0.9345907730415935,1.048469914335845,3,0.5
C-31913,Active,Northgate,18-29,English,Social tenancy,3,2025-05-21,,916.61,2025,5,7,2,11,1,6,4977.99,829.665,682.27,911.5,98.68768570596838,6,1,0,0,0,0,0.0,0.0,0.9051450453300749,0.9944251099158857,3,0.5
C-31914,Active,Northgate,60-74,English,Owner-occupier,4,2021-03-23,,839.71,2021,3,57,1,18,0,6,5145.3,857.5500000000001,840.45,888.02,16.377187792780525,6,1,0,0,0,0,0.0,107.03999999999974,1.0212454299698706,1.0575317669195317,0,0.0
C-31915,Closed,Calder Central,60-74,English,Social tenancy,1,2025-08-11,2025-09,693.61,2025,8,4,5,10,2,6,4208.08,701.3466666666667,652.2,732.03,30.71762924879888,6,1,0,0,3,1,2061.82,103.8499999999998,1.0111542028901928,1.0553913582560805,0,0.0
C-31916,Active,Calder Central,45-59,Other,Owner-occupier,1,2023-02-24,,593.6,2023,2,34,7,18,1,6,3593.07,598.845,577.61,618.47,13.848764204794595,6,1,0,0,0,0,0.0,50.319999999999936,1.0088359164420486,1.0418969002695417,1,0.16666666666666666
C-31917,Active,Calder Central,30-44,English,Social tenancy,1,2021-07-10,,596.41,2021,7,53,2,9,0,6,3483.82,580.6366666666667,568.53,616.82,18.113421175102932,6,1,0,0,0,0,0.0,20.410000000000082,0.9735528691112938,1.0342214248587382,0,0.0
C-31918,Active,Weybridge,60-74,English,No fixed abode,3,2024-11-26,,1203.64,2024,11,13,2,16,1,6,7157.92,1192.9866666666667,1147.06,1252.36,45.66173438084302,6,1,0,0,0,0,0.0,84.54999999999973,0.9911490700430914,1.0404772191020568,1,0.16666666666666666
C-31919,Active,Weybridge,30-44,English,No fixed abode,2,2022-04-23,,598.8,2022,4,44,0,18,0,6,3543.38,590.5633333333334,569.72,610.74,16.290375890895415,6,1,0,0,0,0,0.0,22.030000000000086,0.9862447116455133,1.0199398797595192,0,0.0
C-31920,Active,Calder Central,45-59,English,Private tenancy,1,2022-10-05,,745.94,2022,10,38,2,13,0,6,4304.76,717.46,604.65,776.12,60.72661558163769,6,1,0,0,0,0,0.0,41.76999999999987,0.9618199855216236,1.0404590181515938,0,0.0
C-31921,Active,Calder Central,60-74,English,Private tenancy,2,2023-11-24,,581.31,2023,11,25,2,7,1,6,3515.08,585.8466666666667,554.09,612.04,25.27412642736966,6,1,0,0,0,0,0.0,79.54000000000008,1.0078042123250361,1.0528633603412982,1,0.16666666666666666
C-31922,Active,Weybridge,18-29,English,Resident with family,3,2021-04-19,,705.61,2021,4,56,0,10,0,6,4161.3,693.5500000000001,668.15,735.2,24.2620790535354,6,1,0,0,0,0,0.0,32.039999999999964,0.9829084054931193,1.0419353467212766,0,0.0
C-31923,Active,Calder Central,75+,English,No fixed abode,3,2022-04-25,,609.34,2022,4,44,1,15,1,6,3392.0099999999998,565.3349999999999,454.46,634.29,72.91072205101248,6,1,0,0,0,0,0.0,37.62999999999988,0.9277825187908227,1.0409459415104867,1,0.16666666666666666
C-31924,Active,Calder Central,75+,English,Social tenancy,4,2024-06-17,,913.18,2024,6,18,3,15,1,6,5262.12,877.02,673.38,962.32,106.31606595430442,6,1,0,0,0,0,0.0,92.7800000000002,0.9604021113033575,1.0538119538316653,0,0.0
C-31925,Active,Northgate,60-74,English,Social tenancy,4,2023-10-22,,1037.52,2023,10,26,3,2,0,6,6165.44,1027.5733333333333,979.13,1070.67,33.9243008279709,6,1,0,0,0,0,0.0,57.17000000000007,0.990413036214563,1.0319511913023365,0,0.0
C-31926,Active,Ash Hill,30-44,Spanish,Private tenancy,4,2023-12-12,,709.94,2023,12,24,3,10,3,6,3995.83,665.9716666666667,547.24,742.25,78.67435323322755,6,1,0,0,0,0,0.0,50.419999999999845,0.9380675362237184,1.045510888244077,0,0.0
C-31927,Active,Northgate,30-44,Other,Social tenancy,1,2021-10-13,,468.53,2021,10,50,5,1,0,6,2788.39,464.7316666666666,449.53,489.08,14.161155908564334,6,1,0,0,0,0,0.0,22.610000000000014,0.9918930840429998,1.04386058523467,0,0.0
C-31928,Active,Calder Central,30-44,English,No fixed abode,3,2023-09-26,,1210.6,2023,9,27,5,5,2,6,7160.43,1193.405,1019.19,1278.75,96.50996150657188,6,1,0,0,0,0,0.0,146.99000000000046,0.9857962993556915,1.0562943994713365,2,0.3333333333333333
C-31929,Active,Northgate,45-59,English,No fixed abode,3,2021-05-26,,699.52,2021,5,55,1,1,3,6,4250.62,708.4366666666666,692.64,739.05,16.810660506555536,6,1,0,0,0,0,0.0,63.87000000000012,1.0127468359255871,1.0565101784080513,2,0.3333333333333333
C-31930,Active,Weybridge,60-74,English,Private tenancy,2,2021-11-30,,987.7,2021,11,49,2,21,0,6,5863.39,977.2316666666667,932.1,1010.97,33.10327199336445,6,1,0,0,0,0,0.0,45.33999999999992,0.9894013026897506,1.023559785359927,0,0.0
C-31931,Active,Calder Central,60-74,English,No fixed abode,2,2022-07-08,,795.87,2022,7,41,3,18,0,6,4576.63,762.7716666666666,750.35,776.48,12.127574228454217,6,1,0,0,0,0,0.0,0.0,0.9584123872826802,0.9756367245906995,0,0.0
C-31932,Active,Calder Central,18-29,English,Owner-occupier,4,2022-03-17,,1151.58,2022,3,45,0,16,0,6,6830.32,1138.3866666666665,1109.26,1191.19,30.791491465446544,6,1,0,0,0,0,0.0,42.830000000000155,0.9885432767733607,1.0343962208444053,0,0.0
C-31933,Closed,Calder Central,18-29,English,No fixed abode,1,2022-01-18,2025-10,426.82,2022,1,47,5,11,2,6,2583.42,430.57,414.39,445.84,12.770822996189404,6,1,0,0,2,1,854.23,44.93000000000001,1.0087859050653671,1.0445621104915421,1,0.16666666666666666
C-31934,Active,Northgate,30-44,English,Resident with family,3,2024-06-11,,847.33,2024,6,18,2,6,2,6,5223.58,870.5966666666667,815.6,896.79,28.824105652503192,6,1,0,0,0,0,0.0,171.3299999999997,1.0274588019622422,1.0583715907615685,0,0.0
C-31935,Active,Weybridge,45-59,English,Resident with family,3,2025-06-30,,609.19,2025,6,6,1,17,0,6,3652.6600000000003,608.7766666666668,595.99,640.08,17.169470191787095,6,1,0,0,0,0,0.0,38.809999999999945,0.9993215034171058,1.0507066760780708,0,0.0
C-31936,Active,Northgate,45-59,English,Owner-occupier,1,2022-03-01,,598.45,2022,3,45,2,0,1,6,3088.43,514.7383333333333,423.84,582.06,67.55947732677232,6,1,0,0,0,0,0.0,0.0,0.8601191968139915,0.9726125825048039,0,0.0
C-31937,Closed,Ash Hill,30-44,English,Private tenancy,3,2023-05-13,2025-07,831.81,2023,5,31,4,0,1,1,878.79,878.79,878.79,878.79,0.0,1,1,0,0,0,0,0.0,46.98000000000002,1.0564792440581383,1.0564792440581383,1,1.0
C-31938,Active,Calder Central,18-29,English,Owner-occupier,3,2023-05-28,,821.25,2023,5,31,2,6,2,6,4727.72,787.9533333333334,671.01,844.49,63.46598007331699,6,1,0,0,0,0,0.0,42.680000000000064,0.9594561136478944,1.0282983257229832,0,0.0
C-31939,Active,Northgate,75+,English,Social tenancy,2,2021-05-26,,556.35,2021,5,55,0,7,1,6,3054.2,509.0333333333333,397.92,581.03,64.2947614247589,6,1,0,0,0,0,0.0,24.67999999999995,0.914951619184566,1.0443605643929181,1,0.16666666666666666
C-31940,Active,Ash Hill,30-44,English,Social tenancy,4,2025-08-10,,1271.7,2025,8,4,2,5,0,6,7116.16,1186.0266666666666,930.36,1316.48,132.1112006858868,6,1,0,0,0,0,0.0,44.77999999999997,0.9326308615763675,1.0352127073995439,0,0.0
C-31941,Active,Calder Central,60-74,English,Resident with family,3,2024-03-07,,1203.12,2024,3,21,3,19,0,6,7232.389999999999,1205.3983333333333,1065.76,1270.89,73.68628377565712,6,1,0,0,0,0,0.0,164.8200000000004,1.00189368752355,1.0563285457809697,0,0.0
C-31942,Closed,Weybridge,60-74,English,Private tenancy,3,2023-04-08,2025-11,1226.15,2023,4,32,2,19,1,5,6148.02,1229.604,1179.81,1287.99,47.93188844600221,5,1,0,0,0,0,0.0,108.83999999999992,1.0028169473555437,1.0504342861803204,1,0.2
C-31943,Active,Ash Hill,45-59,English,Social tenancy,4,2022-03-04,,908.36,2022,3,45,3,15,0,6,5311.1,885.1833333333334,872.73,902.28,11.679915524808653,6,1,0,0,0,0,0.0,0.0,0.9744851527294611,0.9933066185212911,0,0.0
C-31944,Active,Calder Central,18-29,English,Resident with family,1,2022-06-30,,677.13,2022,6,42,1,18,1,6,4087.0699999999997,681.1783333333333,667.39,706.59,17.098242502276868,6,1,0,0,0,0,0.0,51.00999999999999,1.0059786648550992,1.0435071551991495,1,0.16666666666666666
C-31945,Active,Northgate,30-44,English,No fixed abode,3,2022-01-08,,724.59,2022,1,47,1,15,1,6,4379.51,729.9183333333334,682.79,763.88,34.56281436264513,6,1,0,0,0,0,0.0,107.69999999999993,1.0073535838658183,1.0542237679239292,1,0.16666666666666666
C-31946,Active,Calder Central,60-74,Spanish,Private tenancy,4,2023-12-30,,769.84,2023,12,24,6,16,1,6,4290.63,715.105,606.12,809.18,81.78325250318672,6,1,0,0,0,0,0.0,39.33999999999992,0.928900810558038,1.0511015275901485,1,0.16666666666666666
C-31947,Active,Calder Central,30-44,English,Private tenancy,1,2024-01-16,,499.51,2024,1,23,3,15,0,6,2986.44,497.74,478.4,522.32,17.206155875151218,6,1,0,0,0,0,0.0,37.17000000000007,0.996456527396849,1.0456647514564275,0,0.0
C-31948,Active,Weybridge,30-44,English,Private tenancy,5,2024-11-03,,1049.89,2024,11,13,2,17,3,6,6194.09,1032.3483333333334,863.54,1109.69,91.35332537278907,6,1,0,0,0,0,0.0,128.68999999999983,0.9832919004213139,1.0569583480174114,2,0.3333333333333333
C-31949,Active,Calder Central,18-29,Other,Resident with family,5,2024-11-30,,1320.82,2024,11,13,7,3,1,6,7924.92,1320.82,1320.82,1320.82,0.0,6,1,0,0,0,0,0.0,0.0,1.0,1.0,0,0.0
C-31950,Active,Weybridge,30-44,English,Resident with family,3,2021-12-03,,1233.03,2021,12,48,1,6,2,6,7398.26,1233.0433333333333,1167.18,1305.23,56.682007962550756,6,1,0,0,0,0,0.0,135.41000000000008,1.00001081347034,1.0585549418911138,1,0.16666666666666666
C-31951,Active,Northgate,75+,English,Social tenancy,2,2023-12-18,,769.55,2023,12,24,0,16,1,6,4446.36,741.06,636.11,796.43,57.40367897617708,6,1,0,0,0,0,0.0,43.25,0.9629783639789489,1.0349295042557338,2,0.3333333333333333
C-31952,Active,Weybridge,30-44,English,Resident with family,1,2023-11-11,,392.9,2023,11,25,1,5,0,6,2341.47,390.24499999999995,376.25,404.56,10.480894522892598,6,1,0,0,0,0,0.0,16.62000000000006,0.9932425553575973,1.0296767625349963,0,0.0
C-31953,Active,Calder Central,30-44,English,Social tenancy,1,2023-01-25,,766.09,2023,1,35,0,3,2,6,4670.78,778.4633333333333,730.02,811.87,28.807759139972458,6,1,0,0,0,0,0.0,110.30999999999983,1.0161512790055127,1.0597579918808495,1,0.16666666666666666
C-31954,Closed,Weybridge,30-44,English,Social tenancy,1,2024-05-17,2025-07,390.78,2024,5,19,0,3,2,1,407.21,407.21,407.21,407.21,0.0,1,1,0,0,0,0,0.0,16.430000000000007,1.0420441168944163,1.0420441168944163,0,0.0
C-31955,Active,Weybridge,30-44,English,Owner-occupier,4,2021-01-16,,1152.52,2021,1,59,1,0,0,6,6696.700000000001,1116.1166666666668,1090.91,1157.44,29.56123790822483,6,1,0,0,0,0,0.0,4.920000000000073,0.9684141417647126,1.0042689063964183,0,0.0
C-31956,Active,Weybridge,30-44,English,Private tenancy,1,2021-10-19,,552.7,2021,10,50,1,7,2,6,6213.0599999999995,1035.51,927.78,1168.77,88.21974064799785,6,1,0,0,0,0,0.0,2896.8599999999997,1.8735480369097157,2.1146553283879137,1,0.16666666666666666
C-31957,Active,Calder Central,30-44,English,Social tenancy,1,2024-03-24,,560.3,2024,3,21,2,14,1,6,3187.97,531.3283333333333,449.2,552.29,40.30651729766125,6,1,0,0,0,0,0.0,0.0,0.9482925813552264,0.9857040870961985,0,0.0
C-31958,Suspended,Weybridge,45-59,English,Owner-occupier,5,2024-04-10,,799.64,2024,4,20,0,7,0,6,4889.38,814.8966666666666,764.96,833.72,25.034163590315256,6,1,0,0,0,0,0.0,126.22000000000014,1.0190794190719157,1.0426191786303838,0,0.0
C-31959,Closed,Ash Hill,45-59,English,No fixed abode,4,2022-09-03,2025-09,1412.96,2022,9,39,2,10,3,3,4238.88,1412.96,1412.96,1412.96,0.0,3,1,0,0,0,0,0.0,0.0,1.0,1.0,1,0.3333333333333333
C-31960,Suspended,Ash Hill,60-74,Other,No fixed abode,5,2023-07-22,,1598.22,2023,7,29,2,4,0,6,9551.64,1591.9399999999998,1508.32,1674.4,64.58013161956247,6,1,0,0,0,0,0.0,131.80999999999995,0.9960706285742887,1.0476655278997886,0,0.0
C-31961,Active,Weybridge,45-59,English,Resident with family,3,2024-10-07,,872.02,2024,10,14,2,17,2,6,5099.0,849.8333333333334,673.12,921.1,91.08277854054884,6,1,0,0,0,0,0.0,99.8900000000001,0.9745571584749585,1.0562831127726429,2,0.3333333333333333
C-31962,Active,Weybridge,75+,Other,Resident with family,2,2021-10-23,,663.82,2021,10,50,2,8,2,6,3821.1499999999996,636.8583333333332,457.46,701.81,91.29327629495322,6,1,0,0,0,0,0.0,77.62999999999977,0.9593840699788094,1.0572293694073693,3,0.5
C-31963,Active,Weybridge,75+,English,Resident with family,4,2023-11-27,,1258.86,2023,11,25,3,18,1,6,7223.46,1203.91,950.2,1295.22,129.79449325761087,6,1,0,0,0,0,0.0,72.61000000000013,0.9563493954848038,1.0288832753443593,5,0.8333333333333334
C-31964,Active,Calder Central,60-74,English,Social tenancy,3,2021-12-17,,900.41,2021,12,48,1,17,1,6,5274.79,879.1316666666667,726.23,941.23,77.32663200131418,6,1,0,0,0,0,0.0,63.750000000000114,0.9763681730174772,1.0453349029886385,0,0.0
C-31965,Active,Calder Central,30-44,English,No fixed abode,2,2024-05-31,,741.5,2024,5,19,4,4,0,6,4240.5,706.75,556.02,765.83,76.74275184015754,6,1,0,0,0,0,0.0,37.34000000000003,0.9531355360755226,1.0328118678354687,0,0.0
C-31966,Active,Northgate,45-59,English,Owner-occupier,5,2021-02-13,,890.58,2021,2,58,2,4,0,6,5429.83,904.9716666666667,845.93,931.08,30.89835103475047,6,1,0,0,0,0,0.0,130.99999999999977,1.0161598808267271,1.0454759819443509,0,0.0
C-31967,Active,Weybridge,18-29,Spanish,Owner-occupier,3,2022-07-22,,1029.68,2022,7,41,4,6,0,6,6163.65,1027.2749999999999,984.77,1072.7,36.3510081015644,6,1,0,0,0,0,0.0,86.63999999999987,0.9976643228964338,1.0417799704762645,0,0.0
C-31968,Active,Calder Central,45-59,Spanish,No fixed abode,1,2022-07-22,,626.08,2022,7,41,2,14,0,6,3539.15,589.8583333333333,513.6,611.72,37.761794669568665,6,1,0,0,0,0,0.0,0.0,0.9421453062441434,0.9770636340403782,0,0.0
C-31969,Suspended,Northgate,75+,English,Social tenancy,1,2024-02-08,,536.47,2024,2,22,2,2,1,6,3208.09,534.6816666666667,504.82,557.76,20.62640193215157,6,1,0,0,0,0,0.0,43.069999999999936,0.9966664802629536,1.0396853505321826,1,0.16666666666666666
C-31970,Active,Weybridge,60-74,Other,Owner-occupier,3,2024-12-05,,1194.3,2024,12,12,3,7,2,6,6658.76,1109.7933333333333,870.0,1236.39,162.03701103965932,6,1,0,0,0,0,0.0,75.38000000000034,0.929241675737531,1.035242401406682,2,0.3333333333333333
C-31971,Closed,Calder Central,75+,English,No fixed abode,1,2024-09-24,2025-07,487.77,2024,9,15,0,21,1,1,514.52,514.52,514.52,514.52,0.0,1,1,0,0,0,0,0.0,26.75,1.054841421161613,1.054841421161613,0,0.0
C-31972,Active,Weybridge,30-44,English,No fixed abode,2,2024-12-25,,697.83,2024,12,12,2,5,0,6,4201.12,700.1866666666666,667.4,735.32,27.170368909285546,6,1,0,0,0,0,0.0,70.60000000000002,1.0033771357876082,1.0537236862846253,0,0.0
C-31973,Active,Northgate,60-74,English,Owner-occupier,4,2021-07-16,,1260.44,2021,7,53,2,5,0,6,7661.21,1276.8683333333333,1228.34,1306.43,26.194786822317713,6,1,0,0,0,0,0.0,130.66999999999985,1.0130338082997472,1.0364872584176954,0,0.0
C-31974,Active,Weybridge,45-59,Other,Social tenancy,2,2025-06-21,,938.78,2025,6,6,4,2,1,6,5551.26,925.21,895.89,992.0,36.83282123324251,6,1,0,0,0,0,0.0,59.13000000000011,0.9855450691322781,1.0566905984362684,3,0.5
C-31975,Active,Northgate,75+,English,Social tenancy,1,2022-12-27,,437.19,2022,12,36,0,5,3,6,2637.14,439.5233333333333,414.91,459.79,17.263093195214662,6,1,0,0,0,0,0.0,46.620000000000005,1.0053371150605763,1.0516937715867243,2,0.3333333333333333
C-31976,Active,Weybridge,60-74,English,Owner-occupier,5,2021-08-06,,830.63,2021,8,52,3,11,2,7,5801.59,828.7985714285714,788.83,847.31,20.422957203901227,6,2,1,1,0,0,0.0,44.930000000000064,0.9977951331261471,1.0200811432286336,2,0.2857142857142857
C-31977,Active,Northgate,18-29,English,Resident with family,1,2023-11-09,,740.41,2023,11,25,1,13,1,6,4097.72,682.9533333333334,561.02,765.25,79.92235223431972,6,1,0,0,0,0,0.0,25.430000000000064,0.9223988510870105,1.0335489796194002,1,0.16666666666666666
C-31978,Active,Weybridge,30-44,Other,Resident with family,1,2022-02-27,,553.14,2022,2,46,4,0,1,6,3214.38,535.73,420.27,579.3,59.26231078856106,6,1,0,0,0,0,0.0,55.23000000000002,0.9685251473406371,1.047293632715045,0,0.0
C-31979,Active,Northgate,45-59,Spanish,Social tenancy,3,2023-03-28,,987.88,2023,3,33,5,9,3,6,5925.55,987.5916666666667,934.24,1040.51,34.814749412665115,6,1,0,0,0,0,0.0,70.05999999999995,0.9997081291924795,1.0532757015022067,3,0.5
C-31980,Active,Ash Hill,45-59,Spanish,No fixed abode,4,2022-09-13,,987.09,2022,9,39,3,7,3,6,6084.9400000000005,1014.1566666666668,987.83,1038.9,21.10167829028457,6,1,0,0,0,0,0.0,162.39999999999998,1.0274206674838837,1.0524876151110842,1,0.16666666666666666
C-31981,Active,Calder Central,30-44,Spanish,No fixed abode,1,2022-05-15,,634.99,2022,5,43,4,12,2,6,3706.37,617.7283333333334,599.17,644.3,18.16762771158266,6,1,0,0,0,0,0.0,9.309999999999945,0.972815844868948,1.0146616482149324,1,0.16666666666666666
C-31982,Active,Weybridge,30-44,English,Private tenancy,1,2021-07-09,,439.4,2021,7,53,2,7,1,6,2635.94,439.3233333333333,425.81,463.95,14.407875161406233,6,1,0,0,0,0,0.0,33.23000000000002,0.9998255196480049,1.0558716431497497,1,0.16666666666666666
C-31983,Active,Calder Central,30-44,English,Social tenancy,3,2023-08-01,,973.68,2023,8,28,2,11,0,6,5994.860000000001,999.1433333333334,926.53,1024.65,38.26189888997497,6,1,0,0,0,0,0.0,199.9300000000004,1.0261516446197245,1.0523477939364063,0,0.0
C-31984,Active,Northgate,30-44,Spanish,Owner-occupier,1,2025-06-05,,599.54,2025,6,6,1,15,3,6,3637.86,606.3100000000001,577.83,628.72,21.55548839622986,6,1,0,0,0,0,0.0,77.69000000000017,1.01129199052607,1.048670647496414,1,0.16666666666666666
C-31985,Active,Calder Central,30-44,Spanish,Social tenancy,4,2022-01-24,,780.75,2022,1,47,5,21,3,6,4684.5,780.75,780.75,780.75,0.0,6,1,0,0,0,0,0.0,0.0,1.0,1.0,2,0.3333333333333333
C-31986,Active,Weybridge,30-44,English,Private tenancy,3,2022-07-31,,625.56,2022,7,41,2,21,0,6,3542.09,590.3483333333334,459.67,657.45,68.27366532321716,6,1,0,0,0,0,0.0,35.68000000000018,0.9437117675895732,1.0509783234222139,0,0.0
C-31987,Active,Weybridge,45-59,English,Owner-occupier,4,2021-04-06,,1189.23,2021,4,56,3,2,1,6,7189.14,1198.19,1121.98,1248.75,50.98906000310262,6,1,0,0,0,0,0.0,162.37000000000012,1.007534286891518,1.0500491914936556,0,0.0
C-31988,Active,Calder Central,60-74,English,Private tenancy,2,2024-11-08,,522.85,2024,11,13,2,21,1,6,3143.58,523.93,502.31,548.57,19.115981795345963,6,1,0,0,0,0,0.0,49.039999999999964,1.002065601989098,1.049191928851487,2,0.3333333333333333
C-31989,Active,Ash Hill,45-59,English,Private tenancy,1,2021-11-22,,383.28,2021,11,49,4,16,1,6,2238.23,373.03833333333336,360.31,393.35,12.989668843610556,6,1,0,0,0,0,0.0,10.07000000000005,0.973278890976136,1.0262732206219998,0,0.0
C-31990,Active,Northgate,75+,Spanish,Owner-occupier,3,2024-03-15,,1089.36,2024,3,21,4,15,3,6,6272.049999999999,1045.3416666666665,869.12,1149.85,95.32667190596062,6,1,0,0,0,0,0.0,70.37000000000012,0.9595924824361705,1.0555280164500258,2,0.3333333333333333
C-31991,Active,Calder Central,18-29,English,Private tenancy,1,2022-08-21,,619.09,2022,8,40,3,6,0,6,3712.3199999999997,618.7199999999999,583.29,654.81,29.219828199358023,6,1,0,0,0,0,0.0,74.79999999999984,0.9994023486084412,1.0576975883958712,0,0.0
C-31992,Active,Calder Central,75+,English,Owner-occupier,2,2021-01-05,,939.07,2021,1,59,2,11,1,6,5701.45,950.2416666666667,893.49,994.07,42.377756154221586,6,1,0,0,0,0,0.0,145.28999999999985,1.0118965217360438,1.0585685838116434,3,0.5
C-31993,Active,Ash Hill,30-44,English,Private tenancy,4,2021-09-02,,845.51,2021,9,51,3,2,1,6,4784.61,797.435,629.8,881.62,108.71614926035599,6,1,0,0,0,0,0.0,82.5100000000001,0.9431408262468807,1.0427079514139395,1,0.16666666666666666
C-31994,Active,Northgate,30-44,English,No fixed abode,3,2021-07-15,,1066.97,2021,7,53,1,0,0,6,6496.7,1082.7833333333333,1022.16,1124.18,39.74564663792334,6,1,0,0,0,0,0.0,150.27999999999975,1.014820785339169,1.0536191270607422,0,0.0
C-31995,Active,Northgate,30-44,Other,No fixed abode,1,2022-11-26,,435.02,2022,11,37,4,7,4,6,2568.46,428.07666666666665,384.26,451.27,26.083445068983277,6,1,0,0,0,0,0.0,41.54000000000008,0.9840390480131181,1.0373546043860054,2,0.3333333333333333
C-31996,Active,Northgate,30-44,English,Owner-occupier,2,2024-05-26,,880.64,2024,5,19,0,20,3,6,5034.64,839.1066666666667,599.13,905.42,118.73472140307848,6,1,0,0,0,0,0.0,56.930000000000064,0.9528373304263567,1.0281386264534884,1,0.16666666666666666
C-31997,Active,Northgate,30-44,English,Resident with family,3,2022-05-11,,851.26,2022,5,43,3,12,0,6,5010.389999999999,835.0649999999999,713.87,900.81,67.63031206493136,6,1,0,0,0,0,0.0,86.07999999999993,0.9809752602025233,1.0582078330944718,0,0.0
C-31998,Active,Ash Hill,60-74,English,Resident with family,4,2023-10-27,,1418.63,2023,10,26,3,9,0,6,8150.88,1358.48,1107.99,1451.01,125.20556361440173,6,1,0,0,0,0,0.0,32.37999999999988,0.9575999379683214,1.0228248380479759,0,0.0
C-31999,Active,Calder Central,75+,English,Resident with family,1,2025-07-19,,596.81,2025,7,5,0,2,2,6,3470.59,578.4316666666667,458.71,621.99,60.29363993545809,6,1,0,0,0,0,0.0,46.39000000000033,0.9692057215305822,1.0421909820545903,2,0.3333333333333333
C-32000,Active,Calder Central,45-59,English,No fixed abode,3,2023-03-28,,746.9,2023,3,33,2,19,0,6,4388.43,731.4050000000001,561.64,783.13,85.58882982025169,6,1,0,0,0,0,0.0,110.49000000000012,0.9792542509037355,1.0485071629401526,0,0.0
C-32001,Closed,Calder Central,18-29,English,No fixed abode,4,2021-02-14,2025-09,1407.33,2021,2,58,3,0,0,3,3884.83,1294.9433333333334,1091.28,1459.38,187.1588924773102,3,1,0,0,0,0,0.0,52.05000000000018,0.9201419235952715,1.0369849289079323,0,0.0
C-32002,Active,Calder Central,30-44,Spanish,Private tenancy,2,2023-12-15,,511.96,2023,12,24,3,8,2,6,3182.5,530.4166666666666,514.1,541.73,10.348452380267581,6,1,0,0,0,0,0.0,110.74000000000024,1.036050993567206,1.0581490741464177,1,0.16666666666666666
C-32003,Active,Calder Central,75+,English,Private tenancy,5,2025-06-09,,1267.15,2025,6,6,2,15,1,6,7401.21,1233.535,1042.31,1320.06,100.7341159190867,6,1,0,0,0,0,0.0,90.72999999999979,0.9734719646450696,1.0417551197569348,0,0.0
C-32004,Active,Northgate,45-59,English,Private tenancy,4,2022-11-13,,907.8,2022,11,37,2,16,2,6,5294.84,882.4733333333334,703.37,947.67,91.36117308061814,6,1,0,0,0,0,0.0,81.49000000000012,0.972101050157891,1.0439193654990087,1,0.16666666666666666
C-32005,Active,Calder Central,45-59,English,Owner-occupier,3,2022-05-14,,860.43,2022,5,43,2,12,2,6,4995.82,832.6366666666667,809.21,872.76,29.621389343963326,6,1,0,0,0,0,0.0,19.950000000000045,0.9676983213819447,1.0143300442801855,1,0.16666666666666666
C-32006,Active,Calder Central,60-74,English,Owner-occupier,3,2022-06-29,,1103.05,2022,6,42,0,9,0,6,6723.11,1120.5183333333332,1052.13,1164.03,45.346300143084015,6,1,0,0,0,0,0.0,167.81999999999994,1.0158363930314431,1.0552830787362313,0,0.0
C-32007,Suspended,Northgate,75+,Other,Social tenancy,4,2024-11-18,,1099.14,2024,11,13,6,7,3,6,6229.26,1038.21,903.2,1131.14,74.60376934176988,6,1,0,0,0,0,0.0,32.0,0.9445657514056444,1.0291136706879924,2,0.3333333333333333
C-32008,Active,Weybridge,30-44,English,Social tenancy,4,2024-07-31,,1247.27,2024,7,17,0,7,0,6,7133.59,1188.9316666666666,913.62,1309.18,143.7255545011626,6,1,0,0,0,0,0.0,105.91000000000008,0.9532271814977245,1.0496364059105086,0,0.0
C-32009,Active,Ash Hill,45-59,English,Resident with family,1,2021-03-27,,459.91,2021,3,57,2,10,1,6,2760.08,460.0133333333333,449.86,469.93,7.46040124032659,6,1,0,0,0,0,0.0,17.709999999999923,1.0002246816406108,1.0217868713443934,1,0.16666666666666666
C-32010,Active,Northgate,18-29,English,Social tenancy,2,2025-05-30,,694.34,2025,5,7,1,16,0,6,4120.57,686.7616666666667,671.45,733.85,23.48141342991659,6,1,0,0,0,0,0.0,39.50999999999999,0.9890855584679935,1.056902958204914,0,0.0
C-32011,Closed,Calder Central,45-59,English,No fixed abode,1,2025-03-04,2025-09,571.83,2025,3,9,4,14,0,6,3365.14,560.8566666666667,479.85,600.26,41.903997263586504,6,1,0,0,3,1,1649.9500000000003,40.649999999999864,0.9808101475380212,1.049717573404683,0,0.0
C-32012,Active,Weybridge,30-44,English,Social tenancy,2,2025-05-03,,814.74,2025,5,7,3,17,1,6,4571.35,761.8916666666668,649.33,826.46,65.52541595950892,6,1,0,0,0,0,0.0,11.720000000000027,0.9351347260066607,1.0143849571642487,1,0.16666666666666666
C-32013,Active,Weybridge,30-44,English,Private tenancy,1,2022-07-25,,596.07,2022,7,41,3,3,1,6,3597.17,599.5283333333333,568.81,624.47,21.598332728862843,6,1,0,0,0,0,0.0,62.3599999999999,1.0058018912767517,1.0476454107739024,2,0.3333333333333333
C-32014,Active,Ash Hill,45-59,English,Owner-occupier,4,2022-07-24,,886.39,2022,7,41,1,8,0,6,5046.07,841.0116666666667,628.26,925.39,106.83607918988167,6,1,0,0,0,0,0.0,42.25999999999999,0.948805454333495,1.043998691320976,0,0.0
C-32015,Active,Ash Hill,45-59,English,Private tenancy,2,2023-10-01,,862.07,2023,10,26,2,23,0,6,5090.17,848.3616666666667,822.79,880.22,22.776190565295757,6,1,0,0,0,0,0.0,23.209999999999923,0.9840983524153103,1.0210539747352303,0,0.0
C-32016,Suspended,Weybridge,30-44,English,Social tenancy,4,2023-10-26,,1135.85,2023,10,26,3,16,2,6,6595.15,1099.1916666666666,807.43,1198.42,145.6851627883453,6,1,0,0,0,0,0.0,128.13000000000034,0.9677260788543088,1.0550864990975923,2,0.3333333333333333
C-32017,Active,Calder Central,75+,English,Social tenancy,3,2024-06-30,,704.75,2024,6,18,1,14,0,6,4035.78,672.63,555.13,743.32,70.1253657387967,6,1,0,0,0,0,0.0,65.62000000000012,0.9544235544519334,1.0547286271727563,0,0.0
C-32018,Closed,Calder Central,18-29,English,No fixed abode,4,2025-06-07,2025-09,1383.69,2025,6,6,1,19,1,3,4018.99,1339.6633333333332,1327.86,1355.35,14.150449933953835,3,1,0,0,0,0,0.0,0.0,0.9681816977309463,0.9795185337756288,1,0.3333333333333333
C-32019,Active,Weybridge,45-59,English,No fixed abode,2,2024-01-06,,1021.2,2024,1,23,4,4,0,6,6011.0,1001.8333333333334,964.23,1077.74,45.52494773930738,6,1,0,0,0,0,0.0,72.75999999999999,0.9810353832092962,1.0553662358010183,0,0.0
C-32020,Active,Ash Hill,60-74,English,No fixed abode,2,2025-01-02,,630.21,2025,1,11,2,15,0,6,3705.51,617.585,504.22,664.06,60.238458064595235,6,1,0,0,0,0,0.0,80.47999999999979,0.9799669951286077,1.0537122546452768,0,0.0
C-32021,Active,Weybridge,75+,Spanish,Owner-occupier,3,2023-02-19,,1043.09,2023,2,34,4,11,0,6,6345.5,1057.5833333333333,1033.87,1090.96,19.9118855628157,6,1,0,0,0,0,0.0,98.46000000000049,1.0138946143988854,1.0458924924982504,0,0.0
C-32022,Active,Calder Central,75+,English,Social tenancy,2,2024-10-05,,951.98,2024,10,14,3,1,1,6,5716.4,952.7333333333332,901.59,1000.06,41.089803925872744,6,1,0,0,0,0,0.0,101.48999999999978,1.0007913331512566,1.0505052627156033,2,0.3333333333333333
C-32023,Active,Ash Hill,18-29,English,Resident with family,1,2022-06-11,,574.62,2022,6,42,1,19,0,6,3341.43,556.905,414.81,597.07,70.07663997367456,6,1,0,0,0,0,0.0,54.77999999999997,0.9691709303539731,1.039069297970833,0,0.0
C-32024,Active,Northgate,30-44,Other,No fixed abode,3,2024-05-17,,661.75,2024,5,19,2,7,0,6,3974.42,662.4033333333333,627.85,695.4,25.508086299576952,6,1,0,0,0,0,0.0,63.02999999999997,1.0009872811988414,1.0508500188893086,0,0.0
C-32025,Active,Calder Central,45-59,English,Social tenancy,4,2022-05-24,,949.55,2022,5,43,2,23,2,6,5774.2300000000005,962.3716666666668,915.1,1003.45,30.906822170301925,6,1,0,0,0,0,0.0,119.83000000000027,1.0135028873325962,1.056763730187984,1,0.16666666666666666
C-32026,Closed,Northgate,30-44,English,Owner-occupier,2,2023-09-29,2025-08,585.83,2023,9,27,2,3,1,2,1092.38,546.19,476.99,615.39,97.86357851621813,2,1,0,0,0,0,0.0,29.559999999999945,0.9323353191198811,1.0504583240871925,0,0.0
C-32027,Active,Northgate,18-29,English,Resident with family,2,2025-03-26,,883.96,2025,3,9,0,18,1,6,5154.48,859.0799999999999,838.43,885.76,19.128152027835874,6,1,0,0,0,0,0.0,1.7999999999999545,0.9718539300420833,1.0020362912348975,0,0.0
C-32028,Active,Northgate,75+,English,No fixed abode,4,2021-07-19,,1158.92,2021,7,53,2,10,2,6,6757.04,1126.1733333333334,953.56,1185.69,87.25816744962424,6,1,0,0,0,0,0.0,55.68999999999983,0.9717438074529158,1.0230990922583094,1,0.16666666666666666
C-32029,Active,Northgate,45-59,English,Resident with family,3,2023-12-11,,622.46,2023,12,24,3,3,0,6,3702.8199999999997,617.1366666666667,594.18,641.04,18.28932001651966,6,1,0,0,0,0,0.0,27.59999999999991,0.9914479109768767,1.0298493075860295,0,0.0
C-32030,Active,Northgate,18-29,English,No fixed abode,3,2021-08-27,,1106.35,2021,8,52,0,23,1,6,6522.9400000000005,1087.1566666666668,1021.64,1169.18,59.76369622661126,6,1,0,0,0,0,0.0,104.50000000000023,0.9826516623732696,1.0567903466353326,0,0.0
C-32031,Active,Northgate,30-44,English,Private tenancy,3,2023-01-11,,770.59,2023,1,35,2,7,0,6,4306.08,717.68,585.52,800.28,97.85022166556399,6,1,0,0,0,0,0.0,65.09999999999991,0.931338325179408,1.0385289193994212,0,0.0
C-32032,Active,Weybridge,18-29,Spanish,No fixed abode,3,2025-01-31,,1153.55,2025,1,11,5,10,2,6,6420.889999999999,1070.1483333333333,838.35,1202.93,121.61534350840222,6,1,0,0,0,0,0.0,49.38000000000011,0.9276999985551848,1.0428069871266958,2,0.3333333333333333
C-32033,Active,Ash Hill,60-74,English,Owner-occupier,2,2022-05-27,,585.14,2022,5,43,4,18,0,6,3551.02,591.8366666666667,564.12,618.96,23.425198113712224,6,1,0,0,0,0,0.0,76.98000000000013,1.011444554579531,1.0577981337799502,0,0.0
C-32034,Active,Calder Central,45-59,Other,Resident with family,3,2024-06-12,,1122.61,2024,6,18,4,21,1,6,6679.12,1113.1866666666667,1061.04,1145.5,30.179094530265008,6,1,0,0,0,0,0.0,38.52000000000021,0.9916058708426495,1.0203899840550148,3,0.5
C-32035,Active,Ash Hill,18-29,English,Social tenancy,5,2022-12-20,,1139.01,2022,12,36,5,19,3,7,8187.77,1169.6814285714286,1093.48,1206.84,40.01264026470115,6,2,1,1,0,0,0.0,260.23,1.026928146874416,1.0595517159638632,5,0.7142857142857143
C-32036,Suspended,Weybridge,45-59,Spanish,Resident with family,2,2021-05-26,,603.96,2021,5,55,5,1,1,6,3502.5299999999997,583.755,467.21,636.38,60.7013036927544,6,1,0,0,0,0,0.0,53.05999999999983,0.9665457977349492,1.0536790515928207,0,0.0
C-32037,Active,Calder Central,75+,Spanish,Owner-occupier,4,2021-02-07,,937.14,2021,2,58,5,2,1,6,5479.55,913.2583333333333,708.6,974.03,101.7694503113123,6,1,0,0,0,0,0.0,93.33000000000015,0.9745164365338512,1.0393644492818574,1,0.16666666666666666
C-32038,Active,Ash Hill,30-44,English,Social tenancy,4,2023-12-04,,1171.37,2023,12,24,3,20,1,6,7190.780000000001,1198.4633333333334,1154.2,1239.89,29.709644001008606,6,1,0,0,0,0,0.0,179.7300000000007,1.0231296117651414,1.0584956077072147,1,0.16666666666666666
C-32039,Active,Northgate,18-29,Other,Social tenancy,2,2021-09-30,,673.5,2021,9,51,4,19,0,6,3882.3,647.0500000000001,470.9,708.25,89.71596357393707,6,1,0,0,0,0,0.0,82.61000000000001,0.9607275426874536,1.0515961395694136,0,0.0
C-32040,Active,Calder Central,60-74,Other,Social tenancy,3,2024-04-12,,653.65,2024,4,20,5,15,2,6,3853.01,642.1683333333334,616.66,672.08,21.626315836652996,6,1,0,0,0,0,0.0,29.360000000000127,0.9824345342818531,1.0281955174787731,1,0.16666666666666666
C-32041,Active,Calder Central,18-29,English,Social tenancy,2,2024-07-10,,689.68,2024,7,17,1,7,2,6,4044.15,674.025,650.49,727.45,30.651033750919414,6,1,0,0,0,0,0.0,41.090000000000146,0.9773010671615823,1.0547645284769749,1,0.16666666666666666
C-32042,Active,Calder Central,60-74,English,Social tenancy,4,2024-06-16,,959.89,2024,6,18,4,2,1,6,5486.08,914.3466666666667,761.07,980.56,77.49649609283424,6,1,0,0,0,0,0.0,20.66999999999996,0.952553591210104,1.0215337174051193,2,0.3333333333333333
C-32043,Active,Weybridge,30-44,English,Owner-occupier,1,2023-11-22,,512.0,2023,11,25,1,16,0,6,3007.39,501.2316666666666,482.32,542.17,23.357884678768887,6,1,0,0,0,0,0.0,30.16999999999996,0.9789680989583333,1.05892578125,0,0.0
C-32044,Active,Weybridge,30-44,English,Resident with family,2,2024-12-19,,802.02,2024,12,12,2,5,0,6,4489.62,748.27,554.41,815.16,97.65235952090458,6,1,0,0,0,0,0.0,20.870000000000005,0.932981721154086,1.0163836313308894,0,0.0
C-32045,Active,Northgate,30-44,Other,Resident with family,2,2022-10-08,,571.08,2022,10,38,4,15,1,6,3376.71,562.785,538.09,579.27,13.637789776939632,6,1,0,0,0,0,0.0,8.18999999999994,0.9854748896827065,1.0143412481613783,2,0.3333333333333333
C-32046,Active,Weybridge,18-29,Spanish,Owner-occupier,2,2021-06-08,,820.46,2021,6,54,5,2,3,6,4959.48,826.5799999999999,790.88,867.37,29.864360699670097,6,1,0,0,0,0,0.0,87.69999999999993,1.0074592301879435,1.0571752431562782,3,0.5
C-32047,Active,Northgate,75+,Spanish,Private tenancy,1,2024-04-19,,486.47,2024,4,20,6,7,2,6,2874.67,479.1116666666667,457.63,503.8,20.18439438444132,6,1,0,0,0,0,0.0,31.029999999999973,0.9848740244345318,1.0356239850350484,0,0.0
C-32048,Active,Northgate,30-44,English,Owner-occupier,3,2022-11-01,,1206.29,2022,11,37,3,5,3,6,7237.74,1206.29,1206.29,1206.29,0.0,6,1,0,0,0,0,0.0,0.0,1.0,1.0,2,0.3333333333333333
C-32049,Active,Calder Central,18-29,English,Resident with family,3,2021-02-18,,980.88,2021,2,58,2,22,0,6,5590.49,931.7483333333333,847.58,1003.1,49.75320991319722,6,1,0,0,0,0,0.0,22.220000000000027,0.9499106244732621,1.0226531278036048,0,0.0
C-32050,Active,Calder Central,30-44,English,Resident with family,6,2022-05-30,,1085.04,2022,5,43,2,16,0,6,5891.17,981.8616666666667,738.11,1139.82,152.6945707504581,6,1,0,0,0,0,0.0,54.77999999999997,0.9049082675907494,1.0504866180048662,0,0.0
C-32051,Active,Calder Central,45-59,Other,Private tenancy,4,2023-08-23,,1249.22,2023,8,28,4,3,0,6,7358.15,1226.3583333333333,1198.6,1255.0,25.16240721128782,6,1,0,0,0,0,0.0,5.779999999999973,0.9816992469967927,1.0046268871775987,0,0.0
C-32052,Active,Ash Hill,45-59,English,Private tenancy,6,2021-07-16,,1585.76,2021,7,53,2,23,1,6,8984.94,1497.49,1209.72,1669.12,153.34660335331856,6,1,0,0,0,0,0.0,83.3599999999999,0.9443358389668046,1.0525678538997074,1,0.16666666666666666
C-32053,Active,Northgate,18-29,Other,Resident with family,2,2021-01-04,,741.05,2021,1,59,3,4,2,6,4118.65,686.4416666666666,531.08,752.21,78.40280133175511,6,1,0,0,0,0,0.0,11.160000000000082,0.926309515777163,1.015059712570002,3,0.5
C-32054,Active,Calder Central,60-74,Other,Owner-occupier,1,2021-02-02,,701.11,2021,2,58,4,10,0,6,4126.16,687.6933333333333,662.42,740.73,29.102778332431857,6,1,0,0,0,0,0.0,39.620000000000005,0.9808636780723899,1.0565103906662292,0,0.0
C-32055,Active,Weybridge,18-29,English,Private tenancy,1,2023-11-23,,654.8,2023,11,25,4,4,2,6,3912.28,652.0466666666667,619.07,687.99,29.93509155934997,6,1,0,0,0,0,0.0,71.08000000000015,0.99579515373651,1.0506872327428223,0,0.0
C-32056,Active,Calder Central,30-44,English,Private tenancy,1,2023-06-14,,415.28,2023,6,30,3,8,0,6,2483.56,413.9266666666667,401.52,433.81,12.102126534897346,6,1,0,0,0,0,0.0,24.050000000000068,0.9967411545623838,1.044620497014063,0,0.0
C-32057,Active,Northgate,45-59,English,Owner-occupier,5,2024-03-01,,1560.61,2024,3,21,3,2,0,7,10586.49,1512.3557142857142,1310.67,1644.75,125.1477072445654,6,2,1,1,0,0,0.0,158.74000000000046,0.9690798561368403,1.0539148153606603,0,0.0
C-32058,Active,Ash Hill,60-74,English,Owner-occupier,1,2023-01-25,,420.51,2023,1,35,0,0,0,6,2518.87,419.81166666666667,396.21,441.71,18.624864473779855,6,1,0,0,0,0,0.0,42.79000000000002,0.9983393181295729,1.0504149722955458,0,0.0
C-32059,Active,Calder Central,75+,English,No fixed abode,1,2022-09-04,,403.71,2022,9,39,1,11,3,6,2356.4,392.73333333333335,380.81,408.2,11.356949707851413,6,1,0,0,0,0,0.0,4.490000000000009,0.9728105157992949,1.0111218448886576,3,0.5
C-32060,Active,Northgate,60-74,English,No fixed abode,1,2023-02-26,,492.14,2023,2,34,3,17,1,6,2941.56,490.26,478.39,500.94,8.947453268947553,6,1,0,0,0,0,0.0,17.56000000000006,0.9961799487950582,1.0178810907465357,0,0.0
C-32061,Active,Ash Hill,30-44,English,Owner-occupier,4,2024-07-07,,1090.56,2024,7,17,2,12,0,6,6374.28,1062.3799999999999,1027.04,1108.6,34.82369825277034,6,1,0,0,0,0,0.0,21.13000000000011,0.9741600645539906,1.0165419600938967,0,0.0
C-32062,Active,Calder Central,30-44,English,Social tenancy,2,2021-08-22,,943.2,2021,8,52,0,18,1,6,5365.49,894.2483333333333,751.23,999.1,105.65630571180628,6,1,0,0,0,0,0.0,108.29999999999984,0.948100438224484,1.0592663273960983,3,0.5
C-32063,Active,Calder Central,60-74,English,Owner-occupier,1,2023-03-13,,467.69,2023,3,33,2,15,3,6,2827.18,471.19666666666666,446.32,494.31,19.262560231357277,6,1,0,0,0,0,0.0,61.14999999999998,1.0074978440134847,1.0569180440035066,0,0.0
C-32064,Active,Northgate,30-44,English,Private tenancy,5,2021-03-26,,1543.94,2021,3,57,2,2,2,6,9058.0,1509.6666666666667,1477.23,1552.6,29.479981456348803,6,1,0,0,0,0,0.0,8.659999999999854,0.9778013826098596,1.005609026257497,1,0.16666666666666666
C-32065,Active,Calder Central,60-74,English,Social tenancy,5,2025-03-02,,1459.25,2025,3,9,3,7,0,6,8741.53,1456.9216666666669,1405.75,1523.01,42.462495648120644,6,1,0,0,0,0,0.0,89.14999999999986,0.9984044315001999,1.0436936782593798,0,0.0
C-32066,Active,Northgate,30-44,Spanish,No fixed abode,2,2022-11-07,,785.89,2022,11,37,3,15,2,6,4780.0599999999995,796.6766666666666,740.34,831.38,31.7553602824258,6,1,0,0,0,0,0.0,110.26999999999998,1.0137254153465074,1.0578834187990687,1,0.16666666666666666
C-32067,Active,Calder Central,60-74,English,No fixed abode,5,2021-04-07,,898.18,2021,4,56,3,5,0,6,5497.59,916.265,881.16,949.27,25.543524228265763,6,1,0,0,0,0,0.0,125.5300000000002,1.0201351622169275,1.056881694092498,0,0.0
C-32068,Active,Weybridge,60-74,English,Social tenancy,1,2023-05-14,,389.99,2023,5,31,2,9,1,6,2349.58,391.59666666666664,374.16,409.01,16.84054947638782,6,1,0,0,0,0,0.0,50.569999999999936,1.0041197637546262,1.048770481294392,0,0.0
C-32069,Active,Northgate,18-29,English,Private tenancy,2,2023-09-18,,988.52,2023,9,27,3,23,0,6,5834.67,972.445,938.31,990.27,21.680615996783892,6,1,0,0,0,0,0.0,2.4600000000000364,0.9837383158661432,1.0017703233116173,0,0.0
C-32070,Active,Ash Hill,30-44,English,Resident with family,4,2024-06-12,,1143.99,2024,6,18,1,11,1,6,6817.51,1136.2516666666668,1088.01,1174.2,39.563525837147864,6,1,0,0,0,0,0.0,78.00999999999999,0.993235663481907,1.0264075734927753,1,0.16666666666666666
C-32071,Active,Weybridge,60-74,English,Private tenancy,4,2025-01-24,,1053.18,2025,1,11,2,10,0,6,6374.26,1062.3766666666668,1009.14,1106.26,39.667135851566876,6,1,0,0,0,0,0.0,125.63999999999965,1.0087322838134665,1.0503997417345563,0,0.0
C-32072,Active,Calder Central,60-74,English,Owner-occupier,4,2022-11-24,,1254.05,2022,11,37,1,11,1,6,7272.25,1212.0416666666667,943.24,1304.81,135.5202611297169,6,1,0,0,0,0,0.0,101.49000000000001,0.9665018672833353,1.0404768549898329,3,0.5
C-32073,Active,Northgate,30-44,English,No fixed abode,3,2024-07-27,,896.94,2024,7,17,2,19,1,6,5422.25,903.7083333333334,852.93,950.47,37.444432118362656,6,1,0,0,0,0,0.0,115.29999999999984,1.0075460268617,1.0596806921310231,3,0.5
C-32074,Active,Weybridge,60-74,English,Private tenancy,1,2021-03-31,,481.06,2021,3,57,2,2,1,6,2834.46,472.41,393.45,506.74,40.809026942577304,6,1,0,0,0,0,0.0,48.61999999999995,0.9820188749844094,1.0533821144971522,0,0.0
C-32075,Active,Calder Central,45-59,English,Resident with family,2,2024-11-27,,502.29,2024,11,13,1,3,0,6,2806.46,467.74333333333334,360.55,499.76,53.24105132946444,6,1,0,0,0,0,0.0,0.0,0.9312216714116016,0.9949630691433236,0,0.0
C-32076,Active,Calder Central,45-59,English,Owner-occupier,1,2021-04-24,,490.56,2021,4,56,2,21,1,6,2919.41,486.5683333333333,386.94,517.58,51.12335255699365,6,1,0,0,0,0,0.0,92.45000000000005,0.9918630408784518,1.0550799086757991,0,0.0
C-32077,Active,Calder Central,45-59,English,Resident with family,4,2023-03-15,,1008.84,2023,3,33,2,3,1,6,5564.44,927.4066666666666,756.42,1053.35,104.7240596361059,6,1,0,0,0,0,0.0,44.50999999999988,0.9192802294384309,1.0441199793822606,2,0.3333333333333333
C-32078,Active,Ash Hill,75+,English,No fixed abode,1,2022-11-02,,549.42,2022,11,37,2,12,1,6,3293.89,548.9816666666667,516.57,579.8,23.767669988172344,6,1,0,0,0,0,0.0,53.79000000000008,0.9992021889750404,1.0552946743838958,3,0.5
C-32079,Suspended,Ash Hill,60-74,English,Resident with family,1,2023-10-24,,693.19,2023,10,26,2,18,1,6,4207.9,701.3166666666666,652.54,734.5,36.00868932169939,6,1,0,0,0,0,0.0,120.61999999999978,1.0117235774703424,1.059594050693172,4,0.6666666666666666
C-32080,Active,Calder Central,18-29,Spanish,Social tenancy,2,2022-01-01,,532.86,2022,1,47,5,3,1,6,3190.77,531.795,507.89,563.05,22.5470022397657,6,1,0,0,0,0,0.0,50.17999999999995,0.9980013511991892,1.0566565326727468,2,0.3333333333333333
C-32081,Active,Weybridge,45-59,English,No fixed abode,3,2025-04-12,,1235.23,2025,4,8,4,7,2,6,7445.99,1240.9983333333332,1170.49,1272.64,40.128181826076585,6,1,0,0,0,0,0.0,109.58999999999992,1.004669845561825,1.0302858576945184,0,0.0
C-32082,Active,Calder Central,60-74,English,Social tenancy,3,2021-01-29,,1052.98,2021,1,59,0,6,0,6,6223.67,1037.2783333333334,1014.21,1058.79,20.566002447404994,6,1,0,0,0,0,0.0,7.490000000000009,0.985088352422015,1.0055176736500218,0,0.0
C-32083,Active,Calder Central,18-29,Spanish,Owner-occupier,3,2022-07-06,,774.76,2022,7,41,6,3,1,6,4587.85,764.6416666666668,730.17,794.98,30.398158770995785,6,1,0,0,0,0,0.0,50.17000000000007,0.9869400416473059,1.0260984046672519,0,0.0
C-32084,Active,Weybridge,60-74,Other,No fixed abode,4,2022-12-14,,1279.24,2022,12,36,3,11,1,6,7152.52,1192.0866666666668,936.37,1293.14,128.9525895306747,6,1,0,0,0,0,0.0,13.900000000000091,0.9318710067435875,1.0108658265845347,2,0.3333333333333333
C-32085,Suspended,Weybridge,30-44,English,Owner-occupier,3,2024-03-03,,886.29,2024,3,21,0,12,0,6,5383.889999999999,897.3149999999999,868.64,924.42,22.186559670214773,6,1,0,0,0,0,0.0,90.16000000000008,1.0124394949734286,1.04302203567681,0,0.0
C-32086,Active,Calder Central,45-59,English,Owner-occupier,4,2023-07-19,,998.65,2023,7,29,0,12,0,6,5654.13,942.355,824.46,992.03,61.52567293414999,6,1,0,0,0,0,0.0,0.0,0.9436288990136684,0.9933710509187403,0,0.0
C-32087,Active,Weybridge,45-59,English,Private tenancy,1,2024-05-30,,526.43,2024,5,19,4,18,0,6,2867.29,477.88166666666666,396.48,548.16,59.288811901291,6,1,0,0,0,0,0.0,29.710000000000036,0.9077781788018667,1.0412780426647419,0,0.0
C-32088,Active,Ash Hill,30-44,English,Owner-occupier,4,2021-07-13,,877.04,2021,7,53,4,15,0,6,5458.06,909.6766666666667,890.45,921.5,10.933293495862381,6,1,0,0,0,0,0.0,195.8200000000004,1.0372122898233453,1.0506932409012133,0,0.0
C-32089,Active,Calder Central,45-59,Spanish,No fixed abode,2,2024-11-08,,923.28,2024,11,13,2,7,2,6,5270.74,878.4566666666666,624.22,970.07,129.4844553862226,6,1,0,0,0,0,0.0,99.05000000000018,0.9514520694336136,1.050678017502816,0,0.0
C-32090,Closed,Weybridge,30-44,English,Private tenancy,2,2022-05-15,2025-11,929.16,2022,5,43,0,23,3,5,4548.22,909.644,875.46,969.42,43.97784362608062,5,1,0,0,0,0,0.0,55.210000000000036,0.9789960824831031,1.0433294588660726,0,0.0
C-32091,Active,Calder Central,30-44,English,Social tenancy,2,2022-02-08,,570.89,2022,2,46,5,13,0,6,3399.37,566.5616666666666,539.35,588.05,17.35316964322845,6,1,0,0,0,0,0.0,26.480000000000018,0.9924182708869776,1.0300583299760022,0,0.0
C-32092,Active,Calder Central,18-29,Spanish,Owner-occupier,2,2023-05-29,,748.21,2023,5,31,1,7,3,6,4340.32,723.3866666666667,587.3,781.75,70.5784694270616,6,1,0,0,0,0,0.0,50.44999999999993,0.9668230398773963,1.044826987075821,2,0.3333333333333333
C-32093,Active,Weybridge,45-59,Other,Social tenancy,2,2023-10-22,,1030.98,2023,10,26,3,15,4,6,5983.88,997.3133333333334,816.24,1074.32,94.97386749346721,6,1,0,0,0,0,0.0,81.04999999999995,0.9673449856770581,1.0420376728937515,1,0.16666666666666666
C-32094,Active,Weybridge,45-59,English,Resident with family,1,2021-11-24,,485.44,2021,11,49,1,6,0,6,2971.5,495.25,472.29,514.05,15.540889292443968,6,1,0,0,0,0,0.0,72.00999999999993,1.0202084706657877,1.058936222808174,0,0.0
C-32095,Active,Weybridge,30-44,English,Resident with family,4,2024-11-27,,1071.63,2024,11,13,1,21,0,6,6074.43,1012.4050000000001,806.07,1120.11,109.05702998890074,6,1,0,0,0,0,0.0,59.23999999999978,0.9447337233933353,1.0452394949749446,0,0.0
C-32096,Closed,Weybridge,45-59,English,Resident with family,4,2021-05-02,2025-08,822.55,2021,5,55,3,14,1,2,1701.79,850.895,844.91,856.88,8.464068170802994,2,1,0,0,0,0,0.0,56.690000000000055,1.0344599112515955,1.0417360646769194,1,0.5
C-32097,Active,Ash Hill,45-59,Spanish,Private tenancy,1,2024-02-04,,571.06,2024,2,22,5,18,1,6,3362.89,560.4816666666667,484.96,585.94,39.83437631828404,6,1,0,0,0,0,0.0,47.01000000000033,0.9814759686664566,1.026056806640283,3,0.5
C-32098,Active,Ash Hill,18-29,Spanish,No fixed abode,1,2023-05-28,,703.92,2023,5,31,5,8,2,6,4263.24,710.54,697.43,734.39,12.79600406376931,6,1,0,0,0,0,0.0,46.49000000000012,1.009404477781566,1.0432861688828277,1,0.16666666666666666
C-32099,Closed,Ash Hill,45-59,English,Resident with family,1,2021-05-12,2025-09,394.88,2021,5,55,1,15,1,3,1161.4,387.1333333333334,371.25,406.71,18.01619919220846,3,1,0,0,0,0,0.0,11.829999999999984,0.9803822258238789,1.029958468395462,0,0.0
C-32100,Active,Northgate,30-44,English,Owner-occupier,2,2023-10-15,,894.56,2023,10,26,1,8,1,6,5330.86,888.4766666666666,844.36,937.52,40.90068785077664,6,1,0,0,0,0,0.0,86.83000000000015,0.9931996363202766,1.0480236093722053,1,0.16666666666666666
C-32101,Active,Ash Hill,30-44,English,Private tenancy,1,2024-02-05,,700.83,2024,2,22,1,6,2,6,3804.86,634.1433333333333,520.72,724.47,87.34752078145475,6,1,0,0,0,0,0.0,23.969999999999914,0.9048461586024191,1.0337314327297633,2,0.3333333333333333
C-32102,Active,Calder Central,45-59,English,Resident with family,1,2023-04-14,,504.62,2023,4,32,2,2,0,6,2912.03,485.33833333333337,347.2,531.23,70.58882557931295,6,1,0,0,0,0,0.0,72.94000000000005,0.9617897295654817,1.052732749395585,0,0.0
C-32103,Active,Weybridge,60-74,English,Resident with family,3,2021-10-24,,720.62,2021,10,50,1,11,3,6,4266.6900000000005,711.1150000000001,684.36,726.77,16.17116044073523,6,1,0,0,0,0,0.0,11.110000000000014,0.9868099691931947,1.0085343176708945,0,0.0
C-32104,Closed,Calder Central,60-74,English,Social tenancy,1,2021-03-26,2025-08,394.39,2021,3,57,5,13,2,6,2349.95,391.6583333333333,371.69,409.74,16.124115376251396,6,1,0,0,4,1,1559.5,34.50000000000006,0.9930736918616936,1.0389208651334974,1,0.16666666666666666
C-32105,Active,Calder Central,30-44,English,No fixed abode,1,2022-02-08,,746.56,2022,2,46,1,16,2,6,4291.5,715.25,604.2,782.14,61.98945910394766,6,1,0,0,0,0,0.0,48.42000000000007,0.9580609729961423,1.0476585940848693,1,0.16666666666666666
C-32106,Active,Calder Central,60-74,English,No fixed abode,2,2022-02-16,,835.24,2022,2,46,2,22,2,6,4966.64,827.7733333333334,789.16,875.08,31.466104726620795,6,1,0,0,0,0,0.0,55.210000000000036,0.9910604536819756,1.0476988649968872,3,0.5
C-32107,Active,Ash Hill,30-44,Other,Owner-occupier,4,2024-11-18,,1130.85,2024,11,13,5,8,1,6,6764.73,1127.455,1081.1,1180.28,35.61633768370926,6,1,0,0,0,0,0.0,70.06000000000017,0.9969978334880842,1.043710483264801,2,0.3333333333333333
C-32108,Closed,Northgate,45-59,English,Private tenancy,1,2021-07-06,2025-11,379.47,2021,7,53,1,2,0,5,1768.5600000000002,353.71200000000005,258.91,397.72,54.54502149600824,5,1,0,0,0,0,0.0,18.25,0.9321211162937783,1.0480933934171344,0,0.0
C-32109,Active,Weybridge,75+,Spanish,Owner-occupier,1,2022-06-12,,552.88,2022,6,42,5,5,3,6,3122.9700000000003,520.495,407.17,579.89,63.380954789274035,6,1,0,0,0,0,0.0,35.08000000000004,0.9414249023296195,1.0488532773838808,1,0.16666666666666666
C-32110,Active,Weybridge,75+,Other,Social tenancy,2,2025-05-09,,569.42,2025,5,7,3,19,5,6,3471.59,578.5983333333334,549.41,601.79,19.36398039315951,6,1,0,0,0,0,0.0,82.31000000000006,1.0161187407069183,1.0568473183239087,5,0.8333333333333334
C-32111,Active,Ash Hill,18-29,English,Private tenancy,3,2025-07-05,,1036.88,2025,7,5,0,6,0,6,5859.15,976.525,795.41,1087.97,116.79815627825637,6,1,0,0,0,0,0.0,98.3299999999997,0.9417917213177994,1.049272818455366,0,0.0
C-32112,Active,Ash Hill,30-44,English,Resident with family,3,2023-12-22,,1140.46,2023,12,24,0,19,1,6,6413.65,1068.9416666666666,949.7,1191.35,89.85773810121562,6,1,0,0,0,0,0.0,51.19999999999982,0.9372899239488159,1.0446223453694121,3,0.5
C-32113,Active,Calder Central,45-59,English,Private tenancy,5,2025-02-10,,1218.17,2025,2,10,1,2,1,6,6909.1900000000005,1151.5316666666668,959.54,1276.24,108.09898009077922,6,1,0,0,0,0,0.0,68.66999999999985,0.9452963598403068,1.0476698654539185,2,0.3333333333333333
C-32114,Active,Calder Central,30-44,English,Private tenancy,3,2021-12-24,,813.69,2021,12,48,4,14,0,6,4896.24,816.04,776.18,852.1,24.9948466688636,6,1,0,0,0,0,0.0,60.26999999999987,1.0028880777691749,1.0472047094102177,0,0.0
C-32115,Active,Calder Central,18-29,Other,No fixed abode,1,2025-07-30,,395.81,2025,7,5,4,22,2,6,2381.41,396.90166666666664,375.31,419.3,19.837897486040866,6,1,0,0,0,0,0.0,56.35000000000002,1.002758057317063,1.0593466562239457,0,0.0
C-32116,Active,Calder Central,45-59,English,No fixed abode,1,2023-02-11,,486.75,2023,2,34,1,20,0,6,2938.57,489.7616666666667,467.72,514.32,21.197759708673626,6,1,0,0,0,0,0.0,64.57000000000005,1.0061872966957714,1.0566409861325117,0,0.0
C-32117,Active,Ash Hill,45-59,English,Resident with family,3,2021-10-14,,897.4,2021,10,50,0,18,1,6,5371.46,895.2433333333333,845.35,946.69,32.981369084176414,6,1,0,0,0,0,0.0,60.520000000000095,0.9975967610132978,1.0549253398707377,1,0.16666666666666666
C-32118,Active,Calder Central,30-44,English,Social tenancy,3,2022-08-05,,738.16,2022,8,40,2,19,1,6,4390.0599999999995,731.6766666666666,711.66,777.29,24.733893075427225,6,1,0,0,0,0,0.0,42.54000000000008,0.9912168996784799,1.0530101874932265,2,0.3333333333333333
C-32119,Active,Weybridge,30-44,English,Private tenancy,3,2021-04-04,,852.35,2021,4,56,0,7,0,6,5196.76,866.1266666666667,815.41,893.71,30.921002355464932,6,1,0,0,0,0,0.0,129.65999999999997,1.0161631567626757,1.04852466709685,0,0.0
C-32120,Closed,Calder Central,18-29,Other,Private tenancy,3,2023-06-20,2025-09,1022.81,2023,6,30,4,18,3,3,2826.98,942.3266666666667,722.92,1052.72,190.01299990614677,3,1,0,0,0,0,0.0,58.440000000000055,0.9213115502064574,1.029242967902152,0,0.0
C-32121,Active,Calder Central,75+,English,Resident with family,2,2024-11-07,,731.25,2024,11,13,1,15,1,6,4324.77,720.7950000000001,690.11,757.73,26.683405142522567,6,1,0,0,0,0,0.0,36.51999999999998,0.9857025641025641,1.0362119658119657,1,0.16666666666666666
C-32122,Active,Weybridge,45-59,English,Owner-occupier,2,2022-10-19,,844.52,2022,10,38,3,23,1,6,5103.87,850.645,813.98,884.21,29.99992116656306,6,1,0,0,0,0,0.0,94.11000000000001,1.0072526405532136,1.0469971107848246,3,0.5
C-32123,Active,Calder Central,45-59,Spanish,Social tenancy,3,2022-04-04,,994.22,2022,4,44,4,13,1,6,5981.75,996.9583333333334,938.84,1037.96,37.622883151968395,6,1,0,0,0,0,0.0,100.5,1.0027542529151832,1.043994286978737,0,0.0
C-32124,Active,Weybridge,60-74,Spanish,Social tenancy,2,2023-09-03,,625.43,2023,9,27,4,4,2,6,3653.53,608.9216666666667,593.22,662.01,26.645323354515067,6,1,0,0,0,0,0.0,36.58000000000004,0.9736048265460031,1.0584877604208305,0,0.0
C-32125,Active,Weybridge,18-29,Spanish,Resident with family,4,2021-07-30,,1200.74,2021,7,53,5,8,2,6,6896.780000000001,1149.4633333333334,1012.24,1234.3,105.39114320789321,6,1,0,0,0,0,0.0,65.75999999999999,0.9572957787142373,1.027949431184103,1,0.16666666666666666
C-32126,Active,Ash Hill,60-74,English,No fixed abode,1,2025-03-15,,419.03,2025,3,9,2,15,0,6,2449.0,408.1666666666667,334.47,435.37,39.01394554087892,6,1,0,0,0,0,0.0,43.75000000000006,0.9740750463371756,1.0389948213731715,0,0.0
C-32127,Active,Ash Hill,45-59,Other,No fixed abode,3,2023-04-04,,1187.95,2023,4,32,4,10,2,6,7095.85,1182.6416666666667,1125.07,1254.17,50.12374025017159,6,1,0,0,0,0,0.0,109.23000000000002,0.9955315178809433,1.0557430868302538,2,0.3333333333333333
C-32128,Active,Northgate,45-59,English,Resident with family,3,2021-11-12,,893.11,2021,11,49,3,21,0,6,5237.83,872.9716666666667,845.18,932.79,39.08763866833943,6,1,0,0,0,0,0.0,59.08999999999992,0.9774514524153427,1.0444290177021867,0,0.0
C-32129,Active,Calder Central,45-59,English,Social tenancy,3,2022-05-28,,1041.98,2022,5,43,0,21,0,6,6456.4,1076.0666666666666,1057.95,1095.61,16.835503754466778,6,1,0,0,0,0,0.0,204.51999999999998,1.0327133598213656,1.0514693180291368,0,0.0
C-32130,Active,Northgate,60-74,English,Social tenancy,1,2024-12-20,,712.55,2024,12,12,0,20,1,6,4132.76,688.7933333333334,609.24,746.76,46.516843257756285,6,1,0,0,0,0,0.0,34.210000000000036,0.9666596496152318,1.0480106659181812,2,0.3333333333333333
C-32131,Closed,Weybridge,30-44,English,Social tenancy,4,2023-08-12,2025-12,966.69,2023,8,28,0,15,0,6,5449.16,908.1933333333333,683.8,1015.59,117.01448793489921,6,1,0,0,0,0,0.0,66.52999999999997,0.9394876675390593,1.0505849858796512,0,0.0
C-32132,Active,Ash Hill,18-29,English,Resident with family,4,2024-10-27,,1263.72,2024,10,14,1,16,0,6,7379.97,1229.9950000000001,1061.55,1315.13,92.27922295945062,6,1,0,0,0,0,0.0,74.88000000000011,0.9733129174184155,1.0406814800747002,0,0.0
C-32133,Active,Northgate,75+,Other,Social tenancy,3,2023-01-23,,1208.96,2023,1,35,6,15,2,8,9193.42,1149.1775,910.63,1244.7,147.54778564926008,6,2,2,1,0,0,0.0,118.40000000000009,0.9505504731339333,1.029562599258867,4,0.5
C-32134,Active,Northgate,18-29,English,No fixed abode,3,2022-09-17,,658.98,2022,9,39,4,11,0,6,3797.02,632.8366666666667,502.49,696.56,68.8296536869587,6,1,0,0,0,0,0.0,57.69999999999993,0.9603275769623761,1.057027527390816,0,0.0
C-32135,Active,Ash Hill,60-74,English,No fixed abode,4,2024-12-30,,801.31,2024,12,12,2,10,0,6,4480.8,746.8000000000001,535.62,838.16,108.20361417254045,6,1,0,0,0,0,0.0,50.930000000000064,0.9319738927506208,1.0459871959666047,0,0.0
C-32136,Active,Calder Central,45-59,Other,No fixed abode,1,2024-08-14,,601.65,2024,8,16,5,11,1,6,3593.39,598.8983333333333,570.75,632.17,25.40448182243964,6,1,0,0,0,0,0.0,51.06000000000006,0.9954264661070944,1.0507271669575333,0,0.0
C-32137,Active,Calder Central,75+,English,Resident with family,2,2023-02-26,,512.47,2023,2,34,6,22,1,6,3039.48,506.58,485.65,536.66,20.19596890470965,6,1,0,0,0,0,0.0,33.27999999999986,0.9885066442913731,1.047202763088571,4,0.6666666666666666
C-32138,Active,Ash Hill,45-59,Spanish,Resident with family,1,2022-12-12,,424.51,2022,12,36,9,5,2,6,2507.92,417.9866666666667,379.24,444.38,24.25168997547732,6,1,0,0,0,0,0.0,35.420000000000016,0.9846332634488392,1.0468069067866481,0,0.0
C-32139,Closed,Ash Hill,75+,English,Owner-occupier,1,2024-08-01,2025-12,441.48,2024,8,16,0,22,2,6,2672.39,445.3983333333333,434.35,455.51,7.594928351647978,6,1,0,0,0,0,0.0,30.709999999999866,1.0088754492464738,1.0317794690586208,2,0.3333333333333333
C-32140,Closed,Northgate,45-59,Spanish,Social tenancy,2,2022-11-12,2025-10,828.91,2022,11,37,4,9,1,4,3406.2,851.55,821.39,873.57,24.430292671190017,4,1,0,0,0,0,0.0,98.08000000000015,1.0273129772834204,1.0538779843408814,1,0.25
C-32141,Active,Northgate,30-44,English,Resident with family,2,2025-01-11,,763.58,2025,1,11,0,22,0,6,4554.08,759.0133333333333,729.02,805.14,26.850490250024606,6,1,0,0,0,0,0.0,49.1099999999999,0.9940193998445918,1.0544278268157887,0,0.0
C-32142,Active,Northgate,30-44,Other,Owner-occupier,4,2023-10-10,,1139.8,2023,10,26,5,13,4,6,6975.93,1162.655,1090.21,1204.76,46.98015655572035,6,1,0,0,0,0,0.0,206.76000000000022,1.020051763467275,1.0569924548166345,0,0.0
C-32143,Active,Calder Central,60-74,Spanish,Resident with family,1,2024-09-06,,720.6,2024,9,15,4,10,0,6,4314.39,719.065,677.38,760.82,34.799842384700554,6,1,0,0,0,0,0.0,80.37,0.9978698306966417,1.0558145989453234,0,0.0
C-32144,Active,Calder Central,30-44,English,Resident with family,2,2025-07-20,,655.68,2025,7,5,2,2,0,6,3726.3900000000003,621.065,484.55,682.59,72.00241322344688,6,1,0,0,0,0,0.0,50.100000000000136,0.9472074792581747,1.0410413616398244,0,0.0
C-32145,Suspended,Calder Central,45-59,Spanish,Private tenancy,2,2022-09-01,,995.58,2022,9,39,2,19,3,6,6070.15,1011.6916666666666,938.74,1048.71,42.89732318766132,6,1,0,0,0,0,0.0,167.02999999999997,1.0161831963947314,1.0533658771771228,2,0.3333333333333333
C-32146,Closed,Weybridge,45-59,English,Social tenancy,1,2022-09-13,2025-10,524.54,2022,9,39,2,2,1,4,2069.8,517.45,501.92,527.2,10.846624666995115,4,1,0,0,0,0,0.0,2.660000000000082,0.9864833949746445,1.0050711099248868,1,0.25
C-32147,Active,Ash Hill,60-74,English,Social tenancy,2,2022-09-18,,981.1,2022,9,39,4,22,1,6,5395.71,899.285,757.1,1017.51,101.1707441407841,6,1,0,0,0,0,0.0,47.34999999999991,0.9166089083681582,1.037111405565182,3,0.5
C-32148,Active,Calder Central,30-44,English,Social tenancy,1,2024-02-15,,680.72,2024,2,22,1,15,1,6,3953.4500000000003,658.9083333333334,500.22,718.58,81.54308981554887,6,1,0,0,0,0,0.0,80.72000000000003,0.9679579464880322,1.0556175813844164,1,0.16666666666666666
C-32149,Active,Ash Hill,45-59,English,Owner-occupier,1,2025-08-02,,661.03,2025,8,4,3,16,1,6,3917.05,652.8416666666667,573.08,698.53,47.92569808220497,6,1,0,0,0,0,0.0,87.78999999999996,0.9876127659359888,1.0567296491838494,1,0.16666666666666666
C-32150,Active,Northgate,45-59,Spanish,Social tenancy,2,2024-08-20,,516.79,2024,8,16,3,16,0,6,2998.51,499.7516666666667,427.57,518.49,35.88395040497448,6,1,0,0,0,0,0.0,4.530000000000086,0.9670304507956166,1.003289537336249,0,0.0
C-32151,Active,Northgate,30-44,English,No fixed abode,3,2023-09-14,,620.15,2023,9,27,3,16,1,6,3701.3199999999997,616.8866666666667,591.31,651.56,24.33972117068451,6,1,0,0,0,0,0.0,49.710000000000036,0.994737832244887,1.0506490365234218,3,0.5
C-32152,Closed,Ash Hill,75+,English,Social tenancy,5,2022-02-03,2025-07,1074.99,2022,2,46,0,4,2,1,1122.4,1122.4,1122.4,1122.4,0.0,1,1,0,0,0,0,0.0,47.41000000000008,1.0441027358394033,1.0441027358394033,0,0.0
C-32153,Active,Northgate,45-59,English,No fixed abode,1,2023-05-12,,576.86,2023,5,31,3,4,0,6,3486.8999999999996,581.15,547.11,596.39,20.303573084558277,6,1,0,0,0,0,0.0,66.79999999999984,1.0074368130915647,1.0338557015567036,0,0.0
C-32154,Suspended,Northgate,30-44,English,No fixed abode,1,2022-01-05,,573.79,2022,1,47,6,16,0,6,3312.77,552.1283333333333,440.32,589.49,56.15259652648902,6,1,0,0,0,0,0.0,26.740000000000123,0.9622480930886446,1.0273619268373448,0,0.0
C-32155,Closed,Ash Hill,75+,English,Social tenancy,1,2023-06-22,2025-08,390.41,2023,6,30,5,8,1,6,2352.51,392.08500000000004,369.89,406.11,14.518718607370296,6,1,0,0,4,1,1544.31,41.11999999999989,1.0042903614149228,1.040214133859276,2,0.3333333333333333
C-32156,Active,Northgate,60-74,English,Resident with family,1,2021-02-01,,487.42,2021,2,58,1,18,1,6,2874.62,479.1033333333333,393.11,515.8,44.751145087770276,6,1,0,0,0,0,0.0,60.719999999999914,0.9829373709189883,1.0582249394772474,1,0.16666666666666666
C-32157,Active,Ash Hill,18-29,Other,No fixed abode,3,2025-08-08,,957.35,2025,8,4,4,21,0,6,5528.99,921.4983333333333,666.66,1007.47,129.89984240431806,6,1,0,0,0,0,0.0,131.01999999999987,0.9625511394300238,1.052352849010289,0,0.0
C-32158,Active,Calder Central,60-74,English,Resident with family,2,2022-02-20,,801.83,2022,2,46,1,15,1,6,4717.639999999999,786.2733333333332,755.21,819.27,26.30986177589432,6,1,0,0,0,0,0.0,31.409999999999854,0.9805985474892848,1.0217502463115622,2,0.3333333333333333
C-32159,Active,Calder Central,45-59,English,Resident with family,2,2021-08-29,,757.01,2021,8,52,3,15,1,6,4313.41,718.9016666666666,565.36,798.45,79.75438531307648,6,1,0,0,0,0,0.0,41.440000000000055,0.9496594056441351,1.0547416810874362,1,0.16666666666666666
C-32160,Active,Northgate,60-74,English,Social tenancy,1,2024-06-15,,711.65,2024,6,18,0,21,1,6,4349.0,724.8333333333334,696.49,750.15,24.309297535442415,6,1,0,0,0,0,0.0,105.19000000000005,1.018525024005246,1.0540996276259398,1,0.16666666666666666
C-32161,Active,Calder Central,30-44,English,No fixed abode,3,2023-04-09,,715.53,2023,4,32,2,16,1,6,4131.46,688.5766666666667,597.91,745.77,50.241227559312954,6,1,0,0,0,0,0.0,30.24000000000001,0.9623309528135322,1.0422623789358938,1,0.16666666666666666
C-32162,Active,Northgate,60-74,English,Social tenancy,4,2023-05-24,,1433.22,2023,5,31,0,1,0,6,8077.8099999999995,1346.3016666666665,1052.09,1498.65,153.41214272888143,6,1,0,0,0,0,0.0,65.43000000000006,0.9393545071005613,1.045652446937665,0,0.0
C-32163,Active,Calder Central,30-44,English,No fixed abode,3,2022-01-15,,605.89,2022,1,47,2,6,1,6,3509.1,584.85,458.89,631.69,64.67968676485687,6,1,0,0,0,0,0.0,52.930000000000064,0.9652742246942515,1.0425819868292925,0,0.0
C-32164,Active,Northgate,30-44,English,Owner-occupier,2,2022-12-24,,711.74,2022,12,36,3,23,0,6,4026.79,671.1316666666667,489.49,753.41,94.67729535990489,6,1,0,0,0,0,0.0,60.76999999999987,0.9429449892751097,1.0585466602972995,0,0.0
C-32165,Active,Calder Central,45-59,English,No fixed abode,1,2024-06-04,,606.78,2024,6,18,1,6,1,6,3457.78,576.2966666666667,452.55,643.09,89.13458849776927,6,1,0,0,0,0,0.0,105.73000000000013,0.9497621323489018,1.0598404693628665,1,0.16666666666666666
C-32166,Active,Calder Central,45-59,English,No fixed abode,2,2023-11-09,,933.1,2023,11,25,2,3,0,6,5557.21,926.2016666666667,895.26,983.01,30.93668464245427,6,1,0,0,0,0,0.0,51.879999999999995,0.9926070803415139,1.0534883720930233,0,0.0
C-32167,Active,Ash Hill,60-74,English,No fixed abode,2,2025-06-05,,606.09,2025,6,6,1,10,1,6,3578.39,596.3983333333333,574.98,637.47,24.243795426184136,6,1,0,0,0,0,0.0,39.34999999999991,0.9840095255380114,1.0517744889372864,2,0.3333333333333333
C-32168,Closed,Calder Central,75+,English,Resident with family,2,2021-04-21,2025-08,1014.16,2021,4,56,0,14,0,2,2070.77,1035.385,1025.53,1045.24,13.937074657186878,2,1,0,0,0,0,0.0,42.450000000000045,1.020928650311588,1.030646051905025,0,0.0
C-32169,Active,Calder Central,45-59,English,Resident with family,2,2022-12-10,,851.18,2022,12,36,0,23,1,6,4801.82,800.3033333333333,634.26,900.4,88.30387594362244,6,1,0,0,0,0,0.0,49.22000000000003,0.9402280755343563,1.0578256068046712,1,0.16666666666666666
C-32170,Active,Weybridge,30-44,English,Social tenancy,1,2025-04-11,,716.35,2025,4,8,1,0,2,6,4312.71,718.785,679.66,755.54,24.60860723405531,6,1,0,0,0,0,0.0,54.57999999999993,1.003399176380261,1.054707894185803,4,0.6666666666666666
C-32171,Active,Calder Central,75+,English,No fixed abode,2,2024-04-11,,619.06,2024,4,20,0,0,1,6,3762.56,627.0933333333334,588.17,651.71,21.33076151164481,6,1,0,0,0,0,0.0,79.09000000000026,1.0129766635436523,1.0527412528672504,1,0.16666666666666666
C-32172,Active,Weybridge,30-44,English,Private tenancy,1,2023-06-18,,582.05,2023,6,30,0,22,3,6,3435.4,572.5666666666667,555.45,593.09,16.319691990557523,6,1,0,0,0,0,0.0,18.46000000000015,0.9837070125705124,1.0189674426595654,3,0.5
C-32173,Active,Weybridge,45-59,English,Private tenancy,1,2023-02-05,,653.35,2023,2,34,1,5,1,6,3949.24,658.2066666666666,639.17,677.79,15.71723724662406,6,1,0,0,0,0,0.0,56.719999999999914,1.0074334838396979,1.0374072089997703,1,0.16666666666666666
C-32174,Active,Weybridge,30-44,English,Owner-occupier,3,2021-06-22,,695.95,2021,6,54,4,12,0,6,4157.1,692.85,663.39,719.19,22.955951733700807,6,1,0,0,0,0,0.0,47.07999999999993,0.9955456570155902,1.0333932035347366,0,0.0
C-32175,Active,Calder Central,30-44,English,Resident with family,2,2021-10-25,,618.18,2021,10,50,4,10,1,8,4808.49,601.06125,498.69,634.09,44.239662049051496,6,2,2,1,0,0,0.0,35.56000000000029,0.9723078229641853,1.0257368404024718,3,0.375
C-32176,Active,Northgate,18-29,English,Owner-occupier,1,2022-02-08,,716.02,2022,2,46,0,23,2,6,4404.47,734.0783333333334,698.56,757.44,21.88674065882509,6,1,0,0,0,0,0.0,125.81000000000006,1.025220431459084,1.0578475461579286,1,0.16666666666666666
C-32177,Active,Northgate,30-44,English,Social tenancy,3,2022-02-20,,1181.99,2022,2,46,0,1,0,6,6984.87,1164.145,1111.76,1218.35,40.95969567758046,6,1,0,0,0,0,0.0,49.18999999999983,0.9849025795480503,1.03076168157091,0,0.0
C-32178,Active,Northgate,18-29,Other,Resident with family,2,2021-05-14,,785.57,2021,5,55,3,19,1,6,4525.12,754.1866666666666,668.01,804.98,46.89534802799384,6,1,0,0,0,0,0.0,19.409999999999968,0.9600502395288345,1.0247081736828034,3,0.5
C-32179,Active,Ash Hill,45-59,English,Private tenancy,6,2024-02-22,,1841.46,2024,2,22,1,10,1,6,11032.72,1838.7866666666666,1753.24,1948.8,84.39106295495199,6,1,0,0,0,0,0.0,207.8199999999997,0.9985482533786597,1.058290704115213,0,0.0
C-32180,Active,Ash Hill,18-29,English,Social tenancy,3,2023-09-28,,924.93,2023,9,27,3,12,0,6,5335.85,889.3083333333334,766.98,958.74,65.32618936281732,6,1,0,0,0,0,0.0,33.81000000000006,0.961487175606082,1.0365541176089001,0,0.0
C-32181,Active,Calder Central,60-74,English,Owner-occupier,4,2021-05-19,,1348.39,2021,5,55,2,9,1,6,8316.49,1386.0816666666667,1279.09,1426.06,54.40940669283819,6,1,0,0,0,0,0.0,295.44999999999914,1.0279530897341767,1.0576020290865402,2,0.3333333333333333
C-32182,Active,Northgate,45-59,English,Owner-occupier,3,2024-03-20,,780.62,2024,3,21,0,2,1,6,4619.16,769.86,734.2,789.08,20.310209255445884,6,1,0,0,0,0,0.0,16.25999999999999,0.9862160846506622,1.0108375393917655,0,0.0
C-32183,Suspended,Ash Hill,75+,English,Social tenancy,3,2021-12-10,,889.62,2021,12,48,4,4,2,7,6307.78,901.1114285714285,859.03,937.68,34.023301539078275,6,2,1,1,0,0,0.0,146.00999999999988,1.0129172327189457,1.0540230660281917,0,0.0
C-32184,Active,Calder Central,45-59,Spanish,Resident with family,1,2022-02-28,,584.27,2022,2,46,6,6,1,6,3512.31,585.385,553.68,616.3,23.53590257457742,6,1,0,0,0,0,0.0,57.139999999999986,1.001908364283636,1.0548205452958392,0,0.0
C-32185,Active,Northgate,30-44,English,Private tenancy,1,2023-05-02,,706.3,2023,5,31,0,4,0,6,4122.44,687.0733333333333,582.83,734.15,56.381650442911486,6,1,0,0,0,0,0.0,54.930000000000064,0.972778328377932,1.03943083675492,0,0.0
C-32186,Active,Weybridge,18-29,English,Social tenancy,3,2023-12-18,,1030.34,2023,12,24,2,6,0,6,5608.04,934.6733333333333,686.4,1059.98,160.30804367425444,6,1,0,0,0,0,0.0,71.78000000000043,0.9071503904859886,1.0287672030591843,0,0.0
C-32187,Active,Northgate,30-44,Other,No fixed abode,2,2024-12-13,,524.55,2024,12,12,4,9,1,6,3116.55,519.4250000000001,449.33,545.19,36.20464873465837,6,1,0,0,0,0,0.0,54.05000000000018,0.9902297207129921,1.0393480125822134,1,0.16666666666666666
C-32188,Active,Weybridge,75+,English,Resident with family,4,2022-11-24,,1265.49,2022,11,37,0,9,0,6,7256.96,1209.4933333333333,1024.52,1293.54,101.39607875389787,6,1,0,0,0,0,0.0,53.07999999999993,0.9557510002713047,1.022165327264538,0,0.0
C-32189,Active,Calder Central,30-44,English,Resident with family,1,2022-06-02,,732.86,2022,6,42,2,22,0,6,4352.93,725.4883333333333,690.15,758.69,25.444927523313368,6,1,0,0,0,0,0.0,41.81000000000006,0.9899412347970054,1.0352454766258221,0,0.0
C-32190,Active,Northgate,30-44,English,No fixed abode,3,2021-06-11,,896.56,2021,6,54,6,4,3,7,6029.71,861.3871428571429,638.43,943.93,104.22781533965008,6,2,1,1,0,0,0.0,104.68000000000006,0.9607690983951357,1.0528352815204782,2,0.2857142857142857
C-32191,Active,Ash Hill,60-74,English,Private tenancy,2,2021-05-13,,583.39,2021,5,55,1,11,0,6,3336.37,556.0616666666666,485.5,611.41,56.916488442863944,6,1,0,0,0,0,0.0,54.90999999999997,0.9531559791334555,1.0480296199797734,0,0.0
C-32192,Active,Calder Central,75+,English,Resident with family,2,2022-05-21,,744.05,2022,5,43,1,18,1,6,4352.84,725.4733333333334,558.93,782.46,84.93668952029309,6,1,0,0,0,0,0.0,102.34000000000026,0.9750330398942725,1.0516228748068008,2,0.3333333333333333
C-32193,Closed,Calder Central,75+,English,Owner-occupier,1,2025-07-09,2025-10,664.57,2025,7,5,1,1,0,4,2483.5699999999997,620.8924999999999,503.57,685.2,80.61074261536119,4,1,0,0,0,0,0.0,20.629999999999995,0.9342770513264216,1.0310426290684203,0,0.0
C-32194,Active,Northgate,60-74,English,No fixed abode,6,2021-06-30,,1458.69,2021,6,54,2,23,1,6,8609.91,1434.985,1383.24,1529.32,59.22634641778941,6,1,0,0,0,0,0.0,97.05999999999972,0.9837491173587259,1.048420157812832,2,0.3333333333333333
C-32195,Active,Calder Central,30-44,English,Private tenancy,4,2023-03-05,,1114.27,2023,3,33,3,3,2,6,6306.29,1051.0483333333334,843.99,1173.82,132.20257522706083,6,1,0,0,0,0,0.0,100.83000000000015,0.9432618066835986,1.0534430613765065,3,0.5
C-32196,Closed,Northgate,45-59,English,Resident with family,4,2022-04-12,2025-08,780.57,2022,4,44,3,22,1,2,1491.01,745.505,738.5,752.51,9.906566004423524,2,1,0,0,0,0,0.0,0.0,0.9550776996297576,0.9640519107831456,1,0.5
C-32197,Active,Northgate,30-44,English,Resident with family,4,2021-07-23,,927.31,2021,7,53,4,0,1,6,5641.91,940.3183333333333,899.58,960.79,22.440623357354973,6,1,0,0,0,0,0.0,105.7800000000002,1.0140280308994116,1.0361044310963972,2,0.3333333333333333
C-32198,Active,Calder Central,30-44,English,Private tenancy,1,2025-05-04,,398.47,2025,5,7,0,12,0,6,2399.13,399.855,382.02,416.27,16.77971483667109,6,1,0,0,0,0,0.0,49.759999999999934,1.003475794915552,1.0446708660626898,0,0.0
C-32199,Active,Calder Central,45-59,Spanish,Social tenancy,2,2025-05-17,,765.39,2025,5,7,4,3,2,6,4496.96,749.4933333333333,730.6,778.13,16.055081023360373,6,1,0,0,0,0,0.0,12.740000000000009,0.9792306318783016,1.0166451090293838,0,0.0
C-32200,Closed,Calder Central,75+,English,Social tenancy,1,2023-12-06,2025-07,400.76,2023,12,24,2,23,2,1,379.31,379.31,379.31,379.31,0.0,1,1,0,0,0,0,0.0,0.0,0.9464766942808663,0.9464766942808663,0,0.0
C-32201,Active,Weybridge,60-74,English,Resident with family,3,2022-10-27,,776.4,2022,10,38,0,10,1,6,4407.23,734.5383333333333,550.66,799.36,91.63265977077535,6,1,0,0,0,0,0.0,22.960000000000036,0.9460823458698265,1.029572385368367,1,0.16666666666666666
C-32202,Suspended,Ash Hill,30-44,English,Owner-occupier,3,2022-04-17,,1038.46,2022,4,44,3,2,2,6,5914.08,985.68,814.49,1081.16,89.64224048962635,6,1,0,0,0,0,0.0,42.700000000000045,0.9491747395181326,1.0411185794349325,5,0.8333333333333334
C-32203,Active,Northgate,18-29,Other,No fixed abode,1,2022-02-11,,409.83,2022,2,46,4,3,2,6,2273.39,378.8983333333333,286.35,424.2,57.65209013268005,6,1,0,0,0,0,0.0,28.360000000000014,0.9245256163124548,1.0350633189371203,2,0.3333333333333333
C-32204,Closed,Ash Hill,18-29,English,Owner-occupier,1,2021-09-03,2025-11,766.13,2021,9,51,3,13,0,5,3905.75,781.15,739.75,810.98,28.724534809113948,5,1,0,0,0,0,0.0,102.14999999999998,1.0196050278673332,1.0585409786850797,0,0.0
C-32205,Active,Weybridge,18-29,English,Owner-occupier,4,2025-01-31,,1331.84,2025,1,11,5,4,2,6,7558.92,1259.82,966.02,1364.4,147.11387194958877,6,1,0,0,0,0,0.0,33.52000000000021,0.9459244353676118,1.024447381066795,1,0.16666666666666666
C-32206,Active,Calder Central,30-44,English,Owner-occupier,1,2025-03-27,,496.17,2025,3,9,4,1,1,6,3039.3900000000003,506.56500000000005,481.68,521.49,14.419021811482228,6,1,0,0,0,0,0.0,76.85999999999996,1.0209504806820242,1.0510308966684805,2,0.3333333333333333
C-32207,Active,Calder Central,30-44,English,No fixed abode,1,2025-06-05,,452.27,2025,6,6,1,23,1,6,2642.46,440.41,379.35,473.12,35.66612454416652,6,1,0,0,0,0,0.0,47.08000000000004,0.9737767262918169,1.046100780507219,0,0.0
C-32208,Active,Northgate,45-59,English,Owner-occupier,3,2024-01-20,,819.94,2024,1,23,2,0,0,6,4836.59,806.0983333333334,677.47,865.47,78.94039356797421,6,1,0,0,0,0,0.0,141.51999999999987,0.983118683480905,1.055528453301461,0,0.0
C-32209,Active,Calder Central,60-74,English,Private tenancy,2,2023-08-25,,923.99,2023,8,28,0,20,0,6,5324.18,887.3633333333333,772.2,973.22,85.49339873151999,6,1,0,0,0,0,0.0,106.16000000000008,0.9603603213598992,1.053279797400405,0,0.0
C-32210,Active,Weybridge,18-29,English,No fixed abode,5,2023-09-28,,1588.68,2023,9,27,4,12,0,6,9701.75,1616.9583333333333,1509.23,1677.4,63.65499365066866,6,1,0,0,0,0,0.0,249.1199999999999,1.0177998925732894,1.0558451041115895,0,0.0
C-32211,Active,Calder Central,75+,English,No fixed abode,1,2022-08-25,,638.91,2022,8,40,1,10,0,6,3848.48,641.4133333333333,613.54,670.03,21.237475053938635,6,1,0,0,0,0,0.0,60.210000000000036,1.0039181314008754,1.0487079557371148,0,0.0
C-32212,Active,Weybridge,45-59,Other,Social tenancy,4,2024-01-30,,1156.32,2024,1,23,3,13,2,6,7000.700000000001,1166.7833333333335,1112.13,1211.61,41.150889014293014,6,1,0,0,0,0,0.0,143.33000000000038,1.0090488215488216,1.0478154836031548,2,0.3333333333333333
C-32213,Active,Calder Central,60-74,Other,No fixed abode,2,2021-02-01,,885.73,2021,2,58,4,20,0,6,5097.59,849.5983333333334,658.78,927.96,98.79389949114606,6,1,0,0,0,0,0.0,76.27999999999997,0.9592069065441312,1.0476781863547582,0,0.0
C-32214,Active,Ash Hill,18-29,English,Resident with family,3,2024-04-24,,955.43,2024,4,20,4,16,0,6,5513.71,918.9516666666667,704.42,1008.79,112.98119550025427,6,1,0,0,0,0,0.0,117.65000000000009,0.9618199833233901,1.0558491987900736,0,0.0
C-32215,Active,Weybridge,75+,English,No fixed abode,3,2023-11-04,,1061.56,2023,11,25,1,20,2,6,6423.52,1070.5866666666668,1018.79,1117.42,35.203295110922085,6,1,0,0,0,0,0.0,107.41000000000031,1.0085032091136317,1.0526206714646371,2,0.3333333333333333
C-32216,Active,Ash Hill,18-29,English,Owner-occupier,1,2025-04-21,,404.51,2025,4,8,1,3,2,6,2387.5099999999998,397.9183333333333,382.46,421.65,16.107586307906804,6,1,0,0,0,0,0.0,22.430000000000007,0.9837045643700609,1.0423722528491262,2,0.3333333333333333
C-32217,Closed,Ash Hill,30-44,English,No fixed abode,2,2025-03-09,2025-12,832.28,2025,3,9,0,3,1,6,4762.58,793.7633333333333,636.24,862.15,83.90658893475927,6,1,0,0,0,0,0.0,58.000000000000114,0.9537215039810322,1.0358893641562936,1,0.16666666666666666
C-32218,Closed,Calder Central,30-44,English,Private tenancy,2,2023-11-27,2025-08,710.84,2023,11,25,2,1,0,2,1444.6,722.3,712.58,732.02,13.746155826266401,2,1,0,0,0,0,0.0,22.91999999999996,1.016121771425356,1.0297957346238253,0,0.0
C-32219,Active,Northgate,45-59,English,Owner-occupier,2,2021-07-23,,810.61,2021,7,53,1,10,1,6,4798.28,799.7133333333333,772.2,828.66,21.39577871138761,6,1,0,0,0,0,0.0,29.34999999999991,0.9865574485058577,1.0222671815052862,2,0.3333333333333333
C-32220,Active,Weybridge,18-29,Spanish,Private tenancy,2,2025-05-30,,579.85,2025,5,7,4,1,0,6,3459.58,576.5966666666667,554.37,614.53,22.21844969089127,6,1,0,0,0,0,0.0,42.69999999999993,0.9943893535684515,1.0598085711822023,0,0.0
C-32221,Closed,Northgate,60-74,English,Owner-occupier,1,2024-09-03,2025-09,538.28,2024,9,15,4,18,0,6,3066.81,511.135,374.8,552.44,68.19602297788342,6,1,0,0,3,1,1426.5100000000002,26.250000000000227,0.9495708553169355,1.0263060117411014,0,0.0
C-32222,Active,Ash Hill,45-59,English,Resident with family,4,2022-09-21,,989.3,2022,9,39,5,10,0,6,5941.66,990.2766666666666,932.28,1045.5,48.09281969968769,6,1,0,0,0,0,0.0,120.51000000000022,1.000987230027966,1.0568078439300517,0,0.0
C-32223,Active,Northgate,45-59,English,Social tenancy,6,2023-05-06,,921.4,2023,5,31,2,15,1,6,5625.86,937.6433333333333,904.52,968.58,28.62494622993495,6,1,0,0,0,0,0.0,127.37000000000012,1.0176289704073511,1.0512046885174735,1,0.16666666666666666
C-32224,Active,Northgate,30-44,English,Private tenancy,2,2023-09-26,,581.86,2023,9,27,3,4,1,6,3536.02,589.3366666666667,560.91,616.3,21.323455317247873,6,1,0,0,0,0,0.0,71.37999999999988,1.0128495972685296,1.0591894957549925,2,0.3333333333333333
C-32225,Active,Calder Central,18-29,English,No fixed abode,5,2024-06-28,,1307.34,2024,6,18,3,21,2,6,7245.62,1207.6033333333332,1000.36,1364.51,153.75093543346873,6,1,0,0,0,0,0.0,88.23000000000025,0.9237102309524174,1.0437300166750807,0,0.0
C-32226,Active,Ash Hill,75+,Other,Owner-occupier,1,2022-09-19,,446.01,2022,9,39,5,14,0,6,2481.28,413.5466666666667,347.7,454.69,49.43103869702382,6,1,0,0,0,0,0.0,14.400000000000034,0.9272138890757308,1.0194614470527568,0,0.0
C-32227,Active,Northgate,45-59,English,No fixed abode,5,2021-02-16,,820.14,2021,2,58,0,20,2,6,4684.64,780.7733333333334,638.07,852.79,84.15217279825079,6,1,0,0,0,0,0.0,62.780000000000086,0.9520000650295478,1.0398102762942911,2,0.3333333333333333
C-32228,Active,Weybridge,75+,English,No fixed abode,4,2024-12-08,,1312.98,2024,12,12,1,1,1,6,7632.639999999999,1272.1066666666666,1029.3,1377.37,126.02316226260423,6,1,0,0,0,0,0.0,108.34999999999991,0.9688697974581993,1.0490411125835883,2,0.3333333333333333
C-32229,Active,Calder Central,75+,English,No fixed abode,3,2024-01-20,,1226.96,2024,1,23,3,1,2,6,7042.150000000001,1173.6916666666668,993.23,1277.15,98.65357214346913,6,1,0,0,0,0,0.0,69.12000000000012,0.9565851100823716,1.0409059790050206,0,0.0
C-32230,Active,Calder Central,30-44,English,No fixed abode,4,2024-08-26,,992.33,2024,8,16,3,19,1,6,5582.05,930.3416666666667,792.39,1009.22,87.25317722963827,6,1,0,0,0,0,0.0,21.279999999999973,0.9375325412581165,1.0170205476000926,2,0.3333333333333333
C-32231,Active,Calder Central,60-74,English,Resident with family,3,2021-07-05,,924.12,2021,7,53,2,11,2,6,5392.64,898.7733333333334,707.89,971.44,95.39024953666213,6,1,0,0,0,0,0.0,71.96000000000004,0.972572104632876,1.0512054711509329,1,0.16666666666666666
C-32232,Active,Calder Central,18-29,English,Private tenancy,4,2021-04-09,,1220.18,2021,4,56,2,4,0,6,7348.72,1224.7866666666666,1161.18,1276.51,38.35102380206639,6,1,0,0,0,0,0.0,95.42999999999961,1.003775399258033,1.0461653198708387,0,0.0
C-32233,Closed,Weybridge,45-59,Other,Social tenancy,2,2023-05-17,2025-11,854.28,2023,5,31,3,21,1,5,4157.24,831.448,697.97,885.92,77.07080296714183,5,1,0,0,0,0,0.0,63.07000000000005,0.9732733998220724,1.037037037037037,1,0.2
C-32234,Active,Calder Central,75+,English,Private tenancy,2,2023-07-25,,864.9,2023,7,29,1,8,0,6,5076.95,846.1583333333333,816.46,885.75,25.91192421775475,6,1,0,0,0,0,0.0,20.850000000000023,0.97833082822677,1.0241068331599028,0,0.0
C-32235,Active,Weybridge,45-59,English,Social tenancy,2,2023-10-22,,501.18,2023,10,26,2,3,1,6,2837.92,472.9866666666667,387.63,519.04,55.02936731116092,6,1,0,0,0,0,0.0,37.629999999999995,0.9437460925549037,1.0356358992777046,0,0.0
C-32236,Active,Ash Hill,75+,Spanish,No fixed abode,1,2022-03-04,,549.36,2022,3,45,6,14,1,6,3045.18,507.53,394.79,577.77,73.32733760337952,6,1,0,0,0,0,0.0,38.08999999999992,0.9238568516091452,1.0517147225862822,1,0.16666666666666666
C-32237,Active,Calder Central,60-74,English,Social tenancy,3,2024-01-18,,992.29,2024,1,23,0,20,0,6,5748.59,958.0983333333334,785.15,1048.6,93.65114252728937,6,1,0,0,0,0,0.0,89.71000000000004,0.9655426672982025,1.056747523405456,0,0.0
C-32238,Active,Northgate,75+,English,Social tenancy,1,2024-06-04,,454.83,2024,6,18,1,3,0,6,2660.97,443.49499999999995,349.21,480.27,48.525277845675454,6,1,0,0,0,0,0.0,56.85000000000002,0.9750786007959018,1.0559329859507949,0,0.0
C-32239,Active,Weybridge,75+,Spanish,Social tenancy,2,2021-05-23,,827.5,2021,5,55,2,15,1,6,4974.28,829.0466666666666,796.67,853.91,23.52554073059039,6,1,0,0,0,0,0.0,60.319999999999936,1.0018690835850956,1.0319154078549848,1,0.16666666666666666
C-32240,Suspended,Calder Central,60-74,English,Social tenancy,2,2021-04-16,,596.8,2021,4,56,2,2,1,6,3514.7799999999997,585.7966666666666,563.39,627.46,23.317468701955335,6,1,0,0,0,0,0.0,31.850000000000136,0.9815627792672029,1.0513739946380698,3,0.5
C-32241,Active,Calder Central,45-59,English,Social tenancy,2,2024-10-04,,1020.38,2024,10,14,5,18,1,6,6048.16,1008.0266666666666,961.58,1051.34,33.93734796159925,6,1,0,0,0,0,0.0,45.31000000000006,0.9878933991911509,1.030341637429193,0,0.0
C-32242,Active,Ash Hill,45-59,English,Resident with family,1,2021-03-31,,499.23,2021,3,57,1,8,1,6,2947.42,491.2366666666667,437.35,522.66,30.852564020947533,6,1,0,0,0,0,0.0,38.6699999999999,0.9839886758942104,1.046932275704585,4,0.6666666666666666
C-32243,Active,Calder Central,45-59,English,No fixed abode,5,2024-02-09,,1051.5,2024,2,22,0,19,0,6,6400.99,1066.8316666666667,1043.14,1093.17,22.17566541654766,6,1,0,0,0,0,0.0,105.99000000000001,1.0145807576478048,1.0396291012838803,0,0.0
C-32244,Active,Weybridge,45-59,English,Owner-occupier,2,2025-01-21,,672.92,2025,1,11,0,11,1,6,4110.07,685.0116666666667,673.18,695.11,8.634371816563505,6,1,0,0,0,0,0.0,72.55000000000018,1.0179689512373933,1.0329756880461274,3,0.5
C-32245,Active,Ash Hill,45-59,English,Private tenancy,1,2024-12-16,,703.0,2024,12,12,1,4,1,6,4160.79,693.465,668.86,740.09,25.382600930558727,6,1,0,0,0,0,0.0,37.09000000000003,0.9864366998577525,1.0527596017069702,2,0.3333333333333333
C-32246,Active,Weybridge,75+,English,Social tenancy,4,2021-11-10,,1153.6,2021,11,49,3,7,0,6,6721.08,1120.18,1014.48,1204.03,64.33562776564786,6,1,0,0,0,0,0.0,50.430000000000064,0.9710298196948685,1.0437153259361998,0,0.0
C-32247,Closed,Weybridge,18-29,English,No fixed abode,4,2021-10-02,2025-12,842.73,2021,10,50,3,5,2,6,4944.3099999999995,824.0516666666666,805.18,875.34,26.103327310261967,6,1,0,0,0,0,0.0,32.610000000000014,0.9778359221419276,1.038695667651561,3,0.5
C-32248,Active,Weybridge,45-59,English,Resident with family,3,2022-01-23,,950.87,2022,1,47,3,21,1,6,5432.1,905.35,745.27,980.34,83.74599262054274,6,1,0,0,0,0,0.0,42.51999999999998,0.9521280511531546,1.03099266987075,1,0.16666666666666666
C-32249,Active,Weybridge,30-44,English,Owner-occupier,4,2022-07-23,,1262.36,2022,7,41,3,6,0,6,7191.99,1198.665,937.19,1333.16,138.20884787161782,6,1,0,0,0,0,0.0,90.72000000000025,0.9495429196108877,1.056085427294908,0,0.0
C-32250,Active,Northgate,45-59,English,Resident with family,1,2022-12-17,,496.99,2022,12,36,1,21,1,6,2991.17,498.52833333333336,469.39,524.21,23.397311312769837,6,1,0,0,0,0,0.0,66.15999999999997,1.0030953003749237,1.0547697136763317,0,0.0
C-32251,Suspended,Ash Hill,30-44,English,Owner-occupier,1,2024-11-11,,400.24,2024,11,13,1,3,0,6,2298.49,383.08166666666665,274.44,420.75,55.693779335457805,6,1,0,0,0,0,0.0,53.52999999999997,0.9571298887334265,1.0512442534479312,0,0.0
C-32252,Active,Ash Hill,18-29,Spanish,Resident with family,3,2023-10-12,,857.1,2023,10,26,8,18,1,8,6829.7,853.7125,635.18,890.3,88.55096914045768,6,2,2,1,0,0,0.0,194.81999999999982,0.9960477190526194,1.0387352700968382,4,0.5
C-32253,Suspended,Weybridge,30-44,English,No fixed abode,1,2022-11-03,,413.65,2022,11,37,3,20,0,6,2515.67,419.27833333333336,391.28,436.42,17.50243459255502,6,1,0,0,0,0,0.0,62.250000000000114,1.0136065111406585,1.055046536927354,0,0.0
C-32254,Active,Calder Central,30-44,English,Private tenancy,2,2021-12-03,,941.67,2021,12,48,1,4,2,6,5454.0,909.0,814.6,950.01,51.56863969507047,6,1,0,0,0,0,0.0,13.350000000000023,0.9653063174997611,1.0088566058173245,1,0.16666666666666666
C-32255,Closed,Northgate,60-74,English,No fixed abode,5,2025-08-27,2025-10,1557.84,2025,8,4,2,19,0,4,6331.44,1582.86,1503.86,1619.58,53.40904292970124,4,1,0,0,0,0,0.0,154.06000000000017,1.0160606994299801,1.0396317978739793,0,0.0
C-32256,Active,Northgate,60-74,English,Owner-occupier,1,2024-04-11,,379.94,2024,4,20,2,7,0,6,2129.66,354.9433333333333,283.45,398.86,43.385644015810875,6,1,0,0,0,0,0.0,28.54000000000002,0.9342089101788001,1.0497973364215403,0,0.0
C-32257,Active,Northgate,45-59,English,No fixed abode,6,2024-05-06,,1741.29,2024,5,19,2,9,1,6,10523.77,1753.9616666666668,1672.04,1830.08,56.15678851810044,6,1,0,0,0,0,0.0,171.42000000000007,1.0072771719051201,1.0509909320101762,1,0.16666666666666666
C-32258,Active,Ash Hill,30-44,English,Social tenancy,2,2022-12-08,,947.13,2022,12,36,0,19,1,6,5527.37,921.2283333333334,691.67,1003.83,120.31761507221901,6,1,0,0,0,0,0.0,162.80000000000007,0.9726524693899816,1.0598650660416205,0,0.0
C-32259,Active,Calder Central,45-59,English,No fixed abode,3,2023-02-19,,796.26,2023,2,34,3,20,0,6,4704.4,784.0666666666666,656.65,843.39,68.43022860305719,6,1,0,0,0,0,0.0,103.62,0.984686743860883,1.059189209554668,0,0.0
C-32260,Active,Weybridge,45-59,English,No fixed abode,2,2024-09-21,,675.95,2024,9,15,3,10,0,6,3907.01,651.1683333333334,487.26,713.66,86.00478089424254,6,1,0,0,0,0,0.0,97.76999999999987,0.9633380180979855,1.0557881500110953,0,0.0
C-32261,Active,Northgate,30-44,English,Social tenancy,2,2021-02-05,,540.71,2021,2,58,1,2,0,6,3136.98,522.83,508.86,535.77,10.377417790568167,6,1,0,0,0,0,0.0,0.0,0.9669323667030385,0.99086386417858,0,0.0
C-32262,Active,Weybridge,30-44,English,No fixed abode,1,2023-01-26,,604.3,2023,1,35,2,19,1,6,3622.63,603.7716666666666,571.44,616.61,16.809710784741835,6,1,0,0,0,0,0.0,34.19000000000017,0.9991257101880965,1.0203706768161511,1,0.16666666666666666
C-32263,Active,Weybridge,18-29,English,No fixed abode,3,2022-06-13,,969.41,2022,6,42,2,16,1,6,5588.0,931.3333333333334,811.12,1005.42,70.36442586042081,6,1,0,0,0,0,0.0,65.10000000000002,0.9607218136117157,1.0371463054847794,1,0.16666666666666666
C-32264,Active,Calder Central,18-29,English,Private tenancy,3,2025-04-26,,1000.16,2025,4,8,1,10,1,6,5752.36,958.7266666666666,794.63,1050.81,95.37700030230907,6,1,0,0,0,0,0.0,73.33000000000004,0.9585732949394764,1.0506418972964326,1,0.16666666666666666
C-32265,Active,Ash Hill,45-59,English,Social tenancy,3,2025-02-10,,700.63,2025,2,10,2,21,0,6,3970.5499999999997,661.7583333333333,509.12,728.31,78.8250448567374,6,1,0,0,0,0,0.0,40.52999999999997,0.9445189805365647,1.0395073005723419,0,0.0
C-32266,Active,Weybridge,30-44,Other,No fixed abode,1,2023-07-07,,412.33,2023,7,29,5,10,1,6,2366.99,394.4983333333333,303.66,434.5,47.58610192762867,6,1,0,0,0,0,0.0,39.920000000000016,0.9567538945343131,1.0537676133194287,1,0.16666666666666666
C-32267,Active,Calder Central,75+,English,Private tenancy,4,2022-09-07,,1029.52,2022,9,39,1,5,1,6,5864.14,977.3566666666667,807.62,1080.23,110.54750936437539,6,1,0,0,0,0,0.0,110.6400000000001,0.9493323749579092,1.0492559639443624,3,0.5
C-32268,Active,Calder Central,30-44,English,Resident with family,2,2023-11-17,,769.45,2023,11,25,2,22,0,6,4548.6,758.1,726.96,807.74,27.468011213045585,6,1,0,0,0,0,0.0,38.289999999999964,0.9852492039768665,1.0497628175969849,0,0.0
C-32269,Active,Northgate,60-74,English,No fixed abode,4,2021-07-25,,889.8,2021,7,53,0,0,2,6,5272.33,878.7216666666667,849.59,927.39,28.940000287952074,6,1,0,0,0,0,0.0,45.54000000000008,0.987549636622462,1.0422454484153743,1,0.16666666666666666
C-32270,Active,Calder Central,45-59,English,Resident with family,1,2025-01-16,,643.64,2025,1,11,1,6,1,6,3717.01,619.5016666666667,559.54,681.99,42.14820015927927,6,1,0,0,0,0,0.0,38.35000000000002,0.9624971516168458,1.0595829967062333,2,0.3333333333333333
C-32271,Active,Ash Hill,45-59,Spanish,Social tenancy,4,2021-02-03,,909.2,2021,2,58,6,8,1,6,5299.99,883.3316666666666,730.64,960.92,80.76495463173782,6,1,0,0,0,0,0.0,79.93999999999983,0.9715482475436281,1.0568851737791465,1,0.16666666666666666
C-32272,Active,Ash Hill,18-29,English,Social tenancy,1,2024-12-02,,460.3,2024,12,12,2,3,0,6,2712.95,452.1583333333333,434.46,475.79,15.482908533821,6,1,0,0,0,0,0.0,16.860000000000014,0.9823122601202114,1.0336519661090593,0,0.0
C-32273,Active,Ash Hill,60-74,Spanish,Social tenancy,5,2021-07-27,,908.94,2021,7,53,3,12,1,6,5470.36,911.7266666666666,788.93,959.31,63.120652299122085,6,1,0,0,0,0,0.0,143.4599999999997,1.003065842263149,1.0554161990890487,0,0.0
C-32274,Active,Ash Hill,30-44,Spanish,Social tenancy,2,2023-07-07,,535.49,2023,7,29,3,7,2,6,3112.4,518.7333333333333,452.62,556.99,35.29835784660053,6,1,0,0,0,0,0.0,21.5,0.9687077878827491,1.0401501428598106,0,0.0
C-32275,Active,Northgate,18-29,English,Social tenancy,2,2022-01-09,,726.93,2022,1,47,2,21,0,6,3985.86,664.3100000000001,543.15,750.58,79.96828771456846,6,1,0,0,0,0,0.0,23.65000000000009,0.9138569050665127,1.0325340816859947,0,0.0
C-32276,Active,Northgate,30-44,English,No fixed abode,2,2022-12-30,,987.04,2022,12,36,0,12,0,6,5996.16,999.36,943.62,1021.26,29.34052214940968,6,1,0,0,0,0,0.0,117.34000000000015,1.0124817636569947,1.034669314313503,0,0.0
C-32277,Active,Northgate,18-29,English,Resident with family,2,2022-08-12,,746.19,2022,8,40,3,2,1,6,4310.91,718.485,619.87,778.77,57.8882830113314,6,1,0,0,0,0,0.0,61.82999999999993,0.9628713866441522,1.0436618019539259,1,0.16666666666666666
C-32278,Active,Calder Central,45-59,Other,Social tenancy,4,2025-07-11,,845.11,2025,7,5,4,9,2,6,4894.04,815.6733333333333,622.82,878.86,95.71203846260234,6,1,0,0,0,0,0.0,59.479999999999905,0.9651682423984255,1.0399356296813433,2,0.3333333333333333
C-32279,Active,Calder Central,18-29,English,Social tenancy,2,2025-02-08,,677.48,2025,2,10,2,5,0,6,4134.71,689.1183333333333,657.77,716.19,23.0893494206023,6,1,0,0,0,0,0.0,100.13999999999999,1.017178858908504,1.0571382181023794,0,0.0
C-32280,Active,Calder Central,45-59,Spanish,Private tenancy,3,2022-11-30,,762.86,2022,11,37,2,10,2,6,4735.16,789.1933333333333,748.1,807.86,22.777541277905005,6,1,0,0,0,0,0.0,172.76,1.0345192215260117,1.0589885431140706,1,0.16666666666666666
C-32281,Active,Northgate,45-59,English,Social tenancy,4,2024-04-26,,1264.71,2024,4,20,2,2,2,6,6860.64,1143.44,909.49,1331.39,178.81118533246186,6,1,0,0,0,0,0.0,101.40000000000009,0.9041124052154248,1.0527235492721652,1,0.16666666666666666
C-32282,Active,Northgate,30-44,English,Private tenancy,2,2023-01-29,,916.66,2023,1,35,3,22,1,6,5197.41,866.235,693.53,921.77,86.4715920403921,6,1,0,0,0,0,0.0,5.540000000000077,0.9449905090218839,1.0055745859969891,0,0.0
C-32283,Active,Calder Central,30-44,English,Resident with family,2,2024-10-14,,918.46,2024,10,14,2,10,0,6,5358.63,893.105,684.94,951.75,102.93376311978494,6,1,0,0,0,0,0.0,83.55999999999983,0.9723940073601464,1.0362454543474946,0,0.0
C-32284,Active,Calder Central,60-74,English,Social tenancy,1,2021-02-09,,520.8,2021,2,58,2,20,2,6,3070.31,511.7183333333333,422.55,542.8,45.627803548567464,6,1,0,0,0,0,0.0,57.05000000000007,0.9825620839733743,1.0422427035330262,4,0.6666666666666666
C-32285,Suspended,Northgate,60-74,English,Social tenancy,3,2023-11-18,,956.94,2023,11,25,5,17,0,6,5445.3,907.5500000000001,710.86,996.94,102.14574371945214,6,1,0,0,0,0,0.0,54.299999999999955,0.948387568708592,1.041799903860221,0,0.0
C-32286,Closed,Weybridge,30-44,English,No fixed abode,3,2021-04-17,2025-12,648.84,2021,4,56,4,11,0,6,3693.5,615.5833333333334,528.44,682.83,68.48403395439452,6,1,0,0,0,0,0.0,41.78999999999985,0.9487444259499003,1.052385796190124,0,0.0
C-32287,Active,Calder Central,75+,English,Owner-occupier,3,2021-06-21,,654.86,2021,6,54,0,10,0,6,3777.34,629.5566666666667,518.63,690.58,58.74764154131353,6,1,0,0,0,0,0.0,40.32000000000005,0.9613606979608873,1.054546009834163,0,0.0
C-32288,Suspended,Northgate,18-29,English,Private tenancy,1,2022-02-20,,488.72,2022,2,46,3,8,0,6,2807.96,467.99333333333334,375.56,516.41,50.02811556181852,6,1,0,0,0,0,0.0,45.07999999999993,0.9575898946908931,1.0566582091995416,0,0.0
C-32289,Active,Northgate,45-59,Other,Private tenancy,5,2021-09-01,,1443.82,2021,9,51,6,17,2,6,8685.369999999999,1447.5616666666665,1369.87,1515.46,55.21096319270902,6,1,0,0,0,0,0.0,134.66000000000008,1.0025915049429062,1.049618373481459,3,0.5
C-32290,Active,Northgate,30-44,English,No fixed abode,4,2022-07-17,,1316.08,2022,7,41,0,21,0,6,7066.57,1177.7616666666665,988.27,1383.84,176.30469686502013,6,1,0,0,0,0,0.0,84.16000000000008,0.8949012724657063,1.0514862318400098,0,0.0
C-32291,Active,Weybridge,60-74,Spanish,Owner-occupier,3,2023-01-16,,651.37,2023,1,35,4,7,2,6,3732.04,622.0066666666667,495.98,683.71,66.52907234184666,6,1,0,0,0,0,0.0,47.66000000000008,0.9549206544155652,1.0496492009149947,0,0.0
C-32292,Active,Northgate,45-59,English,Private tenancy,6,2022-03-18,,1177.2,2022,3,45,3,7,1,6,6941.1,1156.8500000000001,1115.91,1218.38,42.12358864104533,6,1,0,0,0,0,0.0,54.32999999999993,0.982713217804961,1.0349813115868163,0,0.0
C-32293,Active,Ash Hill,30-44,Other,Social tenancy,3,2024-10-26,,750.86,2024,10,14,4,0,1,6,4560.77,760.1283333333334,713.01,782.78,26.796249302218897,6,1,0,0,0,0,0.0,98.6099999999999,1.0123436237558712,1.0425112537623524,3,0.5
C-32294,Active,Calder Central,75+,English,Owner-occupier,2,2025-05-10,,761.75,2025,5,7,5,1,1,6,4224.59,704.0983333333334,563.42,786.51,98.68187461062274,6,1,0,0,0,0,0.0,43.789999999999964,0.9243168143529155,1.032504102395799,3,0.5
C-32295,Active,Northgate,60-74,English,Social tenancy,2,2024-05-08,,1027.43,2024,5,19,3,9,0,6,6077.89,1012.9816666666667,922.03,1065.57,52.17437011279263,6,1,0,0,0,0,0.0,65.62999999999965,0.9859374036836247,1.0371217503868875,0,0.0
C-32296,Active,Northgate,45-59,Spanish,Social tenancy,4,2024-11-08,,949.96,2024,11,13,4,20,2,6,5678.71,946.4516666666667,926.7,993.61,26.066385569669333,6,1,0,0,0,0,0.0,54.16999999999996,0.9963068620433141,1.0459493031285527,2,0.3333333333333333
C-32297,Closed,Northgate,60-74,English,Resident with family,5,2025-07-18,2025-07,1356.56,2025,7,5,2,1,1,1,1433.11,1433.11,1433.11,1433.11,0.0,1,1,0,0,0,0,0.0,76.54999999999995,1.05642949814236,1.05642949814236,1,1.0
C-32298,Active,Northgate,45-59,English,Social tenancy,1,2022-03-07,,535.83,2022,3,45,2,18,0,6,3141.56,523.5933333333334,413.57,562.01,55.554165880397015,6,1,0,0,0,0,0.0,54.319999999999936,0.9771631549807464,1.0488587798368885,0,0.0
C-32299,Active,Weybridge,60-74,English,Resident with family,2,2024-02-23,,643.4,2024,2,22,0,15,0,6,3888.79,648.1316666666667,620.49,677.56,19.450229218872106,6,1,0,0,0,0,0.0,57.59000000000003,1.0073541601906537,1.0530929437364003,0,0.0
C-32300,Suspended,Weybridge,30-44,English,No fixed abode,4,2023-02-21,,741.12,2023,2,34,4,16,0,6,4479.35,746.5583333333334,707.19,770.05,21.560026360528013,6,1,0,0,0,0,0.0,66.55999999999995,1.0073379929476107,1.0390355138169256,0,0.0
C-32301,Active,Calder Central,75+,English,Owner-occupier,5,2022-02-07,,1154.88,2022,2,46,1,18,1,6,6746.17,1124.3616666666667,910.1,1222.31,114.70282532120414,6,1,0,0,0,0,0.0,144.37999999999965,0.9735744550660385,1.0583870185646993,1,0.16666666666666666
C-32302,Active,Northgate,75+,English,Private tenancy,1,2021-08-25,,725.69,2021,8,52,2,6,2,6,4513.77,752.2950000000001,729.28,763.1,12.424176029017007,6,1,0,0,0,0,0.0,159.62999999999977,1.0366616599374388,1.051550937728231,4,0.6666666666666666
C-32303,Active,Northgate,30-44,English,Private tenancy,3,2023-07-11,,1053.62,2023,7,29,4,5,1,6,6321.719999999999,1053.62,1053.62,1053.62,0.0,6,1,0,0,0,0,0.0,0.0,1.0,1.0,1,0.16666666666666666
C-32304,Active,Calder Central,30-44,English,Private tenancy,3,2023-12-10,,1124.64,2023,12,24,2,7,0,6,6644.5,1107.4166666666667,1068.98,1150.24,29.806904345581824,6,1,0,0,0,0,0.0,25.59999999999991,0.9846854697206808,1.022762839664248,0,0.0
C-32305,Active,Northgate,75+,English,Private tenancy,1,2021-07-25,,609.78,2021,7,53,2,12,2,6,3542.22,590.37,517.63,646.01,42.283044828867276,6,1,0,0,0,0,0.0,38.879999999999995,0.968168847781167,1.0594148709370592,2,0.3333333333333333
C-32306,Active,Calder Central,30-44,English,No fixed abode,2,2023-06-11,,939.35,2023,6,30,0,10,1,6,5407.99,901.3316666666666,719.37,986.07,96.20657387448463,6,1,0,0,0,0,0.0,74.50999999999999,0.9595269778747716,1.049736519933997,3,0.5
C-32307,Active,Calder Central,60-74,Spanish,Owner-occupier,1,2023-10-12,,470.3,2023,10,26,3,9,1,6,2783.48,463.91333333333336,444.73,481.94,13.361807761926014,6,1,0,0,0,0,0.0,11.639999999999986,0.9864200155928838,1.024750159472677,2,0.3333333333333333
C-32308,Active,Weybridge,60-74,English,Private tenancy,4,2025-04-10,,1181.24,2025,4,8,2,21,0,6,7161.52,1193.5866666666668,1128.3,1248.93,46.595564452710185,6,1,0,0,0,0,0.0,133.77999999999997,1.0104522930705586,1.0573041888185297,0,0.0
C-32309,Active,Weybridge,30-44,English,Social tenancy,4,2023-04-16,,709.78,2023,4,32,0,20,0,6,4145.77,690.9616666666667,596.44,732.93,50.32684946096527,6,1,0,0,0,0,0.0,46.40999999999997,0.9734870898963998,1.0326157400884781,0,0.0
C-32310,Active,Calder Central,30-44,English,Resident with family,4,2023-08-08,,1108.9,2023,8,28,3,10,0,6,6671.6900000000005,1111.9483333333335,1065.38,1141.27,26.633798389765307,6,1,0,0,0,0,0.0,69.71999999999957,1.0027489704511978,1.0291910902696364,0,0.0
C-32311,Active,Weybridge,18-29,English,Social tenancy,6,2024-06-17,,1092.56,2024,6,18,1,21,1,6,6350.26,1058.3766666666668,991.7,1119.63,44.76254178067495,6,1,0,0,0,0,0.0,29.050000000000182,0.9687126260037587,1.0247766713040933,0,0.0
C-32312,Active,Weybridge,30-44,Spanish,No fixed abode,2,2025-04-12,,645.13,2025,4,8,4,20,3,6,3915.37,652.5616666666666,628.41,680.05,18.43917722314816,6,1,0,0,0,0,0.0,62.370000000000005,1.011519642035972,1.054128625238324,2,0.3333333333333333
C-32313,Active,Calder Central,60-74,English,Private tenancy,4,2021-09-26,,1127.95,2021,9,51,0,12,0,6,6531.2,1088.5333333333333,909.38,1175.81,95.14474565979276,6,1,0,0,0,0,0.0,74.94999999999982,0.9650545975737694,1.0424309588190965,0,0.0
C-32314,Active,Northgate,60-74,English,Private tenancy,3,2022-08-18,,729.36,2022,8,40,3,2,0,6,4376.16,729.36,729.36,729.36,0.0,6,1,0,0,0,0,0.0,0.0,1.0,1.0,0,0.0
C-32315,Active,Weybridge,30-44,English,No fixed abode,5,2022-06-29,,822.46,2022,6,42,0,15,0,6,4844.32,807.3866666666667,782.8,847.58,25.67718650215925,6,1,0,0,0,0,0.0,27.139999999999986,0.9816728675761333,1.030542518785108,0,0.0
C-32316,Active,Ash Hill,30-44,English,Private tenancy,1,2022-07-12,,702.32,2022,7,41,2,7,0,6,3978.15,663.025,501.71,739.92,83.61386170964718,6,1,0,0,0,0,0.0,45.53999999999985,0.9440497209249344,1.0535368492994646,0,0.0
C-32317,Active,Weybridge,75+,English,Social tenancy,1,2023-04-25,,611.75,2023,4,32,2,16,0,6,3574.33,595.7216666666667,580.73,621.93,14.524733961992816,6,1,0,0,0,0,0.0,10.17999999999995,0.9737992099169052,1.016640784634246,0,0.0
C-32318,Active,Ash Hill,60-74,English,Private tenancy,2,2025-08-25,,541.58,2025,8,4,5,2,1,6,3235.12,539.1866666666666,518.01,563.82,15.510963434508737,6,1,0,0,0,0,0.0,25.80999999999983,0.9955808313945615,1.0410650319435726,4,0.6666666666666666
C-32319,Active,Northgate,18-29,Spanish,Private tenancy,2,2022-12-01,,594.72,2022,12,36,4,10,1,6,3471.84,578.64,431.54,625.38,73.64636990375016,6,1,0,0,0,0,0.0,77.09999999999991,0.9729620661824051,1.051553672316384,0,0.0
C-32320,Active,Northgate,75+,English,Owner-occupier,5,2025-02-03,,987.92,2025,2,10,3,15,1,6,5659.02,943.1700000000001,814.98,989.44,65.38433757407044,6,1,0,0,0,0,0.0,1.5200000000000955,0.9547028099441252,1.0015385861203336,3,0.5
C-32321,Active,Calder Central,75+,English,Resident with family,1,2024-01-25,,604.71,2024,1,23,1,14,0,6,3613.08,602.18,574.95,621.55,19.33297493920681,6,1,0,0,0,0,0.0,37.70999999999981,0.9958161763489937,1.0278480594003736,0,0.0
C-32322,Active,Northgate,60-74,Other,Resident with family,1,2022-08-23,,758.4,2022,8,40,7,19,4,6,6172.12,1028.6866666666667,909.86,1157.63,111.97970685203046,6,1,0,0,0,0,0.0,1621.7200000000003,1.35639064697609,1.5264108649789032,2,0.3333333333333333
C-32323,Active,Weybridge,30-44,English,Resident with family,3,2023-09-26,,1043.06,2023,9,27,2,21,5,6,6258.36,1043.06,1043.06,1043.06,0.0,6,1,0,0,0,0,0.0,0.0,1.0,1.0,3,0.5
C-32324,Active,Ash Hill,30-44,English,Resident with family,4,2024-04-20,,1271.89,2024,4,20,3,18,3,6,7827.87,1304.645,1281.7,1329.49,18.153206603793222,6,1,0,0,0,0,0.0,196.5299999999993,1.0257530132322763,1.0452869351909362,2,0.3333333333333333
C-32325,Closed,Ash Hill,30-44,English,Private tenancy,3,2022-09-03,2025-11,912.15,2022,9,39,2,13,0,5,4320.52,864.104,724.82,938.98,81.5672255259427,5,1,0,0,0,0,0.0,26.83000000000004,0.9473266458367593,1.0294140218165873,0,0.0
C-32326,Active,Northgate,30-44,English,Resident with family,4,2024-09-30,,1147.0,2024,9,15,3,22,0,6,6512.030000000001,1085.3383333333334,914.16,1162.19,89.61479217554813,6,1,0,0,0,0,0.0,22.15000000000009,0.9462409183376925,1.0132432432432432,0,0.0
C-32327,Suspended,Weybridge,30-44,English,Owner-occupier,1,2023-10-25,,613.65,2023,10,26,1,20,1,6,3656.14,609.3566666666667,590.66,648.85,22.476050068165122,6,1,0,0,0,0,0.0,44.91000000000008,0.9930036122654066,1.0573616882587795,3,0.5
C-32328,Active,Northgate,30-44,Other,No fixed abode,3,2023-10-07,,1216.96,2023,10,26,4,22,1,6,7098.38,1183.0633333333333,928.51,1280.98,130.48921344949042,6,1,0,0,0,0,0.0,138.78999999999996,0.9721464414059077,1.0526064948724692,1,0.16666666666666666
C-32329,Active,Calder Central,30-44,English,Owner-occupier,4,2021-11-12,,1037.57,2021,11,49,6,10,0,6,6225.42,1037.57,1037.57,1037.57,0.0,6,1,0,0,0,0,0.0,0.0,1.0,1.0,0,0.0
C-32330,Active,Calder Central,18-29,English,Social tenancy,3,2023-05-03,,605.77,2023,5,31,2,19,3,6,3621.78,603.63,572.07,636.32,26.09939922680217,6,1,0,0,0,0,0.0,54.090000000000146,0.9964673060732623,1.0504316819915152,2,0.3333333333333333
C-32331,Suspended,Northgate,75+,Other,Social tenancy,3,2024-07-09,,848.79,2024,7,17,7,14,1,6,4938.78,823.13,805.16,839.5,12.277387344219461,6,1,0,0,0,0,0.0,0.0,0.9697687296033176,0.9890550077168676,1,0.16666666666666666
C-32332,Active,Northgate,75+,English,Resident with family,3,2021-01-02,,1015.97,2021,1,59,3,3,2,6,5727.1900000000005,954.5316666666668,778.87,1013.52,88.69235083515751,6,1,0,0,0,0,0.0,0.0,0.9395274138672073,0.9975885114717954,3,0.5
C-32333,Active,Calder Central,45-59,English,Owner-occupier,1,2021-11-18,,715.62,2021,11,49,3,17,0,6,4010.37,668.395,604.97,746.57,66.11691727538424,6,1,0,0,0,0,0.0,44.48000000000002,0.9340082725468823,1.043249210474833,0,0.0
C-32334,Active,Calder Central,60-74,English,No fixed abode,4,2025-07-08,,1433.67,2025,7,5,3,1,0,6,8463.48,1410.58,1304.38,1486.18,72.51370380831473,6,1,0,0,0,0,0.0,112.3599999999999,0.983894480598743,1.0366262808038111,0,0.0
C-32335,Active,Weybridge,75+,English,Social tenancy,1,2021-10-07,,454.16,2021,10,50,2,15,0,6,2697.44,449.5733333333333,430.48,478.81,19.587689671491813,6,1,0,0,0,0,0.0,35.39999999999992,0.9899007691856027,1.0542760260701074,0,0.0
C-32336,Active,Weybridge,60-74,English,Social tenancy,3,2024-10-18,,1111.9,2024,10,14,0,9,1,6,6850.8,1141.8,1060.92,1170.42,40.65896358738133,6,1,0,0,0,0,0.0,230.37999999999943,1.0268909074557062,1.0526306322511016,0,0.0
C-32337,Closed,Northgate,75+,English,Social tenancy,3,2023-01-13,2025-10,1045.63,2023,1,35,2,4,0,4,4194.52,1048.63,1011.88,1081.13,29.146330815387444,4,1,0,0,0,0,0.0,48.76999999999998,1.0028690837102991,1.0339508239052055,0,0.0
C-32338,Active,Ash Hill,45-59,English,Social tenancy,3,2025-03-13,,1069.11,2025,3,9,0,19,0,6,6055.23,1009.2049999999999,747.21,1116.62,146.59258408937333,6,1,0,0,0,0,0.0,106.87000000000035,0.9439674121465519,1.0444388322997633,0,0.0
C-32339,Active,Ash Hill,75+,Other,No fixed abode,1,2021-03-09,,432.43,2021,3,57,3,17,1,6,2509.42,418.2366666666667,312.54,455.5,54.77541407115664,6,1,0,0,0,0,0.0,60.049999999999955,0.9671777320414093,1.0533496750919225,0,0.0
C-32340,Active,Ash Hill,18-29,English,Resident with family,1,2023-03-15,,721.77,2023,3,33,2,7,1,6,6005.63,1000.9383333333334,925.89,1152.18,90.23281740401691,6,1,0,0,0,0,0.0,1675.0100000000002,1.3867829548655852,1.596325699322499,0,0.0
C-32341,Active,Ash Hill,45-59,English,Resident with family,2,2025-01-14,,744.59,2025,1,11,4,19,1,6,4315.79,719.2983333333333,558.15,782.04,82.37418052197346,6,1,0,0,0,0,0.0,75.62999999999988,0.9660327607587172,1.0502961361286076,1,0.16666666666666666
C-32342,Active,Ash Hill,60-74,English,Owner-occupier,3,2021-10-19,,665.57,2021,10,50,4,3,1,6,3998.66,666.4433333333333,635.6,702.93,21.75824043130939,6,1,0,0,0,0,0.0,44.37999999999988,1.0013121585007336,1.056132337695509,2,0.3333333333333333
C-32343,Active,Northgate,75+,Spanish,Private tenancy,3,2024-03-06,,730.54,2024,3,21,2,8,2,6,4345.53,724.255,707.23,766.13,22.811533705562194,6,1,0,0,0,0,0.0,40.17000000000007,0.9913967749883649,1.0487173871382813,1,0.16666666666666666
C-32344,Active,Ash Hill,75+,English,No fixed abode,2,2021-01-22,,777.81,2021,1,59,4,20,1,6,4454.21,742.3683333333333,666.25,809.24,46.14077824079984,6,1,0,0,0,0,0.0,31.430000000000064,0.9544340305901614,1.0404083259407826,1,0.16666666666666666
C-32345,Active,Calder Central,60-74,Other,No fixed abode,3,2024-05-14,,814.09,2024,5,19,2,11,2,6,4858.13,809.6883333333334,778.88,849.51,26.69417570682163,6,1,0,0,0,0,0.0,53.17999999999995,0.9945931449020788,1.0435087029689591,1,0.16666666666666666
C-32346,Suspended,Weybridge,75+,English,No fixed abode,1,2024-08-31,,704.69,2024,8,16,2,16,0,6,4071.04,678.5066666666667,514.89,742.04,84.27334968224928,6,1,0,0,0,0,0.0,72.56999999999982,0.9628441820753332,1.0530020292610933,0,0.0
C-32347,Active,Calder Central,45-59,English,Owner-occupier,4,2025-08-02,,845.1,2025,8,4,2,3,1,6,4684.77,780.7950000000001,627.97,885.82,118.93039506366739,6,1,0,0,0,0,0.0,55.5,0.9239084132055378,1.0481836469056918,1,0.16666666666666666
C-32348,Active,Calder Central,45-59,Spanish,Private tenancy,4,2024-10-28,,754.96,2024,10,14,6,16,2,6,4603.9,767.3166666666666,727.77,794.11,22.504481035266483,6,1,0,0,0,0,0.0,101.3299999999997,1.0163673130585285,1.0518570520292465,2,0.3333333333333333
C-32349,Active,Weybridge,60-74,Spanish,Private tenancy,4,2021-02-01,,705.43,2021,2,58,6,21,1,6,3912.16,652.0266666666666,479.15,737.06,100.29733489313995,6,1,0,0,0,0,0.0,41.950000000000045,0.9242967646211059,1.0448379002877677,1,0.16666666666666666
C-32350,Active,Weybridge,45-59,English,Resident with family,4,2021-11-18,,1284.0,2021,11,49,0,19,1,6,7368.59,1228.0983333333334,1023.65,1334.35,108.67456637441288,6,1,0,0,0,0,0.0,54.319999999999936,0.9564628764278297,1.0392133956386291,1,0.16666666666666666
C-32351,Active,Calder Central,30-44,English,Social tenancy,3,2021-08-22,,724.02,2021,8,52,6,2,0,6,3955.94,659.3233333333334,540.59,749.11,81.76076605968578,6,1,0,0,0,0,0.0,41.190000000000055,0.9106424316087033,1.0346537388469932,0,0.0
C-32352,Active,Weybridge,60-74,English,Private tenancy,2,2022-02-21,,914.6,2022,2,46,2,7,1,6,5497.67,916.2783333333333,866.63,968.52,43.17176967263058,6,1,0,0,0,0,0.0,108.67999999999995,1.0018350462861725,1.058954734310081,1,0.16666666666666666
C-32353,Active,Calder Central,30-44,English,Resident with family,1,2025-07-31,,490.1,2025,7,5,0,0,1,6,2782.12,463.68666666666667,348.24,518.67,64.50496776734846,6,1,0,0,0,0,0.0,52.5499999999999,0.9461062368224171,1.0582942256682308,1,0.16666666666666666
C-32354,Active,Weybridge,18-29,English,No fixed abode,2,2025-07-23,,570.16,2025,7,5,1,21,0,6,3446.46,574.41,560.89,597.09,12.845570442763515,6,1,0,0,0,0,0.0,40.43000000000018,1.0074540479865302,1.0472323558299426,0,0.0
C-32355,Closed,Northgate,30-44,English,Social tenancy,2,2024-02-02,2025-07,704.93,2024,2,22,0,7,0,1,725.54,725.54,725.54,725.54,0.0,1,1,0,0,0,0,0.0,20.610000000000014,1.0292369455123205,1.0292369455123205,0,0.0
C-32356,Active,Ash Hill,45-59,English,Social tenancy,2,2022-07-18,,675.32,2022,7,41,2,8,2,6,3640.34,606.7233333333334,510.53,705.78,73.90722012541582,6,1,0,0,0,0,0.0,30.459999999999923,0.8984234634444904,1.0451045430314516,1,0.16666666666666666
C-32357,Active,Northgate,75+,English,Private tenancy,4,2024-11-16,,818.17,2024,11,13,3,21,2,6,4905.71,817.6183333333333,774.7,854.09,30.820500590786416,6,1,0,0,0,0,0.0,71.54000000000008,0.9993257310012997,1.0439028563745922,1,0.16666666666666666
C-32358,Active,Calder Central,18-29,English,Resident with family,2,2025-06-02,,1023.69,2025,6,6,1,11,1,6,5903.64,983.94,963.94,1009.1,17.12660269872577,6,1,0,0,0,0,0.0,0.0,0.9611698854145297,0.9857476384452324,0,0.0
C-32359,Active,Ash Hill,45-59,English,Social tenancy,2,2024-11-26,,789.4,2024,11,13,4,8,0,6,4681.96,780.3266666666667,669.97,834.62,61.19708642302073,6,1,0,0,0,0,0.0,104.25,0.9885060383413563,1.0572840131745629,0,0.0
C-32360,Active,Northgate,45-59,Spanish,Private tenancy,3,2022-01-13,,1181.49,2022,1,47,3,19,1,6,6300.04,1050.0066666666667,914.18,1188.15,127.8733812279423,6,1,0,0,0,0,0.0,6.660000000000082,0.8887139685199762,1.0056369499530255,2,0.3333333333333333
C-32361,Active,Weybridge,75+,English,Owner-occupier,4,2023-12-27,,1346.27,2023,12,24,0,22,1,6,8167.25,1361.2083333333333,1269.78,1426.47,59.64188843980941,6,1,0,0,0,0,0.0,187.81000000000017,1.0110960901849804,1.0595720026443434,1,0.16666666666666666
C-32362,Active,Calder Central,18-29,English,No fixed abode,3,2023-10-16,,768.84,2023,10,26,2,0,2,6,4655.33,775.8883333333333,735.94,807.44,30.775181180078636,6,1,0,0,0,0,0.0,102.00999999999999,1.009167490418466,1.0502055043962333,4,0.6666666666666666
C-32363,Active,Northgate,30-44,English,Owner-occupier,2,2023-12-09,,876.66,2023,12,24,1,17,0,6,4986.18,831.0300000000001,618.39,913.42,108.18891532869715,6,1,0,0,0,0,0.0,64.0,0.947950174526042,1.0419318778089568,0,0.0
C-32364,Active,Northgate,30-44,English,Owner-occupier,1,2024-02-10,,753.12,2024,2,22,1,17,1,6,4368.37,728.0616666666666,591.1,777.11,69.64140820421902,6,1,0,0,0,0,0.0,43.98000000000002,0.9667273033071312,1.0318541533885701,3,0.5
C-32365,Active,Ash Hill,30-44,English,Social tenancy,4,2023-10-01,,1405.33,2023,10,26,0,13,0,6,7978.66,1329.7766666666666,1012.4,1468.43,165.48227550606939,6,1,0,0,0,0,0.0,93.50000000000023,0.9462380128985126,1.0449004860068454,0,0.0
C-32366,Active,Weybridge,30-44,Spanish,No fixed abode,4,2025-08-04,,1077.34,2025,8,4,2,6,2,6,6451.85,1075.3083333333334,1039.47,1137.35,39.29725049754331,6,1,0,0,0,0,0.0,93.57000000000016,0.9981141824617423,1.0557020067945124,1,0.16666666666666666
C-32367,Active,Calder Central,60-74,English,Private tenancy,1,2021-07-07,,445.39,2021,7,53,4,0,1,6,6112.2300000000005,1018.705,911.58,1093.73,72.74343262453317,6,1,0,0,0,0,0.0,3439.8900000000003,2.287220189047801,2.4556680661891828,2,0.3333333333333333
C-32368,Active,Ash Hill,75+,English,Private tenancy,1,2023-11-12,,528.79,2023,11,25,0,17,2,6,6372.28,1062.0466666666666,961.78,1142.21,75.05712189170771,6,1,0,0,0,0,0.0,3199.54,2.0084469575193684,2.1600446301934606,3,0.5
C-32369,Active,Weybridge,45-59,English,Private tenancy,1,2025-08-13,,592.78,2025,8,4,3,12,4,6,3493.04,582.1733333333333,454.93,621.73,63.601582894348375,6,1,0,0,0,0,0.0,81.98000000000013,0.9821069086901267,1.0488376800836736,1,0.16666666666666666
C-32370,Active,Ash Hill,75+,English,No fixed abode,2,2021-02-01,,902.5,2021,2,58,3,20,0,6,5291.01,881.835,752.24,945.42,74.00754062931692,6,1,0,0,0,0,0.0,103.78999999999996,0.9771024930747924,1.047556786703601,0,0.0
C-32371,Active,Calder Central,18-29,Other,Private tenancy,4,2024-10-24,,1140.13,2024,10,14,4,20,1,6,6822.86,1137.1433333333332,1074.35,1206.71,53.79016328908726,6,1,0,0,0,0,0.0,119.64999999999986,0.9973804156835916,1.0583968494820766,1,0.16666666666666666
C-32372,Active,Ash Hill,30-44,English,Owner-occupier,1,2022-09-24,,564.43,2022,9,39,2,23,0,6,3236.0699999999997,539.3449999999999,383.32,596.55,79.03650061838516,6,1,0,0,0,0,0.0,60.29000000000008,0.955556933543575,1.0569069680917031,0,0.0
C-32373,Active,Weybridge,45-59,Other,Resident with family,5,2024-08-22,,1080.9,2024,8,16,3,8,0,6,6218.52,1036.42,1016.08,1079.69,25.453039897033886,6,1,0,0,0,0,0.0,0.0,0.9588491072254602,0.9988805624942177,0,0.0
C-32374,Active,Calder Central,45-59,English,Private tenancy,1,2024-03-01,,538.54,2024,3,21,0,21,0,6,3195.7799999999997,532.63,508.63,553.18,17.85021232366718,6,1,0,0,0,0,0.0,23.129999999999995,0.9890258847996436,1.0271846102425075,0,0.0
C-32375,Suspended,Calder Central,75+,English,Social tenancy,3,2023-12-23,,900.07,2023,12,24,3,9,1,6,5240.24,873.3733333333333,674.85,952.5,103.1595439436733,6,1,0,0,0,0,0.0,113.68999999999971,0.9703393439769498,1.058251024920284,0,0.0
C-32376,Active,Northgate,60-74,English,Resident with family,6,2022-04-29,,1388.04,2022,4,44,0,22,1,6,8607.11,1434.5183333333334,1390.29,1471.11,31.260715549498606,6,1,0,0,0,0,0.0,278.8700000000001,1.0334848659500686,1.0598469784732427,0,0.0
C-32377,Active,Weybridge,18-29,English,Resident with family,3,2023-01-26,,675.22,2023,1,35,3,2,0,6,3851.0299999999997,641.8383333333333,517.41,708.13,66.04666786951987,6,1,0,0,0,0,0.0,34.36999999999989,0.9505617922059969,1.0487396700334706,0,0.0
C-32378,Active,Northgate,60-74,English,Social tenancy,1,2024-02-17,,716.94,2024,2,22,3,8,1,6,4370.51,728.4183333333334,696.04,753.91,23.360151897337186,6,1,0,0,0,0,0.0,102.60999999999979,1.0160101728643027,1.0515663793343932,0,0.0
C-32379,Active,Calder Central,60-74,English,Social tenancy,2,2022-02-13,,729.89,2022,2,46,2,1,1,6,4461.27,743.5450000000001,698.85,762.19,23.0108798180339,6,1,0,0,0,0,0.0,112.97000000000014,1.0187082985107345,1.0442532436394527,3,0.5
C-32380,Active,Ash Hill,45-59,English,Social tenancy,3,2021-02-09,,1003.03,2021,2,58,1,12,1,6,5735.68,955.9466666666667,667.32,1062.25,144.81689344364028,6,1,0,0,0,0,0.0,95.92000000000019,0.9530588982051054,1.0590411054504851,2,0.3333333333333333
C-32381,Active,Ash Hill,30-44,English,Private tenancy,4,2021-02-10,,885.21,2021,2,58,3,19,1,6,5112.83,852.1383333333333,689.14,938.06,99.62556889005286,6,1,0,0,0,0,0.0,115.69999999999982,0.9626397502664151,1.0597033472283413,4,0.6666666666666666
C-32382,Active,Northgate,45-59,Spanish,Resident with family,2,2022-03-30,,821.4,2022,3,45,5,18,2,6,4909.79,818.2983333333333,782.12,863.9,33.90440703900699,6,1,0,0,0,0,0.0,75.59000000000003,0.996223926629332,1.0517409301193086,1,0.16666666666666666
C-32383,Active,Calder Central,30-44,English,Owner-occupier,2,2024-06-20,,549.85,2024,6,18,1,5,1,6,3333.64,555.6066666666667,535.13,582.04,21.10682512048335,6,1,0,0,0,0,0.0,68.04999999999984,1.010469521990846,1.0585432390651994,1,0.16666666666666666
C-32384,Active,Calder Central,60-74,English,Private tenancy,3,2023-02-17,,1063.91,2023,2,34,3,2,0,6,6324.41,1054.0683333333334,1001.54,1101.9,43.64626051183155,6,1,0,0,0,0,0.0,79.64999999999986,0.9907495308187095,1.0357079076237652,0,0.0
C-32385,Suspended,Weybridge,45-59,Spanish,Private tenancy,3,2022-01-05,,678.26,2022,1,47,5,18,0,6,3743.37,623.895,533.43,704.79,65.61162511323737,6,1,0,0,0,0,0.0,26.529999999999973,0.9198463715979123,1.039114793736915,0,0.0
C-32386,Active,Calder Central,30-44,Other,Social tenancy,1,2021-02-03,,438.2,2021,2,58,3,9,2,6,2652.55,442.0916666666667,423.35,459.66,13.36945087378935,6,1,0,0,0,0,0.0,44.75000000000006,1.0088810284497185,1.0489730716567778,0,0.0
C-32387,Active,Northgate,60-74,Other,No fixed abode,1,2022-03-11,,478.83,2022,3,45,6,0,2,6,2927.55,487.925,460.99,504.52,17.808557212755893,6,1,0,0,0,0,0.0,79.41000000000003,1.01899421506589,1.0536516091305892,1,0.16666666666666666
C-32388,Active,Northgate,75+,English,Owner-occupier,2,2023-10-28,,523.72,2023,10,26,1,12,1,6,3244.9900000000002,540.8316666666667,528.09,549.61,8.777200958544038,6,1,0,0,0,0,0.0,102.66999999999996,1.0326733114386821,1.0494348124952264,2,0.3333333333333333
C-32389,Active,Calder Central,45-59,English,No fixed abode,2,2025-08-27,,632.47,2025,8,4,1,11,0,6,3851.6,641.9333333333333,595.28,664.75,24.504720089539234,6,1,0,0,0,0,0.0,93.9699999999998,1.0149625015152235,1.0510379938969436,0,0.0
C-32390,Active,Northgate,60-74,English,Private tenancy,1,2022-04-12,,430.94,2022,4,44,2,3,0,6,2347.86,391.31,312.25,438.99,54.05247265389439,6,1,0,0,0,0,0.0,8.050000000000011,0.9080382419826426,1.0186800946767531,0,0.0
C-32391,Suspended,Calder Central,75+,Other,No fixed abode,2,2021-12-26,,742.05,2021,12,48,4,8,2,6,4029.19,671.5316666666666,507.14,783.44,115.33646299703604,6,1,0,0,0,0,0.0,88.2800000000002,0.9049682186734946,1.0557779125395865,2,0.3333333333333333
C-32392,Active,Weybridge,45-59,English,Owner-occupier,2,2022-12-08,,899.3,2022,12,36,1,1,1,6,5177.81,862.9683333333334,706.06,942.21,83.67662861675699,6,1,0,0,0,0,0.0,58.75000000000023,0.9596000593053858,1.0477148893583899,2,0.3333333333333333
C-32393,Active,Ash Hill,60-74,Other,Social tenancy,4,2022-11-21,,1040.48,2022,11,37,2,3,0,6,5950.83,991.805,773.39,1070.1,111.54031822619122,6,1,0,0,0,0,0.0,49.149999999999864,0.9532187067507304,1.0284676303244655,0,0.0
C-32394,Closed,Ash Hill,60-74,Spanish,Private tenancy,3,2021-08-03,2025-10,755.62,2021,8,52,5,4,2,6,4585.87,764.3116666666666,741.22,792.09,18.52581055356734,6,1,0,0,2,1,1543.93,69.6400000000001,1.011502695358337,1.0482650009263916,3,0.5
C-32395,Active,Ash Hill,60-74,English,Owner-occupier,4,2023-09-10,,1065.23,2023,9,27,2,1,0,6,6293.799999999999,1048.9666666666665,1003.83,1112.23,44.37386017315448,6,1,0,0,0,0,0.0,72.59999999999991,0.9847325616689978,1.044121926720051,0,0.0
C-32396,Active,Weybridge,75+,English,Private tenancy,5,2023-12-30,,1401.28,2023,12,24,3,14,0,6,7813.1,1302.1833333333334,1062.18,1448.54,161.6040584473876,6,1,0,0,0,0,0.0,77.24000000000001,0.9292813237421025,1.0337263073761132,0,0.0
C-32397,Active,Calder Central,75+,English,Social tenancy,3,2024-11-24,,1183.13,2024,11,13,1,3,2,6,7101.64,1183.6066666666668,1161.34,1205.13,19.195384514686538,6,1,0,0,0,0,0.0,45.919999999999845,1.0004028861297292,1.0185947444490462,2,0.3333333333333333
C-32398,Suspended,Weybridge,30-44,English,Owner-occupier,1,2024-10-02,,460.4,2024,10,14,2,1,2,6,2784.5099999999998,464.085,434.96,487.93,20.85400369233688,6,1,0,0,0,0,0.0,64.70000000000005,1.008003909643788,1.0597958297132928,2,0.3333333333333333
C-32399,Active,Northgate,30-44,English,Social tenancy,1,2024-11-01,,664.45,2024,11,13,0,15,0,6,3928.87,654.8116666666666,581.55,699.31,43.27576615921049,6,1,0,0,0,0,0.0,70.31999999999982,0.9854942684425714,1.0524644442772215,0,0.0
C-32400,Active,Northgate,60-74,English,No fixed abode,1,2022-12-27,,405.4,2022,12,36,2,8,1,6,6046.03,1007.6716666666666,959.83,1162.24,77.69740418229343,6,1,0,0,0,0,0.0,3613.63,2.4856232527544813,2.8668968919585596,2,0.3333333333333333
C-32401,Active,Northgate,30-44,English,Resident with family,1,2024-06-05,,670.99,2024,6,18,0,8,1,6,3796.56,632.76,448.73,701.72,94.01137526916624,6,1,0,0,0,0,0.0,57.65999999999997,0.9430244862069479,1.0457979999701934,1,0.16666666666666666
C-32402,Closed,Calder Central,18-29,English,Private tenancy,4,2021-08-11,2025-07,1350.51,2021,8,52,1,14,0,1,1336.8,1336.8,1336.8,1336.8,0.0,1,1,0,0,0,0,0.0,0.0,0.9898482795388408,0.9898482795388408,0,0.0
C-32403,Active,Northgate,60-74,Spanish,No fixed abode,5,2022-02-26,,1518.33,2022,2,46,5,7,1,6,8994.32,1499.0533333333333,1433.82,1558.52,52.14253299051242,6,1,0,0,0,0,0.0,68.26000000000022,0.9873040335983175,1.0264698715035598,1,0.16666666666666666
C-32404,Active,Northgate,60-74,English,Private tenancy,1,2024-11-28,,765.8,2024,11,13,0,3,4,6,6102.26,1017.0433333333334,918.45,1141.75,86.20381747154046,6,1,0,0,0,0,0.0,1507.4600000000005,1.328079568207539,1.4909245233742492,0,0.0
C-32405,Active,Calder Central,75+,English,Resident with family,1,2022-09-10,,732.65,2022,9,39,0,22,1,6,4382.12,730.3533333333334,689.28,762.22,30.117797838930194,6,1,0,0,0,0,0.0,64.68000000000006,0.9968652608112105,1.0403603357674198,1,0.16666666666666666
C-32406,Active,Calder Central,30-44,Other,Private tenancy,4,2022-01-07,,848.87,2022,1,47,6,11,4,6,5129.8099999999995,854.9683333333332,812.59,891.4,31.492854692241895,6,1,0,0,0,0,0.0,98.81999999999994,1.0071840603783069,1.0501019001731713,2,0.3333333333333333
C-32407,Active,Calder Central,30-44,English,No fixed abode,2,2022-10-31,,555.57,2022,10,38,1,8,1,6,3152.34,525.39,384.34,583.49,71.06396695935291,6,1,0,0,0,0,0.0,30.34999999999991,0.9456774123872779,1.0502546933779722,1,0.16666666666666666
C-32408,Active,Northgate,30-44,English,Owner-occupier,1,2023-04-22,,416.06,2023,4,32,0,21,1,6,2495.74,415.95666666666665,405.11,426.27,8.544354081302256,6,1,0,0,0,0,0.0,19.629999999999995,0.9997516383854892,1.0245397298466568,2,0.3333333333333333
C-32409,Active,Calder Central,75+,Other,Private tenancy,3,2023-10-22,,1150.71,2023,10,26,3,13,2,6,6970.780000000001,1161.7966666666669,1107.53,1219.64,36.66639969599785,6,1,0,0,0,0,0.0,109.70000000000005,1.009634631372515,1.0599021473698846,0,0.0
C-32410,Active,Calder Central,18-29,Spanish,Resident with family,3,2021-04-08,,1056.96,2021,4,56,6,17,2,6,6079.61,1013.2683333333333,861.21,1098.83,95.11851164030405,6,1,0,0,0,0,0.0,97.23999999999978,0.958662894843072,1.039613608840448,1,0.16666666666666666
C-32411,Active,Calder Central,45-59,English,Private tenancy,1,2023-01-11,,593.27,2023,1,35,0,14,1,6,3544.21,590.7016666666667,567.46,618.79,19.422054903296534,6,1,0,0,0,0,0.0,41.559999999999945,0.9956708862181919,1.0430158275321524,2,0.3333333333333333
C-32412,Active,Weybridge,75+,English,No fixed abode,4,2021-01-24,,1357.73,2021,1,59,3,7,0,6,7994.79,1332.465,1282.83,1433.69,54.6650190707001,6,1,0,0,0,0,0.0,75.96000000000004,0.9813917347337099,1.0559463221700927,0,0.0
C-32413,Active,Northgate,30-44,English,No fixed abode,3,2023-05-17,,667.52,2023,5,31,2,23,1,6,3979.68,663.28,644.82,689.63,17.62301449809309,6,1,0,0,0,0,0.0,31.00999999999999,0.993648130393097,1.033122603068073,1,0.16666666666666666
C-32414,Active,Calder Central,30-44,English,Resident with family,2,2021-02-23,,758.95,2021,2,58,1,20,0,6,4453.51,742.2516666666667,716.3,781.05,27.00469545591409,6,1,0,0,0,0,0.0,25.54999999999984,0.9779981114258733,1.02911917781145,0,0.0
C-32415,Suspended,Calder Central,45-59,Other,No fixed abode,3,2023-10-05,,935.18,2023,10,26,4,13,0,6,5537.69,922.9483333333333,881.93,975.21,37.12897812580715,6,1,0,0,0,0,0.0,62.63000000000011,0.9869205215395255,1.0428045937680448,0,0.0
C-32416,Active,Calder Central,60-74,English,Social tenancy,3,2021-12-10,,1080.65,2021,12,48,0,7,0,6,6627.900000000001,1104.65,1083.05,1142.63,21.134952093629153,6,1,0,0,0,0,0.0,143.99999999999977,1.0222088557812428,1.0573543700550594,0,0.0
C-32417,Active,Northgate,45-59,Spanish,Owner-occupier,1,2023-06-01,,614.82,2023,6,30,6,12,1,6,3568.05,594.6750000000001,581.31,633.6,19.710057077542928,6,1,0,0,0,0,0.0,18.779999999999973,0.9672343124817019,1.0305455255196643,1,0.16666666666666666
C-32418,Active,Northgate,18-29,English,Resident with family,1,2021-09-14,,431.29,2021,9,51,1,17,0,6,2439.0,406.5,294.75,449.67,56.53100246767253,6,1,0,0,0,0,0.0,24.269999999999925,0.9425212733891349,1.0426163370354053,0,0.0
C-32419,Active,Ash Hill,45-59,English,Owner-occupier,4,2021-04-29,,1236.3,2021,4,56,4,9,1,6,7252.34,1208.7233333333334,1166.7,1295.18,49.42066841582239,6,1,0,0,0,0,0.0,62.820000000000164,0.9776941950443528,1.0476259807490091,2,0.3333333333333333
C-32420,Active,Ash Hill,30-44,English,No fixed abode,2,2024-01-26,,509.47,2024,1,23,1,6,2,6,3176.2,529.3666666666667,512.72,536.43,8.499752153249338,6,1,0,0,0,0,0.0,119.37999999999988,1.0390536570684568,1.052917738041494,0,0.0
C-32421,Active,Calder Central,18-29,English,Private tenancy,3,2023-08-19,,749.6,2023,8,28,1,21,2,6,4578.88,763.1466666666666,719.73,790.15,26.51275441493521,6,1,0,0,0,0,0.0,116.33999999999992,1.0180718605478478,1.0540955176093916,2,0.3333333333333333
C-32422,Active,Weybridge,18-29,English,Social tenancy,3,2021-02-26,,1196.18,2021,2,58,2,5,1,6,7139.29,1189.8816666666667,1152.22,1235.68,36.64376368042275,6,1,0,0,0,0,0.0,76.08999999999992,0.9947346274529473,1.0330217860188267,2,0.3333333333333333
C-32423,Active,Northgate,45-59,English,No fixed abode,2,2022-01-02,,823.57,2022,1,47,0,8,1,6,4862.26,810.3766666666667,779.56,841.26,21.190860923206174,6,1,0,0,0,0,0.0,17.68999999999994,0.9839803133512229,1.0214796556455432,0,0.0
C-32424,Active,Calder Central,30-44,Spanish,Resident with family,2,2022-10-01,,783.98,2022,10,38,5,23,0,6,4690.18,781.6966666666667,741.03,825.94,33.857538993061304,6,1,0,0,0,0,0.0,78.37,0.997087510735818,1.0535217735146305,0,0.0
C-32425,Suspended,Northgate,60-74,English,No fixed abode,1,2023-05-26,,410.25,2023,5,31,1,9,2,6,2507.23,417.87166666666667,393.0,428.61,13.240367693786562,6,1,0,0,0,0,0.0,62.98000000000002,1.018578102782856,1.0447531992687387,0,0.0
C-32426,Suspended,Ash Hill,60-74,Other,No fixed abode,4,2021-05-25,,835.15,2021,5,55,5,11,1,6,5049.12,841.52,807.48,882.71,27.977275778745884,6,1,0,0,0,0,0.0,89.00000000000023,1.0076273723283242,1.0569478536789798,1,0.16666666666666666
C-32427,Active,Calder Central,60-74,English,Resident with family,1,2024-03-28,,620.76,2024,3,21,0,23,0,6,3660.27,610.045,590.14,630.22,15.486382082332842,6,1,0,0,0,0,0.0,9.460000000000036,0.9827389007023649,1.0152393839809266,0,0.0
C-32428,Active,Weybridge,45-59,English,Owner-occupier,2,2024-07-17,,1029.22,2024,7,17,2,6,2,6,6143.84,1023.9733333333334,969.89,1081.73,38.13203098009162,6,1,0,0,0,0,0.0,67.42000000000007,0.9949022884644035,1.051019218437263,0,0.0
C-32429,Active,Ash Hill,60-74,English,Resident with family,3,2024-04-02,,1120.32,2024,4,20,3,5,1,6,6379.43,1063.2383333333335,811.21,1170.14,130.9799559347409,6,1,0,0,0,0,0.0,82.72000000000025,0.9490487836808531,1.0444694373036276,2,0.3333333333333333
C-32430,Active,Calder Central,18-29,English,Resident with family,2,2022-04-28,,706.76,2022,4,44,1,9,0,6,4107.53,684.5883333333333,497.2,739.7,93.20804566488167,6,1,0,0,0,0,0.0,84.29000000000008,0.9686291433206935,1.046607051898806,0,0.0
C-32431,Active,Calder Central,30-44,English,No fixed abode,2,2024-06-03,,900.41,2024,6,18,2,23,1,6,8306.16,1384.36,1253.03,1544.55,117.346392360396,6,1,0,0,0,0,0.0,2903.7,1.5374773714196868,1.7153852134027832,2,0.3333333333333333
C-32432,Active,Ash Hill,60-74,English,Social tenancy,6,2022-08-22,,1779.62,2022,8,40,3,3,1,6,10818.52,1803.0866666666668,1674.21,1886.33,86.81246930405025,6,1,0,0,0,0,0.0,303.6600000000003,1.0131863356596726,1.0599622391297019,0,0.0
C-32433,Active,Northgate,30-44,Other,Resident with family,1,2023-12-01,,748.13,2023,12,24,4,11,4,6,4112.53,685.4216666666666,545.22,787.22,92.58956429677517,6,1,0,0,0,0,0.0,39.09000000000003,0.9161798974331555,1.0522502773582132,0,0.0
C-32434,Active,Ash Hill,60-74,Spanish,No fixed abode,3,2022-09-18,,1018.3,2022,9,39,5,4,1,6,6231.43,1038.5716666666667,985.16,1073.1,34.26722189887391,6,1,0,0,0,0,0.0,160.7900000000002,1.0199073619431078,1.0538151821663557,1,0.16666666666666666
C-32435,Active,Weybridge,18-29,Spanish,Private tenancy,1,2024-12-13,,752.26,2024,12,12,5,23,3,6,4439.71,739.9516666666667,712.09,775.3,22.762795449299855,6,1,0,0,0,0,0.0,23.049999999999955,0.9836381924689159,1.0306277085050382,0,0.0
C-32436,Active,Ash Hill,45-59,English,Private tenancy,1,2022-04-02,,709.6,2022,4,44,3,0,0,6,4184.91,697.485,582.66,744.93,60.315923187828254,6,1,0,0,0,0,0.0,82.07999999999981,0.9829270011273957,1.0497886133032694,0,0.0
C-32437,Active,Calder Central,45-59,English,Owner-occupier,2,2023-02-22,,755.4,2023,2,34,3,11,0,6,4409.45,734.9083333333333,673.88,769.46,34.16865898256276,6,1,0,0,0,0,0.0,22.62000000000012,0.9728730915188422,1.0186126555467303,0,0.0
C-32438,Active,Calder Central,30-44,Spanish,No fixed abode,2,2022-12-11,,736.86,2022,12,36,5,14,2,6,4261.86,710.31,595.29,756.74,59.999303662625984,6,1,0,0,0,0,0.0,38.549999999999955,0.9639687321879326,1.0269793447873408,1,0.16666666666666666
C-32439,Active,Calder Central,60-74,English,Private tenancy,4,2022-12-27,,1202.09,2022,12,36,3,8,2,6,7151.72,1191.9533333333334,1150.83,1218.84,23.56670843937833,6,1,0,0,0,0,0.0,24.080000000000155,0.9915674644438713,1.0139340648370754,0,0.0
C-32440,Active,Northgate,45-59,Spanish,Owner-occupier,1,2021-11-10,,560.3,2021,11,49,5,17,2,6,3437.25,572.875,555.6,584.03,12.186331277295883,6,1,0,0,0,0,0.0,80.73000000000025,1.0224433339282528,1.042352311261824,0,0.0
C-32441,Suspended,Weybridge,18-29,English,Private tenancy,3,2025-04-01,,885.59,2025,4,8,2,6,1,6,5359.52,893.2533333333334,834.32,937.9,37.27062417865663,6,1,0,0,0,0,0.0,111.63999999999987,1.0086533648001144,1.0590679659887758,1,0.16666666666666666
C-32442,Active,Calder Central,30-44,Spanish,Resident with family,1,2022-09-07,,768.6,2022,9,39,2,12,3,6,4473.77,745.6283333333334,730.98,769.86,15.722715308325933,6,1,0,0,0,0,0.0,1.259999999999991,0.9701123254401943,1.001639344262295,2,0.3333333333333333
C-32443,Active,Calder Central,30-44,English,Owner-occupier,5,2023-11-05,,1127.9,2023,11,25,4,13,1,6,6237.490000000001,1039.5816666666667,849.58,1193.64,122.89239543871976,6,1,0,0,0,0,0.0,65.74000000000001,0.9216966634157874,1.0582853089812927,4,0.6666666666666666
C-32444,Active,Calder Central,45-59,English,Owner-occupier,3,2023-10-18,,924.61,2023,10,26,1,14,1,6,5526.85,921.1416666666668,892.5,978.65,29.978918870877674,6,1,0,0,0,0,0.0,54.039999999999964,0.9962488688924699,1.0584462638301553,0,0.0
C-32445,Active,Northgate,75+,English,Owner-occupier,3,2023-11-16,,799.55,2023,11,25,0,15,0,6,4726.16,787.6933333333333,682.77,825.43,53.544822594408394,6,1,0,0,0,0,0.0,63.74000000000012,0.9851708252558732,1.032368207116503,0,0.0
C-32446,Active,Calder Central,45-59,Other,Owner-occupier,4,2024-08-01,,915.54,2024,8,16,7,22,3,6,5167.5,861.25,723.01,940.69,73.64689918794953,6,1,0,0,0,0,0.0,25.15000000000009,0.9407016624068856,1.0274701269196322,0,0.0
C-32447,Active,Northgate,60-74,English,Resident with family,5,2021-08-14,,1406.88,2021,8,52,6,5,2,6,8441.28,1406.88,1406.88,1406.88,0.0,6,1,0,0,0,0,0.0,0.0,1.0,1.0,2,0.3333333333333333
C-32448,Closed,Calder Central,60-74,English,Owner-occupier,4,2023-09-30,2025-08,1286.16,2023,9,27,3,18,1,2,2543.2799999999997,1271.6399999999999,1224.05,1319.23,67.30242343333556,2,1,0,0,0,0,0.0,33.069999999999936,0.9887105803321514,1.025712197549294,1,0.5
C-32449,Active,Ash Hill,45-59,Spanish,Owner-occupier,2,2024-04-12,,998.21,2024,4,20,4,22,1,6,5660.67,943.445,758.07,1045.59,117.4606422168719,6,1,0,0,0,0,0.0,103.4499999999997,0.9451367948628043,1.0474649622824854,2,0.3333333333333333
C-32450,Active,Calder Central,45-59,English,Private tenancy,6,2024-12-13,,1625.07,2024,12,12,3,0,2,6,9429.24,1571.54,1318.17,1680.01,135.44821977420017,6,1,0,0,0,0,0.0,109.33000000000015,0.9670598804974556,1.0338077744343321,0,0.0
C-32451,Active,Weybridge,45-59,Spanish,Resident with family,2,2023-11-25,,513.79,2023,11,25,3,14,4,6,3053.24,508.8733333333333,439.18,536.59,36.49540445955718,6,1,0,0,0,0,0.0,57.900000000000205,0.9904305909677755,1.0443761069697737,2,0.3333333333333333
C-32452,Active,Calder Central,30-44,English,Resident with family,3,2023-10-19,,1231.48,2023,10,26,0,4,1,6,7420.47,1236.7450000000001,1164.05,1279.18,44.008483159500074,6,1,0,0,0,0,0.0,127.55999999999995,1.004275343489135,1.0387338811836164,1,0.16666666666666666
C-32453,Active,Calder Central,45-59,English,No fixed abode,2,2024-06-12,,579.64,2024,6,18,0,17,0,6,3033.9700000000003,505.6616666666667,416.79,614.4,78.01883270510183,6,1,0,0,0,0,0.0,34.75999999999999,0.8723719320037725,1.0599682561589951,0,0.0
C-32454,Active,Calder Central,30-44,English,No fixed abode,5,2023-12-28,,1014.93,2023,12,24,4,5,0,6,5880.72,980.12,841.33,1072.02,85.74980699686735,6,1,0,0,0,0,0.0,110.82000000000016,0.9657020681229248,1.0562501847418049,0,0.0
C-32455,Suspended,Calder Central,60-74,English,Private tenancy,4,2024-12-15,,873.68,2024,12,12,1,1,1,6,5196.42,866.07,842.99,896.37,18.58699222574754,6,1,0,0,0,0,0.0,26.240000000000123,0.9912897170588776,1.0259706070872632,0,0.0
C-32456,Closed,Northgate,45-59,English,Owner-occupier,3,2025-01-10,2025-10,1164.82,2025,1,11,1,23,0,4,4565.29,1141.3225,1103.9,1187.52,39.079435662080165,4,1,0,0,0,0,0.0,22.700000000000045,0.9798273552995314,1.0194879895606188,0,0.0
C-32457,Active,Ash Hill,45-59,Spanish,Private tenancy,3,2023-04-30,,814.16,2023,4,32,5,16,3,6,4898.89,816.4816666666667,777.59,851.13,30.147533508840556,6,1,0,0,0,0,0.0,81.91000000000008,1.00285160983918,1.0454087648619437,2,0.3333333333333333
C-32458,Active,Calder Central,18-29,English,Owner-occupier,4,2023-04-08,,806.37,2023,4,32,0,23,1,6,4867.8,811.3000000000001,774.23,844.66,33.31113087242761,6,1,0,0,0,0,0.0,104.82999999999993,1.0061138187184542,1.0474844054218286,0,0.0
C-32459,Active,Weybridge,45-59,English,Private tenancy,3,2023-10-14,,696.13,2023,10,26,0,20,0,6,4088.15,681.3583333333333,567.03,726.72,57.181973878720456,6,1,0,0,0,0,0.0,42.30000000000007,0.9787803044450509,1.0439429416919255,0,0.0
C-32460,Active,Ash Hill,30-44,English,No fixed abode,5,2023-08-18,,1197.22,2023,8,28,1,10,0,6,6478.299999999999,1079.7166666666665,809.11,1258.62,169.34804098857086,6,1,0,0,0,0,0.0,61.399999999999864,0.9018531820940735,1.051285478024089,0,0.0
C-32461,Active,Weybridge,30-44,English,Resident with family,3,2024-08-21,,601.59,2024,8,16,4,19,0,6,3451.2799999999997,575.2133333333333,439.2,637.39,69.91157920306668,6,1,0,0,0,0,0.0,36.1099999999999,0.956155077932368,1.059508967901727,0,0.0
C-32462,Active,Weybridge,30-44,Spanish,No fixed abode,4,2025-01-16,,886.89,2025,1,11,6,3,2,6,5241.57,873.5949999999999,755.51,930.34,63.48108214263524,6,1,0,0,0,0,0.0,86.46000000000004,0.9850094149218055,1.0489914194544983,3,0.5
C-32463,Suspended,Calder Central,60-74,Other,No fixed abode,5,2024-08-07,,872.32,2024,8,16,2,6,1,6,5248.36,874.7266666666666,834.36,916.95,33.23477616393212,6,1,0,0,0,0,0.0,83.40999999999997,1.0027589263878698,1.051162417461482,1,0.16666666666666666
C-32464,Closed,Calder Central,45-59,English,No fixed abode,3,2024-07-02,2025-11,921.42,2024,7,17,1,12,1,5,4585.52,917.104,870.61,934.32,26.684591621383323,5,1,0,0,0,0,0.0,31.990000000000123,0.9953159254194613,1.0140001302337698,3,0.6
C-32465,Active,Northgate,60-74,English,Social tenancy,2,2022-01-09,,549.16,2022,1,47,4,3,0,6,3190.65,531.775,520.93,538.91,7.3778011629482405,6,1,0,0,0,0,0.0,0.0,0.9683425595454876,0.9813351300167529,0,0.0
C-32466,Active,Calder Central,60-74,English,Social tenancy,1,2024-09-02,,708.34,2024,9,15,2,3,0,6,4090.52,681.7533333333333,549.32,750.31,71.1146360931887,6,1,0,0,0,0,0.0,67.49999999999989,0.9624662356118999,1.059251207047463,0,0.0
C-32467,Active,Calder Central,18-29,English,Owner-occupier,6,2021-02-26,,1270.76,2021,2,58,0,9,1,6,6821.150000000001,1136.8583333333333,895.01,1312.01,186.50285696649976,6,1,0,0,0,0,0.0,41.25,0.8946286736546109,1.0324608895464131,0,0.0
C-32468,Active,Calder Central,30-44,Spanish,Resident with family,5,2024-04-28,,1576.92,2024,4,20,6,9,1,6,9435.84,1572.64,1518.27,1646.57,48.29211364187737,6,1,0,0,0,0,0.0,106.11999999999989,0.9972858483626309,1.0441683788651295,1,0.16666666666666666
C-32469,Active,Northgate,45-59,English,Private tenancy,1,2021-07-18,,742.41,2021,7,53,1,1,1,6,4111.0599999999995,685.1766666666666,584.06,779.63,80.73056835342277,6,1,0,0,0,0,0.0,40.16000000000008,0.9229087251877893,1.0501340229792164,0,0.0
C-32470,Active,Calder Central,75+,Other,Resident with family,1,2022-01-11,,668.28,2022,1,47,3,9,3,6,3986.46,664.41,636.68,701.83,28.156638293660016,6,1,0,0,0,0,0.0,63.020000000000095,0.9942090141856706,1.0502035075118215,1,0.16666666666666666
C-32471,Active,Weybridge,75+,English,Private tenancy,3,2022-08-14,,1195.12,2022,8,40,4,22,2,6,7333.4400000000005,1222.24,1179.84,1250.51,29.53929315335765,6,1,0,0,0,0,0.0,178.00000000000068,1.022692281946583,1.0463468103621394,2,0.3333333333333333
C-32472,Active,Northgate,30-44,English,Private tenancy,4,2025-06-16,,1018.29,2025,6,6,2,10,0,6,6072.9400000000005,1012.1566666666668,961.59,1045.63,32.39214760812669,6,1,0,0,0,0,0.0,62.20000000000027,0.9939768304379565,1.026848933015153,0,0.0
C-32473,Active,Northgate,30-44,English,Resident with family,4,2023-02-18,,798.96,2023,2,34,2,15,2,6,4727.11,787.8516666666666,665.31,834.58,62.84208921309562,6,1,0,0,0,0,0.0,84.17999999999995,0.9860965087947665,1.0445829578451988,1,0.16666666666666666
C-32474,Active,Weybridge,30-44,English,Social tenancy,1,2021-08-05,,459.74,2021,8,52,1,0,0,6,2754.26,459.04333333333335,433.19,480.97,20.656218111422692,6,1,0,0,0,0,0.0,48.0,0.9984846507446238,1.0461782746769914,0,0.0
C-32475,Active,Northgate,30-44,Other,Owner-occupier,1,2023-09-02,,710.05,2023,9,27,5,5,4,6,4260.299999999999,710.0499999999998,710.05,710.05,0.0,6,1,0,0,0,0,0.0,0.0,1.0,1.0,2,0.3333333333333333
C-32476,Active,Ash Hill,45-59,English,Resident with family,2,2022-10-21,,830.34,2022,10,38,1,16,1,6,5007.51,834.585,790.49,874.85,31.801814256422542,6,1,0,0,0,0,0.0,86.03999999999985,1.0051123636100874,1.0536045475347449,2,0.3333333333333333
C-32477,Active,Calder Central,30-44,English,Private tenancy,1,2021-05-06,,550.47,2021,5,55,1,0,0,6,3332.34,555.39,534.99,580.28,19.30407521742493,6,1,0,0,0,0,0.0,62.0,1.008937816774756,1.054153723182008,0,0.0
C-32478,Active,Weybridge,75+,English,Resident with family,1,2021-03-27,,519.36,2021,3,57,1,14,1,6,3024.84,504.14000000000004,444.35,540.5,36.47649763889071,6,1,0,0,0,0,0.0,41.42999999999995,0.9706947011706716,1.040703943314849,1,0.16666666666666666
C-32479,Active,Weybridge,18-29,English,Owner-occupier,2,2021-03-20,,1026.09,2021,3,57,3,21,0,6,6116.46,1019.41,984.51,1073.54,33.294897506975424,6,1,0,0,0,0,0.0,59.91000000000008,0.9934898498182422,1.0462435069048523,0,0.0
C-32480,Active,Calder Central,60-74,English,Social tenancy,5,2021-01-19,,1497.37,2021,1,59,1,16,0,6,8272.14,1378.6899999999998,1121.94,1558.58,190.16013209923892,6,1,0,0,0,0,0.0,61.210000000000036,0.9207410326105104,1.04087834002284,0,0.0
C-32481,Active,Northgate,45-59,Spanish,No fixed abode,3,2024-05-10,,719.43,2024,5,19,2,14,1,6,4109.07,684.8449999999999,594.57,728.7,46.588682209309155,6,1,0,0,0,0,0.0,9.270000000000095,0.9519272201604049,1.0128852007839542,1,0.16666666666666666
C-32482,Active,Calder Central,45-59,Other,Resident with family,1,2024-07-18,,420.68,2024,7,17,4,13,4,6,2473.69,412.2816666666667,382.9,437.44,20.517508052067804,6,1,0,0,0,0,0.0,28.44999999999999,0.980036290450382,1.0398402586288866,0,0.0
C-32483,Active,Weybridge,60-74,English,Owner-occupier,1,2023-12-20,,642.44,2023,12,24,0,13,0,6,3736.66,622.7766666666666,489.38,680.38,71.03575794391631,6,1,0,0,0,0,0.0,87.15999999999985,0.969392731876388,1.0590560986239959,0,0.0
C-32484,Active,Weybridge,30-44,English,Private tenancy,2,2023-10-06,,892.45,2023,10,26,5,18,3,6,5354.700000000001,892.4500000000002,892.45,892.45,0.0,6,1,0,0,0,0,0.0,0.0,1.0,1.0,1,0.16666666666666666
C-32485,Active,Calder Central,18-29,English,No fixed abode,1,2022-03-22,,530.38,2022,3,45,3,18,0,6,3177.12,529.52,500.14,553.22,19.29374199060408,6,1,0,0,0,0,0.0,43.6400000000001,0.9983785210603718,1.0430634639315208,0,0.0
C-32486,Active,Ash Hill,75+,English,No fixed abode,4,2025-03-05,,1174.27,2025,3,9,1,15,2,6,7081.39,1180.2316666666668,1115.88,1228.48,43.71830573874817,6,1,0,0,0,0,0.0,123.73000000000002,1.005076913032494,1.0461648513544586,2,0.3333333333333333
C-32487,Active,Calder Central,30-44,Spanish,Social tenancy,4,2021-04-22,,1100.75,2021,4,56,7,2,2,6,6539.42,1089.9033333333334,861.99,1164.14,113.79728426753724,6,1,0,0,0,0,0.0,173.94000000000028,0.9901461124990537,1.0575880081762437,2,0.3333333333333333
C-32488,Active,Calder Central,60-74,Spanish,Social tenancy,3,2021-09-22,,735.52,2021,9,51,3,1,1,6,4446.19,741.0316666666666,697.09,772.0,24.698062609578635,6,1,0,0,0,0,0.0,71.5,1.0074935646436083,1.0495975636284534,0,0.0
C-32489,Active,Northgate,60-74,English,Social tenancy,1,2024-05-26,,425.45,2024,5,19,0,6,1,6,2588.17,431.3616666666667,413.58,449.49,15.55834363506178,6,1,0,0,0,0,0.0,59.17000000000007,1.013895091471775,1.056504877188859,1,0.16666666666666666
C-32490,Active,Weybridge,60-74,English,Resident with family,3,2023-03-19,,1231.79,2023,3,33,3,12,1,6,7492.29,1248.715,1193.84,1297.51,35.59175789420919,6,1,0,0,0,0,0.0,140.99000000000024,1.0137401667492025,1.0533532501481584,2,0.3333333333333333
C-32491,Active,Calder Central,75+,English,No fixed abode,1,2022-10-17,,484.29,2022,10,38,4,20,1,6,2753.35,458.89166666666665,344.71,509.15,58.84293446682165,6,1,0,0,0,0,0.0,38.469999999999914,0.9475555280238424,1.0513328790600671,4,0.6666666666666666
C-32492,Active,Calder Central,30-44,English,Resident with family,4,2024-01-16,,1183.48,2024,1,23,2,10,2,6,11337.24,1889.54,1705.32,2128.53,141.18421413175068,6,1,0,0,0,0,0.0,4236.360000000001,1.5965964781829858,1.798534829485923,1,0.16666666666666666
C-32493,Active,Northgate,60-74,English,Social tenancy,3,2022-06-27,,694.84,2022,6,42,3,21,0,6,4032.6499999999996,672.1083333333332,578.63,714.43,48.20254408915223,6,1,0,0,0,0,0.0,19.589999999999918,0.9672850344443805,1.0281935409590697,0,0.0
C-32494,Closed,Weybridge,45-59,English,Social tenancy,1,2021-06-27,2025-08,516.84,2021,6,54,1,14,0,2,1026.03,513.015,493.06,532.97,28.22063163715515,2,1,0,0,0,0,0.0,16.129999999999995,0.9925992570234501,1.0312088847612413,0,0.0
C-32495,Active,Calder Central,30-44,English,Owner-occupier,2,2023-01-03,,932.15,2023,1,35,1,22,1,6,4936.25,822.7083333333334,696.1,921.11,102.0012926225284,6,1,0,0,0,0,0.0,0.0,0.8825922151298968,0.9881564125945396,2,0.3333333333333333
C-32496,Active,Calder Central,75+,Spanish,Resident with family,2,2021-06-16,,773.59,2021,6,54,3,19,1,6,4511.68,751.9466666666667,669.76,801.05,47.98623372037719,6,1,0,0,0,0,0.0,51.479999999999905,0.9720222167642635,1.0354968394110575,2,0.3333333333333333
C-32497,Active,Calder Central,30-44,English,No fixed abode,2,2021-09-29,,624.17,2021,9,51,2,5,1,6,3498.18,583.03,481.0,660.96,81.42305275534687,6,1,0,0,0,0,0.0,69.12000000000012,0.9340884694874795,1.0589422753416537,3,0.5
C-32498,Active,Northgate,75+,Other,Resident with family,3,2023-07-01,,768.0,2023,7,29,6,13,0,6,4614.38,769.0633333333334,736.3,809.92,29.701682556156108,6,1,0,0,0,0,0.0,80.12999999999988,1.001384548611111,1.0545833333333332,0,0.0
C-32499,Active,Weybridge,18-29,English,Owner-occupier,4,2023-11-15,,800.51,2023,11,25,3,9,1,6,4385.360000000001,730.8933333333334,619.6,838.21,88.47420339662101,6,1,0,0,0,0,0.0,37.700000000000045,0.9130346071046375,1.0470949769521931,1,0.16666666666666666
C-32500,Active,Weybridge,30-44,English,Private tenancy,4,2021-09-20,,815.78,2021,9,51,4,9,0,6,4916.99,819.4983333333333,772.04,861.68,31.204916546382027,6,1,0,0,0,0,0.0,77.97000000000003,1.0045580099209754,1.056265169531001,0,0.0
C-32501,Active,Ash Hill,30-44,English,Resident with family,1,2021-07-26,,755.29,2021,7,53,1,10,2,6,4392.33,732.055,586.37,791.6,77.9277054069989,6,1,0,0,0,0,0.0,93.07000000000016,0.969236981821552,1.0480742496259716,2,0.3333333333333333
C-32502,Active,Calder Central,45-59,English,Private tenancy,1,2021-01-04,,435.04,2021,1,59,3,17,0,6,6082.360000000001,1013.7266666666668,914.51,1172.97,97.03503463526289,6,1,0,0,0,0,0.0,3472.12,2.3301918597523597,2.6962348289812432,0,0.0
C-32503,Active,Weybridge,75+,English,Resident with family,2,2024-12-09,,994.81,2024,12,12,2,22,0,6,5900.79,983.465,946.85,1046.96,33.793057719004985,6,1,0,0,0,0,0.0,52.15000000000009,0.9885958122656588,1.0524220705461345,0,0.0
C-32504,Active,Northgate,18-29,English,Private tenancy,3,2022-03-28,,1108.31,2022,3,45,1,23,1,6,6599.51,1099.9183333333333,1042.48,1168.26,60.26349953883084,6,1,0,0,0,0,0.0,137.73000000000002,0.9924284120267194,1.0540913643294747,1,0.16666666666666666
C-32505,Active,Weybridge,18-29,English,Owner-occupier,3,2023-09-20,,1131.69,2023,9,27,0,12,0,6,6972.1,1162.0166666666667,1095.76,1198.45,35.41980161811567,6,1,0,0,0,0,0.0,217.88999999999987,1.026797680165652,1.0589914199118133,0,0.0
C-32506,Active,Northgate,30-44,English,Social tenancy,1,2025-07-28,,543.37,2025,7,5,2,15,1,6,3123.22,520.5366666666666,434.05,555.66,44.91662483609678,6,1,0,0,0,0,0.0,22.870000000000005,0.9579782959432185,1.0226181055266208,2,0.3333333333333333
C-32507,Active,Calder Central,45-59,English,Resident with family,1,2024-02-12,,418.1,2024,2,22,0,11,1,6,2493.7,415.6166666666666,393.71,439.7,20.95995197195515,6,1,0,0,0,0,0.0,46.62999999999994,0.9940604321135295,1.0516622817507773,2,0.3333333333333333
C-32508,Active,Northgate,30-44,English,Private tenancy,1,2022-01-18,,568.6,2022,1,47,2,2,2,6,3342.91,557.1516666666666,492.99,588.05,35.17104116551949,6,1,0,0,0,0,0.0,40.719999999999914,0.9798657521397584,1.0342068237776996,1,0.16666666666666666
C-32509,Active,Northgate,30-44,English,Private tenancy,4,2023-01-19,,1024.44,2023,1,35,2,18,1,6,6261.11,1043.5183333333332,995.16,1081.04,35.16739593240686,6,1,0,0,0,0,0.0,158.89999999999964,1.0186231827469967,1.0552496973956502,1,0.16666666666666666
C-32510,Active,Weybridge,45-59,English,No fixed abode,4,2022-11-26,,1417.05,2022,11,37,1,20,0,6,8368.48,1394.7466666666667,1130.71,1487.77,133.58509896940853,6,1,0,0,0,0,0.0,169.67000000000007,0.9842607294496784,1.0499064958893476,0,0.0
C-32511,Active,Calder Central,45-59,Other,Owner-occupier,3,2025-03-20,,784.71,2025,3,9,5,1,1,6,4607.95,767.9916666666667,745.73,796.8,21.23430000415991,6,1,0,0,0,0,0.0,12.089999999999918,0.978694889407127,1.015406965630615,2,0.3333333333333333
C-32512,Active,Calder Central,18-29,English,No fixed abode,1,2025-01-16,,514.62,2025,1,11,2,8,3,6,3107.2,517.8666666666667,488.77,542.67,22.656090277597908,6,1,0,0,0,0,0.0,66.80999999999995,1.0063088622025314,1.0545062376122187,0,0.0
C-32513,Active,Weybridge,60-74,English,No fixed abode,4,2023-11-13,,1098.04,2023,11,25,1,7,0,6,6524.91,1087.485,844.19,1160.29,121.97849035793148,6,1,0,0,0,0,0.0,197.66000000000008,0.990387417580416,1.056691923791483,0,0.0
C-32514,Active,Calder Central,45-59,Spanish,Resident with family,5,2022-05-03,,1327.34,2022,5,43,4,16,2,6,7911.86,1318.6433333333332,1263.1,1390.79,46.08227627479655,6,1,0,0,0,0,0.0,85.25000000000023,0.9934480489801659,1.0478023716606144,2,0.3333333333333333
C-32515,Active,Northgate,60-74,English,Social tenancy,2,2023-09-11,,1027.11,2023,9,27,4,6,2,6,5849.91,974.985,773.79,1079.09,105.36194089897928,6,1,0,0,0,0,0.0,59.5300000000002,0.9492508105266233,1.050608016668127,0,0.0
C-32516,Active,Calder Central,60-74,English,Resident with family,3,2022-02-25,,1077.82,2022,2,46,4,3,0,6,6110.25,1018.375,901.76,1053.04,57.60749803627998,6,1,0,0,0,0,0.0,0.0,0.9448470059935797,0.9770091480952293,0,0.0
C-32517,Active,Weybridge,45-59,English,Resident with family,3,2025-01-02,,1069.5,2025,1,11,1,10,0,6,6175.8099999999995,1029.3016666666665,1006.09,1074.86,24.683233513189887,6,1,0,0,0,0,0.0,5.3599999999999,0.9624139005765935,1.0050116877045348,0,0.0
C-32518,Active,Calder Central,60-74,English,Private tenancy,2,2021-05-20,,667.06,2021,5,55,0,0,1,6,4032.2,672.0333333333333,635.77,701.34,21.928056609436847,6,1,0,0,0,0,0.0,63.52000000000032,1.0074556011952949,1.0513896800887477,1,0.16666666666666666
C-32519,Active,Weybridge,60-74,English,Social tenancy,3,2021-08-03,,1025.82,2021,8,52,2,1,2,6,6076.63,1012.7716666666666,978.98,1045.6,25.433955584349537,6,1,0,0,0,0,0.0,25.12000000000012,0.9872800946234882,1.0192821352673958,3,0.5
C-32520,Active,Ash Hill,30-44,English,Owner-occupier,1,2025-02-11,,524.06,2025,2,10,2,21,1,6,3163.04,527.1733333333333,497.03,555.19,25.766248983246808,6,1,0,0,0,0,0.0,78.11000000000024,1.005940795583203,1.0594015952371867,1,0.16666666666666666
C-32521,Active,Ash Hill,45-59,English,Owner-occupier,4,2021-06-12,,1322.43,2021,6,54,2,8,1,6,7846.25,1307.7083333333333,1244.42,1400.34,53.49651929487239,6,1,0,0,0,0,0.0,85.8599999999999,0.9888677157455089,1.0589142714548216,2,0.3333333333333333
C-32522,Active,Weybridge,30-44,English,No fixed abode,3,2021-09-06,,965.71,2021,9,51,0,18,0,6,5300.89,883.4816666666667,722.88,988.15,111.77961377937689,6,1,0,0,0,0,0.0,22.43999999999994,0.9148519396782332,1.0232367895123795,0,0.0
C-32523,Active,Weybridge,30-44,English,No fixed abode,3,2024-11-29,,964.38,2024,11,13,1,14,1,6,5240.76,873.46,662.3,982.35,122.61707352567178,6,1,0,0,0,0,0.0,17.970000000000027,0.9057218109044153,1.0186337335904934,1,0.16666666666666666
C-32524,Active,Weybridge,75+,English,Private tenancy,5,2023-11-16,,958.21,2023,11,25,0,16,2,6,5837.87,972.9783333333334,937.58,1002.93,28.022730357098787,6,1,0,0,0,0,0.0,118.31999999999982,1.0154124182938327,1.0466703540977447,2,0.3333333333333333
C-32525,Active,Northgate,18-29,English,Social tenancy,3,2024-10-14,,1109.86,2024,10,14,3,6,2,6,6392.039999999999,1065.34,899.18,1175.27,124.92101680662066,6,1,0,0,0,0,0.0,141.6300000000001,0.9598868325734777,1.05893536121673,2,0.3333333333333333
C-32526,Active,Weybridge,75+,English,No fixed abode,1,2023-06-05,,599.43,2023,6,30,1,5,1,6,3558.2,593.0333333333333,570.86,615.26,17.132833585448328,6,1,0,0,0,0,0.0,27.90000000000009,0.9893287512025314,1.0264084213336002,3,0.5
C-32527,Active,Weybridge,45-59,Spanish,Resident with family,1,2021-06-19,,633.78,2021,6,54,6,23,4,6,3831.7700000000004,638.6283333333334,595.83,658.73,24.16435591251432,6,1,0,0,0,0,0.0,75.99000000000024,1.0076498679878403,1.0393669727665753,1,0.16666666666666666
C-32528,Active,Calder Central,18-29,English,Social tenancy,1,2022-03-21,,467.45,2022,3,45,2,6,0,6,2796.08,466.0133333333333,441.37,490.02,17.53882740284157,6,1,0,0,0,0,0.0,37.579999999999984,0.9969265875138161,1.0482832388490748,0,0.0
C-32529,Active,Northgate,60-74,English,Resident with family,1,2022-01-19,,504.37,2022,1,47,3,23,2,6,2756.72,459.4533333333333,393.03,524.06,54.83396380589923,6,1,0,0,0,0,0.0,33.43999999999994,0.9109450073028399,1.039038800880306,1,0.16666666666666666
C-32530,Active,Northgate,30-44,English,Resident with family,5,2021-03-08,,1232.34,2021,3,57,3,2,1,6,7572.68,1262.1133333333335,1205.14,1303.2,34.26097585689387,6,1,0,0,0,0,0.0,205.84000000000037,1.0241599991344381,1.057500365158966,0,0.0
C-32531,Active,Ash Hill,60-74,English,Social tenancy,4,2024-12-03,,1252.35,2024,12,12,1,18,2,6,7525.16,1254.1933333333334,1177.7,1325.12,57.806907430398525,6,1,0,0,0,0,0.0,152.47000000000025,1.001471899495615,1.05810675929253,3,0.5
C-32532,Active,Ash Hill,75+,Spanish,Private tenancy,2,2024-07-22,,784.44,2024,7,17,5,19,2,6,4649.43,774.9050000000001,688.44,825.06,46.22183975135559,6,1,0,0,0,0,0.0,54.45999999999981,0.9878448319820509,1.0517821630717452,2,0.3333333333333333
C-32533,Active,Ash Hill,45-59,English,Social tenancy,2,2024-09-07,,770.99,2024,9,15,2,22,0,6,4540.42,756.7366666666667,604.99,815.68,77.85916893126118,6,1,0,0,0,0,0.0,102.19999999999993,0.9815129465578888,1.0579644353363855,0,0.0
C-32534,Active,Ash Hill,45-59,English,No fixed abode,1,2021-10-02,,499.37,2021,10,50,2,19,1,6,2797.16,466.1933333333333,389.52,511.36,46.319053386988244,6,1,0,0,0,0,0.0,11.990000000000009,0.9335629559912156,1.0240102529186776,2,0.3333333333333333
C-32535,Active,Weybridge,60-74,English,No fixed abode,3,2021-11-25,,690.65,2021,11,49,0,6,0,6,4115.95,685.9916666666667,654.53,731.24,32.347485476720856,6,1,0,0,0,0,0.0,66.95000000000005,0.9932551461183908,1.0587707232317383,0,0.0
C-32536,Suspended,Calder Central,30-44,English,Resident with family,1,2023-06-22,,403.14,2023,6,30,1,7,2,6,2291.38,381.8966666666667,309.7,422.33,44.42847225222433,6,1,0,0,0,0,0.0,28.58000000000004,0.9473053199054092,1.047601329562931,3,0.5
C-32537,Active,Weybridge,60-74,English,No fixed abode,4,2025-03-14,,1249.3,2025,3,9,2,23,1,6,6907.04,1151.1733333333334,967.76,1254.36,113.4843289034511,6,1,0,0,0,0,0.0,5.059999999999945,0.921454681288188,1.004050268150164,1,0.16666666666666666
C-32538,Active,Northgate,30-44,English,Resident with family,3,2023-02-02,,869.41,2023,2,34,0,1,3,6,4856.85,809.475,713.65,874.61,63.438679289531265,6,1,0,0,0,0,0.0,5.2000000000000455,0.9310624446463693,1.0059810676205703,1,0.16666666666666666
C-32539,Active,Northgate,30-44,English,No fixed abode,2,2022-07-21,,599.99,2022,7,41,5,5,0,6,3553.85,592.3083333333333,579.98,631.47,19.72238465973796,6,1,0,0,0,0,0.0,31.480000000000018,0.9871970088390362,1.0524675411256854,0,0.0
C-32540,Active,Ash Hill,45-59,Spanish,Owner-occupier,3,2022-07-21,,1058.67,2022,7,41,4,18,1,6,6477.44,1079.5733333333333,1020.82,1118.53,34.833886183810556,6,1,0,0,0,0,0.0,163.26999999999953,1.0197449000475438,1.0565426431276979,3,0.5
C-32541,Active,Northgate,45-59,English,Social tenancy,1,2022-12-10,,704.01,2022,12,36,2,6,2,6,4289.69,714.9483333333333,665.86,742.39,30.07637439364432,6,1,0,0,0,0,0.0,114.44999999999993,1.0155371846043855,1.054516271075695,2,0.3333333333333333
C-32542,Closed,Northgate,45-59,English,No fixed abode,2,2025-06-06,2025-10,982.96,2025,6,6,3,23,0,4,3860.6,965.15,932.57,1002.37,31.08372886254154,4,1,0,0,0,0,0.0,19.409999999999968,0.98188125661268,1.0197464800195328,0,0.0
C-32543,Active,Calder Central,60-74,English,Private tenancy,1,2023-04-17,,453.13,2023,4,32,1,8,0,6,2710.4700000000003,451.74500000000006,431.05,476.67,17.67984813283192,6,1,0,0,0,0,0.0,40.700000000000045,0.9969434820029573,1.0519497715887274,0,0.0
C-32544,Closed,Ash Hill,60-74,English,Owner-occupier,4,2021-09-11,2025-11,1345.29,2021,9,51,3,12,0,5,6861.13,1372.226,1290.41,1425.4,55.93387372603471,5,1,0,0,0,0,0.0,193.0200000000002,1.0200224486913603,1.0595484988366821,0,0.0
C-32545,Closed,Weybridge,18-29,English,Owner-occupier,2,2021-05-24,2025-10,993.6,2021,5,55,3,1,1,4,3612.37,903.0925,774.3,1002.92,113.80790522484223,4,1,0,0,0,0,0.0,10.379999999999882,0.9089095209339775,1.009380032206119,0,0.0
C-32546,Active,Ash Hill,18-29,English,Private tenancy,3,2023-07-29,,1141.44,2023,7,29,4,9,1,6,6734.22,1122.3700000000001,1083.94,1153.06,28.322420800489446,6,1,0,0,0,0,0.0,19.809999999999945,0.9832930333613681,1.0101801233529575,2,0.3333333333333333
C-32547,Active,Ash Hill,45-59,English,Private tenancy,5,2024-03-30,,878.07,2024,3,21,5,13,0,6,5411.9,901.9833333333332,881.7,925.84,19.596130910633025,6,1,0,0,0,0,0.0,143.47999999999968,1.027233971475319,1.0544034074732083,0,0.0
C-32548,Active,Northgate,18-29,English,No fixed abode,1,2021-05-23,,675.46,2021,5,55,1,3,1,6,4119.73,686.6216666666666,650.37,712.92,23.71384272248313,6,1,0,0,0,0,0.0,97.67999999999984,1.0165245413002497,1.0554585023539513,1,0.16666666666666666
C-32549,Active,Ash Hill,30-44,English,Owner-occupier,1,2024-12-20,,746.85,2024,12,12,1,4,0,6,4340.72,723.4533333333334,609.99,771.4,60.30477946785534,6,1,0,0,0,0,0.0,50.989999999999895,0.9686728705005466,1.032871393184709,0,0.0
C-32550,Active,Ash Hill,75+,Spanish,Social tenancy,3,2022-09-29,,967.14,2022,9,39,7,10,2,6,5635.74,939.29,753.65,1024.4,97.5656371885102,6,1,0,0,0,0,0.0,99.26000000000022,0.9712037554025271,1.0592054924829912,2,0.3333333333333333
C-32551,Active,Northgate,75+,English,No fixed abode,5,2021-01-31,,1517.9,2021,1,59,1,1,1,6,8442.87,1407.1450000000002,1102.07,1566.72,191.8170399886309,6,1,0,0,0,0,0.0,90.88999999999987,0.9270340602147703,1.032162856578167,1,0.16666666666666666
C-32552,Active,Northgate,60-74,Spanish,Social tenancy,1,2021-05-26,,617.93,2021,5,55,3,11,3,6,3592.89,598.8149999999999,544.14,641.34,35.50638069417948,6,1,0,0,0,0,0.0,35.97000000000014,0.9690660754454389,1.0378845500299387,2,0.3333333333333333
C-32553,Suspended,Northgate,18-29,Spanish,Social tenancy,3,2025-05-23,,819.95,2025,5,7,4,17,0,6,4611.16,768.5266666666666,579.64,855.05,98.38701574225465,6,1,0,0,0,0,0.0,53.50999999999988,0.937284793788239,1.0428074882614793,0,0.0
C-32554,Active,Northgate,75+,English,No fixed abode,4,2024-06-15,,1168.96,2024,6,18,0,19,0,6,6940.85,1156.8083333333334,1100.91,1220.96,51.35789770489704,6,1,0,0,0,0,0.0,97.96000000000004,0.9896047198649512,1.0444839857651245,0,0.0
C-32555,Active,Weybridge,18-29,English,Owner-occupier,3,2021-03-17,,787.67,2021,3,57,6,23,2,6,4757.3,792.8833333333333,766.56,820.98,22.589059888952164,6,1,0,0,0,0,0.0,72.98000000000025,1.0066186770263352,1.0422892835832265,2,0.3333333333333333
C-32556,Active,Calder Central,75+,English,Resident with family,4,2021-04-19,,1418.99,2021,4,56,1,10,1,6,8158.82,1359.8033333333333,1146.33,1450.58,113.6912499125006,6,1,0,0,0,0,0.0,58.26999999999998,0.958289581556835,1.0222623133355415,1,0.16666666666666666
C-32557,Active,Northgate,45-59,English,Private tenancy,4,2023-04-01,,945.83,2023,4,32,3,7,0,6,5493.86,915.6433333333333,771.06,983.37,74.79082849298214,6,1,0,0,0,0,0.0,48.82999999999993,0.968084469020155,1.0396900077180888,0,0.0
C-32558,Active,Calder Central,30-44,English,Owner-occupier,3,2025-08-28,,907.52,2025,8,4,1,23,0,7,6239.11,891.3014285714286,864.05,920.04,25.004752500655687,6,2,1,1,0,0,0.0,30.200000000000045,0.9821286898045537,1.0137958392101551,0,0.0
C-32559,Active,Weybridge,75+,English,Private tenancy,1,2024-10-05,,755.74,2024,10,14,2,4,1,6,4270.89,711.815,610.28,800.87,78.4273377719785,6,1,0,0,0,0,0.0,58.50999999999999,0.941878159155265,1.0597163045491835,0,0.0
C-32560,Active,Calder Central,18-29,English,Resident with family,1,2022-09-13,,617.67,2022,9,39,4,16,3,6,3516.8,586.1333333333333,435.98,650.8,77.85434340270722,6,1,0,0,0,0,0.0,53.50999999999999,0.9489425313408995,1.0536370553855618,2,0.3333333333333333
C-32561,Active,Weybridge,45-59,English,No fixed abode,1,2025-02-10,,596.07,2025,2,10,0,14,1,6,3583.2200000000003,597.2033333333334,578.48,610.1,11.24947228391922,6,1,0,0,0,0,0.0,27.989999999999895,1.0019013426834655,1.0235375039844312,1,0.16666666666666666
C-32562,Active,Weybridge,45-59,English,Social tenancy,6,2022-04-11,,1589.26,2022,4,44,3,23,0,6,8970.22,1495.0366666666666,1158.19,1634.56,170.7765495220777,6,1,0,0,0,0,0.0,46.27999999999997,0.9407124489804479,1.0285038319721127,0,0.0
C-32563,Active,Northgate,45-59,Spanish,No fixed abode,2,2021-08-17,,645.94,2021,8,52,3,6,1,6,3857.0299999999997,642.8383333333333,615.15,682.15,30.16354913909614,6,1,0,0,0,0,0.0,67.5999999999998,0.9951982124242704,1.0560578381893053,2,0.3333333333333333
C-32564,Suspended,Ash Hill,60-74,English,Owner-occupier,1,2021-07-28,,525.57,2021,7,53,2,7,0,6,2822.21,470.36833333333334,365.33,529.67,69.71369604795504,6,1,0,0,0,0,0.0,4.099999999999909,0.8949680029935752,1.0078010540936506,0,0.0
C-32565,Active,Northgate,45-59,English,Private tenancy,1,2021-02-16,,418.64,2021,2,58,4,1,0,6,2507.66,417.9433333333333,378.47,443.0,25.931915985261604,6,1,0,0,0,0,0.0,60.35000000000002,0.9983358812663227,1.0581884196445634,0,0.0
C-32566,Active,Weybridge,30-44,English,Private tenancy,3,2023-11-22,,1180.52,2023,11,25,1,5,1,6,6794.9,1132.4833333333333,939.25,1231.81,106.50406746536326,6,1,0,0,0,0,0.0,92.00999999999999,0.9593088921266335,1.0434469555788974,1,0.16666666666666666
C-32567,Active,Northgate,18-29,English,Resident with family,2,2021-10-28,,952.57,2021,10,50,1,11,1,6,5450.32,908.3866666666667,737.61,975.98,87.60542487007679,6,1,0,0,0,0,0.0,40.289999999999964,0.9536167070836439,1.0245756217390847,2,0.3333333333333333
C-32568,Active,Northgate,45-59,Spanish,Resident with family,1,2021-10-16,,525.02,2021,10,50,3,20,2,6,3188.69,531.4483333333334,509.96,553.64,16.470439480070535,6,1,0,0,0,0,0.0,61.510000000000105,1.012243978007187,1.0545122090587025,0,0.0
C-32569,Active,Calder Central,30-44,English,Owner-occupier,4,2023-07-25,,754.7,2023,7,29,1,16,1,6,4670.26,778.3766666666667,742.63,798.98,19.0540648331706,6,1,0,0,0,0,0.0,154.12999999999977,1.0313722892098405,1.0586723201272028,0,0.0
C-32570,Closed,Northgate,30-44,English,Social tenancy,1,2022-11-06,2025-08,631.63,2022,11,37,2,8,0,2,1265.3200000000002,632.6600000000001,608.44,656.88,34.25225248067636,2,1,0,0,0,0,0.0,25.25,1.001630701518294,1.039975935278565,0,0.0
C-32571,Active,Calder Central,18-29,Other,No fixed abode,2,2024-11-07,,721.93,2024,11,13,3,0,1,6,4252.2,708.6999999999999,620.79,741.55,47.19312831334664,6,1,0,0,0,0,0.0,54.70000000000016,0.9816741235299822,1.0271771501392102,2,0.3333333333333333
C-32572,Active,Weybridge,60-74,English,Social tenancy,3,2024-11-12,,764.78,2024,11,13,2,16,0,6,4412.97,735.495,678.75,770.44,32.95333351878078,6,1,0,0,0,0,0.0,6.8900000000001,0.961707942153299,1.007400821151181,0,0.0
C-32573,Active,Calder Central,45-59,English,Social tenancy,1,2022-11-05,,672.98,2022,11,37,3,7,0,6,4117.38,686.23,634.08,711.53,30.35667241316147,6,1,0,0,0,0,0.0,120.52999999999986,1.019688549436833,1.0572825343992391,0,0.0
C-32574,Active,Northgate,60-74,English,Social tenancy,2,2022-02-22,,667.49,2022,2,46,3,8,0,6,4053.84,675.64,606.9,701.85,35.92782876824036,6,1,0,0,0,0,0.0,109.4899999999999,1.0122099207478763,1.051476426613133,0,0.0
C-32575,Active,Ash Hill,30-44,English,Resident with family,3,2023-02-02,,1217.19,2023,2,34,2,14,0,6,6934.93,1155.8216666666667,897.34,1260.74,132.3568741572067,6,1,0,0,0,0,0.0,56.6099999999999,0.9495819606361099,1.0357791306205275,0,0.0
C-32576,Active,Northgate,30-44,English,Private tenancy,3,2024-09-03,,965.13,2024,9,15,1,5,0,6,5340.05,890.0083333333333,748.1,981.54,105.51250474074942,6,1,0,0,0,0,0.0,20.680000000000064,0.9221641989507458,1.0170028908022752,0,0.0
C-32577,Active,Northgate,60-74,English,Owner-occupier,1,2023-01-05,,446.43,2023,1,35,1,16,1,6,2707.84,451.3066666666667,427.37,465.34,15.210982435946292,6,1,0,0,0,0,0.0,55.64999999999992,1.0109236983774985,1.0423582644535536,2,0.3333333333333333
C-32578,Suspended,Northgate,45-59,Spanish,Resident with family,2,2025-06-29,,639.02,2025,6,6,5,23,3,6,3815.07,635.845,562.1,666.82,41.659612936271984,6,1,0,0,0,0,0.0,84.35000000000014,0.9950314544145723,1.0435041156771308,0,0.0
C-32579,Active,Ash Hill,60-74,English,Resident with family,2,2022-05-23,,921.6,2022,5,43,1,20,2,6,5486.58,914.43,870.66,973.34,35.47885567489461,6,1,0,0,0,0,0.0,58.86999999999989,0.9922200520833333,1.0561414930555555,1,0.16666666666666666
C-32580,Active,Ash Hill,18-29,English,Resident with family,1,2024-11-17,,452.88,2024,11,13,1,13,2,6,2621.46,436.91,348.2,472.07,45.081985315644644,6,1,0,0,0,0,0.0,31.54000000000002,0.9647367956191486,1.0423732556085497,0,0.0
C-32581,Active,Calder Central,30-44,English,Private tenancy,3,2023-04-08,,1108.1,2023,4,32,2,12,1,6,6586.139999999999,1097.6899999999998,1047.55,1163.71,40.35977849295026,6,1,0,0,0,0,0.0,57.05000000000018,0.990605541016154,1.0501850013536687,1,0.16666666666666666
C-32582,Active,Weybridge,18-29,English,Private tenancy,2,2021-09-17,,950.52,2021,9,51,2,5,1,6,5782.99,963.8316666666666,926.38,996.99,28.45031487816379,6,1,0,0,0,0,0.0,112.93000000000006,1.0140046150177446,1.0488890291629844,2,0.3333333333333333
C-32583,Active,Northgate,18-29,Spanish,Social tenancy,2,2024-04-11,,917.48,2024,4,20,5,18,2,6,5241.79,873.6316666666667,689.63,962.2,94.00947493027854,6,1,0,0,0,0,0.0,44.72000000000003,0.9522078592085568,1.0487422069145922,2,0.3333333333333333
C-32584,Active,Weybridge,30-44,English,Resident with family,4,2022-08-30,,798.74,2022,8,40,1,19,0,6,4577.32,762.8866666666667,602.25,818.01,80.59661448638315,6,1,0,0,0,0,0.0,33.93999999999994,0.9551126357346154,1.0241254976588126,0,0.0
C-32585,Active,Ash Hill,30-44,English,Social tenancy,2,2022-01-20,,808.66,2022,1,47,2,7,1,6,4623.41,770.5683333333333,675.76,845.99,74.11974404075254,6,1,0,0,0,0,0.0,69.2700000000001,0.9528953247759668,1.0461627878218287,3,0.5
C-32586,Closed,Weybridge,45-59,Spanish,No fixed abode,1,2021-03-30,2025-10,683.04,2021,3,57,5,20,1,6,3961.4,660.2333333333333,519.27,707.26,71.39341472899774,6,1,0,0,2,1,1398.71,55.19000000000028,0.9666100570000782,1.0354591239166082,2,0.3333333333333333
C-32587,Active,Calder Central,30-44,English,Resident with family,5,2023-08-25,,1082.23,2023,8,28,0,22,0,6,6293.25,1048.875,948.52,1095.42,54.199236064726996,6,1,0,0,0,0,0.0,21.470000000000027,0.9691793796143148,1.0121877974182938,0,0.0
C-32588,Active,Northgate,75+,English,Social tenancy,1,2024-04-08,,484.25,2024,4,20,3,15,0,6,2891.06,481.8433333333333,456.64,511.95,23.752591998909676,6,1,0,0,0,0,0.0,55.94,0.9950301152985718,1.0572018585441405,0,0.0
C-32589,Active,Ash Hill,18-29,Spanish,Private tenancy,2,2021-03-11,,1031.89,2021,3,57,3,16,2,6,5828.77,971.4616666666667,712.32,1074.4,133.13126881640787,6,1,0,0,0,0,0.0,72.40999999999985,0.941439171487917,1.0411962515384392,0,0.0
C-32590,Active,Calder Central,18-29,English,Private tenancy,2,2024-12-18,,530.31,2024,12,12,2,3,1,6,3140.0099999999998,523.3349999999999,505.09,560.43,20.529611540406673,6,1,0,0,0,0,0.0,30.120000000000005,0.9868473157209935,1.0567969678112803,0,0.0
C-32591,Active,Ash Hill,75+,Spanish,Owner-occupier,1,2023-09-14,,382.12,2023,9,27,4,11,0,6,2314.52,385.75333333333333,367.31,395.53,10.964806731842863,6,1,0,0,0,0,0.0,38.98999999999995,1.0095083568861438,1.0350936878467496,0,0.0
C-32592,Active,Calder Central,18-29,English,Private tenancy,2,2024-06-25,,892.79,2024,6,18,1,10,0,6,5119.55,853.2583333333333,723.03,931.53,77.5155072012476,6,1,0,0,0,0,0.0,66.6400000000001,0.9557212035678416,1.043392063083144,0,0.0
C-32593,Active,Ash Hill,45-59,English,No fixed abode,2,2022-01-15,,1005.69,2022,1,47,2,15,2,6,5675.42,945.9033333333333,744.73,1039.18,103.74831500639742,6,1,0,0,0,0,0.0,33.49000000000001,0.9405515947591537,1.0333005200409668,0,0.0
C-32594,Active,Calder Central,30-44,English,Owner-occupier,2,2024-08-16,,588.47,2024,8,16,2,0,0,6,3190.17,531.695,433.48,618.79,89.26552677265732,6,1,0,0,0,0,0.0,68.7299999999999,0.9035209951229458,1.0515234421465833,0,0.0
C-32595,Active,Ash Hill,60-74,English,Resident with family,1,2022-03-28,,387.68,2022,3,45,1,17,0,6,2353.01,392.16833333333335,369.66,404.86,12.286814748610265,6,1,0,0,0,0,0.0,44.950000000000045,1.0115774178016235,1.044314898885679,0,0.0
C-32596,Active,Weybridge,60-74,Other,No fixed abode,1,2022-03-07,,377.83,2022,3,45,6,13,5,6,2207.11,367.8516666666667,296.06,399.49,38.23435806531432,6,1,0,0,0,0,0.0,48.59000000000003,0.9735904154425712,1.05732736945187,0,0.0
C-32597,Active,Calder Central,60-74,English,Social tenancy,1,2024-10-11,,686.11,2024,10,14,0,14,1,6,4034.88,672.48,651.87,712.85,23.29084455317155,6,1,0,0,0,0,0.0,26.74000000000001,0.9801343807844223,1.0389733424669514,1,0.16666666666666666
C-32598,Active,Calder Central,45-59,Spanish,Private tenancy,2,2021-02-06,,875.38,2021,2,58,4,9,2,6,5051.28,841.88,689.71,896.63,78.65411572193793,6,1,0,0,0,0,0.0,48.51999999999998,0.9617309054353539,1.0242751719253353,1,0.16666666666666666
C-32599,Active,Northgate,45-59,English,Owner-occupier,1,2021-06-19,,382.6,2021,6,54,2,22,0,6,2285.63,380.93833333333333,366.03,401.76,15.097475837591753,6,1,0,0,0,0,0.0,34.66999999999996,0.9956569088691408,1.0500784108729744,0,0.0
C-32600,Active,Northgate,30-44,English,Social tenancy,2,2021-01-11,,502.12,2021,1,59,3,12,3,6,3011.1000000000004,501.8500000000001,478.81,524.7,17.12327772361356,6,1,0,0,0,0,0.0,38.31000000000006,0.9994622799330838,1.0449693300406278,1,0.16666666666666666
C-32601,Active,Northgate,45-59,English,Private tenancy,2,2023-09-26,,688.14,2023,9,27,3,21,1,6,3980.1,663.35,647.43,687.31,13.698845206804837,6,1,0,0,0,0,0.0,0.0,0.9639753538524137,0.9987938500886447,3,0.5
C-32602,Active,Northgate,45-59,Spanish,No fixed abode,2,2021-12-01,,1000.11,2021,12,48,7,5,2,6,6140.48,1023.4133333333333,963.06,1051.81,36.032084961415535,6,1,0,0,0,0,0.0,181.58999999999992,1.0233007702486059,1.051694313625501,2,0.3333333333333333
C-32603,Active,Weybridge,45-59,English,Social tenancy,4,2023-10-10,,788.71,2023,10,26,2,13,1,6,4784.26,797.3766666666667,750.22,830.64,28.85118691954745,6,1,0,0,0,0,0.0,98.29999999999984,1.0109884072303719,1.053162759442634,1,0.16666666666666666
C-32604,Active,Calder Central,45-59,English,Owner-occupier,2,2021-09-13,,993.16,2021,9,51,2,23,1,6,5485.969999999999,914.3283333333333,716.55,1015.36,121.02082191369664,6,1,0,0,0,0,0.0,22.200000000000045,0.920625411145569,1.022352893793548,2,0.3333333333333333
C-32605,Active,Calder Central,30-44,English,Private tenancy,3,2023-12-21,,1168.63,2023,12,24,2,22,1,6,7149.88,1191.6466666666668,1148.96,1234.13,28.521987074302324,6,1,0,0,0,0,0.0,157.76999999999953,1.019695426838834,1.0560485354646039,1,0.16666666666666666
C-32606,Active,Weybridge,30-44,Spanish,Private tenancy,3,2024-07-21,,925.62,2024,7,17,5,16,1,6,5726.89,954.4816666666667,931.54,973.87,17.229734085779352,6,1,0,0,0,0,0.0,173.16999999999996,1.031180902170077,1.0521272228344245,0,0.0
C-32607,Closed,Calder Central,30-44,English,Resident with family,1,2024-04-18,2025-10,632.78,2024,4,20,3,21,2,6,3799.73,633.2883333333333,605.5,650.72,17.634160503598302,6,1,0,0,2,1,1225.1399999999999,43.47000000000003,1.0008033334386885,1.0283510856853884,0,0.0
C-32608,Active,Northgate,75+,Spanish,Resident with family,1,2021-08-26,,570.72,2021,8,52,3,0,0,6,3226.09,537.6816666666667,444.6,576.98,47.82985946735225,6,1,0,0,0,0,0.0,6.259999999999991,0.9421111344734135,1.010968601065321,0,0.0
C-32609,Active,Northgate,45-59,English,Private tenancy,4,2022-01-31,,1116.06,2022,1,47,4,17,1,6,6781.96,1130.3266666666666,1060.04,1170.17,52.1650387392425,6,1,0,0,0,0,0.0,191.00000000000023,1.0127830642319111,1.0484830564664984,3,0.5
C-32610,Suspended,Ash Hill,75+,English,Owner-occupier,2,2021-02-03,,845.61,2021,2,58,4,23,0,6,5082.39,847.065,805.18,895.97,37.85802464471701,6,1,0,0,0,0,0.0,99.44999999999993,1.001720651364104,1.05955464102837,0,0.0
C-32611,Active,Northgate,60-74,Spanish,Owner-occupier,4,2025-02-17,,1409.97,2025,2,10,8,15,1,6,7898.76,1316.46,1106.84,1391.52,105.15408389596674,6,1,0,0,0,0,0.0,0.0,0.9336794399880848,0.9869146152045788,2,0.3333333333333333
C-32612,Active,Northgate,45-59,English,Social tenancy,5,2022-07-02,,825.86,2022,7,41,3,1,1,6,4948.17,824.695,784.38,863.62,36.45612362827403,6,1,0,0,0,0,0.0,91.99000000000001,0.9985893492843824,1.0457220352117793,0,0.0
C-32613,Active,Northgate,18-29,English,Owner-occupier,1,2024-07-29,,758.99,2024,7,17,1,11,0,6,4224.11,704.0183333333333,586.19,792.39,91.23686259767298,6,1,0,0,0,0,0.0,59.039999999999964,0.9275726074564004,1.0440058498794451,0,0.0
C-32614,Active,Northgate,30-44,English,Social tenancy,2,2022-05-03,,866.12,2022,5,43,4,0,0,6,5029.3,838.2166666666667,738.37,895.55,56.272203321592634,6,1,0,0,0,0,0.0,51.819999999999936,0.9677835249926877,1.0339791252944164,0,0.0
C-32615,Active,Weybridge,30-44,Spanish,Owner-occupier,1,2021-04-21,,653.69,2021,4,56,2,9,1,6,3591.59,598.5983333333334,481.42,678.1,85.84352285796912,6,1,0,0,0,0,0.0,42.26999999999987,0.9157220293003309,1.0373418592911012,1,0.16666666666666666
C-32616,Active,Ash Hill,60-74,English,Owner-occupier,6,2021-08-15,,1648.73,2021,8,52,2,5,0,6,9962.86,1660.4766666666667,1573.85,1733.87,62.81725102761712,6,1,0,0,0,0,0.0,197.3699999999999,1.0071246757605348,1.0516397469567484,0,0.0
C-32617,Closed,Weybridge,60-74,English,Resident with family,1,2022-12-13,2025-10,570.51,2022,12,36,0,19,0,4,2231.02,557.755,536.82,581.39,18.75768731302804,4,1,0,0,0,0,0.0,10.879999999999995,0.9776428108183906,1.019070656079648,0,0.0
C-32618,Suspended,Calder Central,75+,English,Owner-occupier,1,2022-12-13,,410.5,2022,12,36,0,12,0,6,2478.04,413.00666666666666,400.95,430.64,11.126096650068554,6,1,0,0,0,0,0.0,31.610000000000014,1.0061063743402354,1.049062119366626,0,0.0
C-32619,Active,Northgate,30-44,English,Resident with family,2,2024-12-02,,588.3,2024,12,12,2,15,0,6,3410.36,568.3933333333333,480.34,598.56,44.89473629131445,6,1,0,0,0,0,0.0,16.65000000000009,0.9661623888038983,1.017440081591025,0,0.0
C-32620,Active,Weybridge,60-74,English,Private tenancy,2,2024-01-11,,608.39,2024,1,23,3,20,0,6,3516.99,586.165,454.97,644.1,68.19569392564311,6,1,0,0,0,0,0.0,62.49000000000001,0.9634691562977696,1.058695902299512,0,0.0
C-32621,Active,Northgate,30-44,English,Social tenancy,2,2024-10-14,,583.27,2024,10,14,1,14,1,6,3250.91,541.8183333333333,390.9,592.36,74.97822895125401,6,1,0,0,0,0,0.0,9.090000000000032,0.9289322840765569,1.0155845491796254,1,0.16666666666666666
C-32622,Active,Northgate,45-59,English,Social tenancy,2,2024-07-10,,621.04,2024,7,17,2,8,0,6,3775.12,629.1866666666666,610.2,657.63,18.25352093889466,6,1,0,0,0,0,0.0,66.75000000000011,1.0131177809266179,1.0589173000128818,0,0.0
C-32623,Active,Calder Central,45-59,Other,Social tenancy,4,2022-07-19,,1398.07,2022,7,41,5,21,1,6,8093.88,1348.98,1329.53,1389.57,22.42203202209818,6,1,0,0,0,0,0.0,0.0,0.9648873089330291,0.9939201899761815,1,0.16666666666666666
C-32624,Active,Calder Central,60-74,English,Social tenancy,2,2023-01-18,,621.57,2023,1,35,0,11,0,6,3729.36,621.5600000000001,587.23,652.94,27.981323771401517,6,1,0,0,0,0,0.0,70.4899999999999,0.9999839117074504,1.0504689737278183,0,0.0
C-32625,Active,Ash Hill,30-44,Spanish,No fixed abode,3,2021-09-29,,1036.44,2021,9,51,5,22,3,6,6082.93,1013.8216666666667,872.09,1091.65,76.86484668993147,6,1,0,0,0,0,0.0,86.52999999999997,0.9781769004155249,1.0532688819420324,3,0.5
C-32626,Active,Calder Central,60-74,Other,Social tenancy,2,2023-09-21,,622.68,2023,9,27,5,4,2,6,3790.71,631.785,616.17,656.44,14.230496477635636,6,1,0,0,0,0,0.0,61.19000000000028,1.0146222778955483,1.054217254448513,2,0.3333333333333333
C-32627,Active,Weybridge,45-59,English,Resident with family,3,2021-08-22,,887.89,2021,8,52,0,4,1,6,5102.07,850.3449999999999,688.04,937.29,88.67111113547635,6,1,0,0,0,0,0.0,74.75,0.957714356508126,1.055637522666096,1,0.16666666666666666
C-32628,Active,Calder Central,75+,English,Private tenancy,2,2021-11-26,,920.51,2021,11,49,3,12,1,6,5549.75,924.9583333333334,891.03,967.68,29.86655749608022,6,1,0,0,0,0,0.0,81.72000000000003,1.004832466060481,1.0512433325004618,2,0.3333333333333333
C-32629,Active,Northgate,30-44,English,No fixed abode,1,2024-04-04,,375.27,2024,4,20,3,18,1,6,2134.19,355.6983333333333,284.88,395.14,37.0298881535803,6,1,0,0,0,0,0.0,19.870000000000005,0.9478464394524831,1.0529485437151918,1,0.16666666666666666
C-32630,Active,Weybridge,60-74,English,No fixed abode,1,2024-06-16,,704.76,2024,6,18,5,18,0,6,4177.8,696.3000000000001,614.87,739.8,44.030376786941105,6,1,0,0,0,0,0.0,61.52999999999997,0.987995913502469,1.0497190532947387,0,0.0
C-32631,Active,Calder Central,45-59,English,Owner-occupier,2,2025-02-08,,914.01,2025,2,10,1,21,0,6,5441.54,906.9233333333333,882.75,941.13,24.896049218031887,6,1,0,0,0,0,0.0,44.930000000000064,0.9922466202047389,1.029671447795976,0,0.0
C-32632,Active,Calder Central,60-74,English,Owner-occupier,4,2025-03-25,,1377.32,2025,3,9,3,7,1,6,8267.710000000001,1377.9516666666668,1301.39,1436.44,49.06512994649735,6,1,0,0,0,0,0.0,112.62000000000035,1.0004586201221697,1.0429239392443297,0,0.0
C-32633,Active,Weybridge,18-29,English,Social tenancy,1,2021-08-28,,525.94,2021,8,52,2,6,1,6,3134.06,522.3433333333334,501.72,548.02,16.04188725389458,6,1,0,0,0,0,0.0,24.439999999999827,0.993161450609068,1.0419819751302428,0,0.0
C-32634,Active,Weybridge,18-29,English,No fixed abode,1,2023-06-15,,389.19,2023,6,30,2,18,0,6,1996.46,332.74333333333334,267.12,390.82,54.818016259863576,6,1,0,0,0,0,0.0,1.6299999999999955,0.8549637280848258,1.0041881857190575,0,0.0
C-32635,Active,Ash Hill,30-44,English,Owner-occupier,1,2023-08-27,,496.73,2023,8,28,2,16,1,6,2951.39,491.8983333333333,485.31,503.27,8.525114466484688,6,1,0,0,0,0,0.0,12.059999999999945,0.990273052429556,1.0131661063354336,0,0.0
C-32636,Suspended,Calder Central,30-44,Spanish,No fixed abode,6,2021-10-11,,1034.89,2021,10,50,3,7,0,6,5718.42,953.07,757.42,1084.52,118.87372157041271,6,1,0,0,0,0,0.0,49.62999999999988,0.9209384572273381,1.0479567876779174,0,0.0
C-32637,Active,Weybridge,45-59,English,Resident with family,3,2022-02-20,,674.29,2022,2,46,3,6,2,6,3869.64,644.9399999999999,587.88,696.58,35.734357696760135,6,1,0,0,0,0,0.0,22.290000000000077,0.9564727342834686,1.0330569932818225,2,0.3333333333333333
C-32638,Closed,Weybridge,75+,Other,No fixed abode,1,2022-10-15,2025-10,764.13,2022,10,38,4,22,1,4,2599.8,649.95,538.81,774.87,114.87067714028093,4,1,0,0,0,0,0.0,10.740000000000009,0.8505751639118998,1.0140552000314083,1,0.25
C-32639,Active,Northgate,30-44,English,Resident with family,1,2022-01-20,,673.67,2022,1,47,2,1,0,6,3964.08,660.68,640.15,693.26,21.24039076853343,6,1,0,0,0,0,0.0,24.440000000000055,0.9807175620110736,1.0290795196461175,0,0.0
C-32640,Active,Calder Central,60-74,Other,Owner-occupier,1,2023-02-03,,643.06,2023,2,34,2,9,1,6,3676.85,612.8083333333333,479.42,679.25,69.15426882461175,6,1,0,0,0,0,0.0,38.12000000000012,0.9529566966275828,1.056277796784126,2,0.3333333333333333
C-32641,Active,Weybridge,60-74,English,Owner-occupier,1,2025-05-25,,569.91,2025,5,7,3,15,2,6,3408.1800000000003,568.0300000000001,545.32,587.13,13.908913688710555,6,1,0,0,0,0,0.0,23.520000000000095,0.996701233528101,1.030215297152182,0,0.0
C-32642,Active,Calder Central,60-74,English,Private tenancy,2,2023-05-26,,898.12,2023,5,31,3,7,0,6,5247.11,874.5183333333333,845.2,905.58,24.04243449958154,6,1,0,0,0,0,0.0,7.460000000000036,0.9737210320818303,1.008306239700708,0,0.0
C-32643,Active,Calder Central,60-74,Other,Owner-occupier,1,2025-01-21,,382.17,2025,1,11,3,8,2,6,2183.05,363.8416666666667,293.23,390.09,36.10723496290829,6,1,0,0,0,0,0.0,12.079999999999927,0.9520414126348657,1.0207237616767406,2,0.3333333333333333
C-32644,Active,Ash Hill,30-44,English,Private tenancy,1,2022-10-14,,372.15,2022,10,38,2,7,2,6,2216.94,369.49,361.43,379.25,7.616180144928284,6,1,0,0,0,0,0.0,12.940000000000055,0.9928523444847509,1.0190783286309284,2,0.3333333333333333
C-32645,Closed,Northgate,75+,English,Social tenancy,1,2021-05-06,2025-10,722.36,2021,5,55,3,22,1,6,4269.38,711.5633333333334,680.65,756.48,26.0045831857899,6,1,0,0,2,1,1396.69,34.120000000000005,0.9850536205400816,1.0472340661166177,4,0.6666666666666666
C-32646,Active,Northgate,30-44,English,Social tenancy,2,2023-10-16,,994.65,2023,10,26,3,17,0,6,5946.78,991.13,976.24,1005.42,11.826622510252006,6,1,0,0,0,0,0.0,16.090000000000032,0.9964610667068818,1.0108279294224098,0,0.0
C-32647,Active,Weybridge,45-59,English,Owner-occupier,1,2024-06-07,,562.9,2024,6,18,0,6,0,6,3307.97,551.3283333333333,434.25,596.41,59.09302375633411,6,1,0,0,0,0,0.0,66.25,0.9794427666252147,1.0595310001776514,0,0.0
C-32648,Active,Calder Central,60-74,English,Resident with family,4,2025-06-07,,1020.18,2025,6,6,3,12,2,6,6230.9,1038.4833333333333,1008.91,1073.44,23.758150320819784,6,1,0,0,0,0,0.0,121.09000000000026,1.0179412783365027,1.052206473367445,0,0.0
C-32649,Active,Northgate,18-29,English,Social tenancy,2,2021-04-10,,683.42,2021,4,56,1,10,0,6,3982.55,663.7583333333333,549.96,722.39,60.65922697056622,6,1,0,0,0,0,0.0,63.450000000000045,0.9712304780857064,1.0570220362295515,0,0.0
C-32650,Active,Weybridge,30-44,English,Owner-occupier,1,2021-02-19,,439.38,2021,2,58,3,2,2,6,2600.41,433.40166666666664,423.46,444.63,7.427563306136604,6,1,0,0,0,0,0.0,5.25,0.986393706283096,1.0119486549228458,3,0.5
C-32651,Suspended,Weybridge,60-74,Other,Resident with family,2,2025-07-05,,624.33,2025,7,5,4,6,1,6,3538.3199999999997,589.7199999999999,442.26,648.9,75.01012171700562,6,1,0,0,0,0,0.0,34.77999999999986,0.9445645732224944,1.0393541876892027,2,0.3333333333333333
C-32652,Suspended,Ash Hill,45-59,English,No fixed abode,2,2024-07-06,,505.37,2024,7,17,4,6,0,6,3071.15,511.85833333333335,486.1,533.14,16.087707626217806,6,1,0,0,0,0,0.0,58.19999999999999,1.0128387781889177,1.0549498387320182,0,0.0
C-32653,Active,Northgate,18-29,English,Social tenancy,1,2025-06-05,,757.74,2025,6,6,1,21,0,6,4408.79,734.7983333333333,604.62,773.87,64.57641408956266,6,1,0,0,0,0,0.0,32.700000000000045,0.9697235639313396,1.021286984981656,0,0.0
C-32654,Active,Calder Central,18-29,English,Resident with family,1,2025-03-06,,428.33,2025,3,9,3,12,1,6,2530.97,421.8283333333333,355.78,448.59,33.75788821396663,6,1,0,0,0,0,0.0,39.360000000000014,0.9848208935478097,1.0472999789881634,1,0.16666666666666666
C-32655,Active,Northgate,60-74,English,Private tenancy,2,2023-10-21,,586.19,2023,10,26,0,2,1,6,3239.87,539.9783333333334,406.22,584.7,66.63937707291888,6,1,0,0,0,0,0.0,0.0,0.9211660610609756,0.9974581620293761,1,0.16666666666666666
C-32656,Active,Northgate,45-59,English,Private tenancy,2,2023-01-21,,890.14,2023,1,35,0,1,0,6,5173.38,862.23,676.03,934.81,95.31180724338411,6,1,0,0,0,0,0.0,88.69000000000005,0.9686453816253623,1.050183117262453,0,0.0
C-32657,Active,Calder Central,60-74,English,Private tenancy,5,2025-05-07,,812.47,2025,5,7,2,5,2,6,4884.32,814.0533333333333,791.11,829.62,14.954118719157838,6,1,0,0,0,0,0.0,41.83999999999992,1.0019487899040376,1.0211084716974166,1,0.16666666666666666
C-32658,Active,Ash Hill,75+,English,No fixed abode,1,2022-02-19,,538.81,2022,2,46,1,1,0,6,3202.49,533.7483333333333,510.09,562.04,21.395006348834443,6,1,0,0,0,0,0.0,42.91000000000008,0.9906058412674846,1.0431135279597632,0,0.0
C-32659,Active,Weybridge,60-74,Other,No fixed abode,1,2024-11-19,,658.62,2024,11,13,4,22,2,6,3960.25,660.0416666666666,623.97,686.14,23.36631371583168,6,1,0,0,0,0,0.0,55.229999999999905,1.0021585537436863,1.0417843369469497,1,0.16666666666666666
C-32660,Active,Weybridge,18-29,English,Social tenancy,4,2025-01-16,,1407.2,2025,1,11,4,13,0,6,8427.039999999999,1404.5066666666664,1328.62,1448.89,42.88328050262328,6,1,0,0,0,0,0.0,84.56999999999971,0.9980860337312866,1.0296262080727687,0,0.0
C-32661,Active,Weybridge,45-59,English,Owner-occupier,2,2025-06-18,,517.31,2025,6,6,2,12,1,6,3127.09,521.1816666666667,490.57,546.51,21.724835941075973,6,1,0,0,0,0,0.0,65.15000000000009,1.0074842293144666,1.05644584485125,0,0.0
C-32662,Active,Northgate,18-29,English,Private tenancy,1,2024-10-17,,471.19,2024,10,14,3,14,2,6,2884.57,480.7616666666667,451.79,496.53,18.628764228114157,6,1,0,0,0,0,0.0,78.03999999999996,1.0203138153752556,1.053778730448439,2,0.3333333333333333
C-32663,Active,Northgate,45-59,English,Social tenancy,2,2024-08-04,,639.24,2024,8,16,2,13,2,6,3850.35,641.725,612.27,675.11,28.67408638474812,6,1,0,0,0,0,0.0,84.33999999999992,1.0038874288217259,1.056113509792879,1,0.16666666666666666
C-32664,Active,Ash Hill,18-29,English,Private tenancy,1,2021-04-13,,697.44,2021,4,56,4,11,0,6,4048.6800000000003,674.7800000000001,600.35,732.21,48.49333727431017,6,1,0,0,0,0,0.0,61.64999999999998,0.9675097499426474,1.049853750860289,0,0.0
C-32665,Active,Ash Hill,45-59,English,Resident with family,1,2022-04-27,,596.83,2022,4,44,2,12,0,6,3446.69,574.4483333333334,427.48,625.87,74.27595719118445,6,1,0,0,0,0,0.0,57.149999999999864,0.9624990924272127,1.0486570715279058,0,0.0
C-32666,Active,Weybridge,18-29,Spanish,Owner-occupier,2,2023-02-19,,1011.84,2023,2,34,6,15,3,6,6152.25,1025.375,967.41,1065.24,34.23713466398728,6,1,0,0,0,0,0.0,130.20000000000005,1.0133766208096142,1.0527751423149905,1,0.16666666666666666
C-32667,Active,Calder Central,60-74,English,Social tenancy,3,2021-09-15,,638.36,2021,9,51,0,13,1,6,3814.12,635.6866666666666,605.54,668.24,25.862175984759393,6,1,0,0,0,0,0.0,60.25999999999988,0.9958121853917329,1.0468074440754433,2,0.3333333333333333
C-32668,Active,Northgate,18-29,Other,No fixed abode,1,2021-04-06,,388.69,2021,4,56,4,16,2,6,2247.06,374.51,298.95,411.71,39.99994849996683,6,1,0,0,0,0,0.0,37.349999999999966,0.9635184851681289,1.0592245748539968,3,0.5
C-32669,Active,Calder Central,30-44,English,No fixed abode,1,2023-01-25,,495.43,2023,1,35,1,23,0,6,2755.48,459.24666666666667,374.03,514.29,55.68845362071626,6,1,0,0,0,0,0.0,20.739999999999952,0.9269658007522085,1.0380679409805622,0,0.0
C-32670,Active,Calder Central,30-44,Other,Private tenancy,3,2022-03-30,,709.1,2022,3,45,4,18,0,6,4185.91,697.6516666666666,670.69,745.72,31.367948875670322,6,1,0,0,0,0,0.0,55.85000000000002,0.9838551215155361,1.0516429276547736,0,0.0
C-32671,Active,Weybridge,18-29,Spanish,Owner-occupier,3,2024-07-06,,931.72,2024,7,17,3,0,2,6,9754.94,1625.8233333333335,1495.29,1872.06,152.6338401098087,6,1,0,0,0,0,0.0,4164.62,1.7449698765008084,2.0092517065212725,0,0.0
C-32672,Active,Northgate,60-74,English,No fixed abode,1,2025-02-05,,499.68,2025,2,10,3,2,1,6,2875.06,479.1766666666667,402.28,527.38,54.209369177907504,6,1,0,0,0,0,0.0,55.870000000000005,0.9589670722595794,1.055435478706372,2,0.3333333333333333
C-32673,Active,Calder Central,60-74,Spanish,Owner-occupier,2,2022-01-13,,1013.91,2022,1,47,2,7,2,6,5998.65,999.775,969.89,1029.8,22.256183635115878,6,1,0,0,0,0,0.0,23.159999999999968,0.9860589204169995,1.0156720024459764,1,0.16666666666666666
C-32674,Active,Weybridge,45-59,English,Resident with family,1,2022-12-09,,677.75,2022,12,36,1,10,0,6,3945.57,657.595,505.2,717.89,77.33526252622407,6,1,0,0,0,0,0.0,73.88999999999999,0.9702618959793434,1.059225378089266,0,0.0
C-32675,Active,Weybridge,30-44,English,No fixed abode,2,2023-03-16,,513.1,2023,3,33,2,18,1,6,3050.5099999999998,508.4183333333333,434.89,542.89,40.25742237981298,6,1,0,0,0,0,0.0,72.2299999999999,0.9908757227311115,1.0580588579224321,2,0.3333333333333333
C-32676,Active,Ash Hill,45-59,English,Resident with family,1,2023-06-26,,452.6,2023,6,30,2,6,2,6,2715.6000000000004,452.6000000000001,452.6,452.6,0.0,6,1,0,0,0,0,0.0,0.0,1.0,1.0,1,0.16666666666666666
C-32677,Active,Northgate,75+,English,Owner-occupier,1,2024-05-04,,665.31,2024,5,19,0,10,1,6,3815.41,635.9016666666666,477.08,693.29,81.42534284033852,6,1,0,0,0,0,0.0,58.350000000000136,0.9557975480102009,1.0420555831116323,3,0.5
C-32678,Active,Ash Hill,60-74,English,Owner-occupier,3,2022-10-24,,938.74,2022,10,38,2,6,1,6,5121.83,853.6383333333333,786.83,921.09,55.33809372093211,6,1,0,0,0,0,0.0,0.0,0.909344795506033,0.9811982018450264,3,0.5
C-32679,Active,Weybridge,60-74,English,No fixed abode,1,2022-03-30,,467.52,2022,3,45,2,1,2,6,2658.07,443.0116666666667,323.48,493.37,62.295027864723416,6,1,0,0,0,0,0.0,50.360000000000014,0.9475780002281543,1.0552917522245038,3,0.5
C-32680,Active,Calder Central,30-44,English,Social tenancy,3,2025-05-12,,744.34,2025,5,7,2,4,0,6,4473.71,745.6183333333333,713.8,775.69,21.307847771810895,6,1,0,0,0,0,0.0,51.469999999999914,1.0017174051284807,1.0421178493699117,0,0.0
C-32681,Active,Ash Hill,18-29,English,Owner-occupier,5,2022-11-24,,1237.81,2022,11,37,1,12,0,6,7214.38,1202.3966666666668,1168.94,1246.02,35.046836471594176,6,1,0,0,0,0,0.0,15.670000000000073,0.97139033184953,1.0066326819140257,0,0.0
C-32682,Active,Ash Hill,45-59,English,Private tenancy,2,2023-12-05,,579.52,2023,12,24,3,16,1,6,3466.27,577.7116666666667,553.52,607.18,22.125608164899464,6,1,0,0,0,0,0.0,49.25,0.996879601509295,1.0477291551628933,2,0.3333333333333333
C-32683,Active,Calder Central,75+,Spanish,Owner-occupier,3,2021-01-12,,668.95,2021,1,59,7,14,2,6,4001.44,666.9066666666666,637.42,692.17,22.180095280829317,6,1,0,0,0,0,0.0,50.909999999999854,0.9969454617933576,1.0347111144330665,3,0.5
C-32684,Active,Ash Hill,30-44,English,Resident with family,3,2022-01-20,,639.81,2022,1,47,3,13,1,6,3854.52,642.42,608.22,677.71,29.80938845397536,6,1,0,0,0,0,0.0,81.74000000000024,1.0040793360528908,1.059236335787187,5,0.8333333333333334
C-32685,Active,Calder Central,45-59,English,No fixed abode,3,2024-12-03,,768.35,2024,12,12,5,8,1,6,4392.95,732.1583333333333,594.31,809.94,99.97281498820902,6,1,0,0,0,0,0.0,112.11999999999989,0.9528969002841586,1.054128977679443,2,0.3333333333333333
C-32686,Active,Calder Central,75+,English,Resident with family,1,2023-06-30,,545.98,2023,6,30,0,14,1,6,3220.36,536.7266666666667,522.83,555.71,11.972464519332133,6,1,0,0,0,0,0.0,9.730000000000018,0.9830518822423288,1.0178211656104619,1,0.16666666666666666
C-32687,Active,Calder Central,18-29,English,Private tenancy,2,2025-06-08,,634.08,2025,6,6,0,3,1,6,3689.0299999999997,614.8383333333333,512.59,652.41,52.88765883140096,6,1,0,0,0,0,0.0,37.20999999999981,0.9696541971570358,1.0289080242240725,1,0.16666666666666666
C-32688,Active,Calder Central,75+,English,Private tenancy,1,2024-05-02,,418.93,2024,5,19,2,16,1,6,2442.2200000000003,407.0366666666667,394.83,427.49,12.557352693409042,6,1,0,0,0,0,0.0,8.560000000000002,0.971610213321239,1.0204330079010813,1,0.16666666666666666
C-32689,Active,Weybridge,75+,English,Owner-occupier,1,2024-05-05,,551.41,2024,5,19,0,16,3,6,3209.86,534.9766666666667,392.44,577.41,71.47706895688061,6,1,0,0,0,0,0.0,77.65000000000009,0.9701976146001464,1.0471518470829329,2,0.3333333333333333
C-32690,Active,Northgate,75+,English,Social tenancy,4,2023-05-04,,1268.89,2023,5,31,0,17,0,6,7507.97,1251.3283333333334,1053.71,1305.58,99.6355561868687,6,1,0,0,0,0,0.0,134.6999999999996,0.9861598194747639,1.0289150359763257,0,0.0
C-32691,Active,Northgate,45-59,English,Resident with family,1,2024-07-17,,643.12,2024,7,17,1,7,2,6,3824.3199999999997,637.3866666666667,611.38,659.99,20.033982795906283,6,1,0,0,0,0,0.0,30.860000000000014,0.9910851266741303,1.026231496454783,0,0.0
C-32692,Closed,Northgate,75+,Other,No fixed abode,5,2025-04-14,2025-09,1069.54,2025,4,8,7,14,3,6,6581.91,1096.985,1024.18,1131.52,38.23360027515064,6,1,0,0,3,1,3273.25,210.0300000000002,1.0256605643547694,1.0579501467920789,0,0.0
C-32693,Active,Calder Central,45-59,English,Resident with family,1,2024-07-06,,511.54,2024,7,17,2,1,0,6,2996.61,499.435,481.8,521.81,14.903329493774176,6,1,0,0,0,0,0.0,10.269999999999925,0.9763361613950033,1.020076631348477,0,0.0
C-32694,Active,Ash Hill,30-44,English,Owner-occupier,2,2023-10-13,,814.94,2023,10,26,0,20,1,6,4904.82,817.4699999999999,788.91,831.93,15.184087723666524,6,1,0,0,0,0,0.0,41.209999999999695,1.0031045230323703,1.0208481606007802,4,0.6666666666666666
C-32695,Active,Calder Central,18-29,English,Social tenancy,4,2025-07-04,,842.18,2025,7,5,1,20,0,6,5072.5,845.4166666666666,792.17,884.05,36.706547463179746,6,1,0,0,0,0,0.0,102.54000000000008,1.003843200582615,1.0497162126861241,0,0.0
C-32696,Active,Weybridge,45-59,Spanish,Private tenancy,5,2023-06-18,,1423.27,2023,6,30,5,11,0,6,7868.21,1311.3683333333333,1080.71,1504.39,196.021883514741,6,1,0,0,0,0,0.0,182.9300000000003,0.9213770636164139,1.0569955103388675,0,0.0
C-32697,Active,Calder Central,60-74,English,Social tenancy,2,2022-09-23,,596.05,2022,9,39,1,7,2,6,3504.83,584.1383333333333,509.18,620.89,40.8035044655072,6,1,0,0,0,0,0.0,43.81000000000017,0.980015658641613,1.041674356178173,1,0.16666666666666666
C-32698,Active,Northgate,45-59,English,No fixed abode,4,2022-05-09,,1041.73,2022,5,43,0,8,2,6,6394.6900000000005,1065.7816666666668,994.48,1102.99,43.99367018863815,6,1,0,0,0,0,0.0,203.97000000000003,1.0230881962376688,1.0588060245937048,3,0.5
C-32699,Active,Weybridge,45-59,English,Owner-occupier,5,2024-04-21,,933.67,2024,4,20,2,1,0,6,5580.59,930.0983333333334,892.81,984.38,37.125060224418064,6,1,0,0,0,0,0.0,82.62000000000012,0.9961745941642479,1.0543125515439074,0,0.0
C-32700,Active,Weybridge,30-44,Other,Private tenancy,1,2021-10-05,,424.72,2021,10,50,4,2,1,6,2603.05,433.8416666666667,417.44,449.14,12.385080406144585,6,1,0,0,0,0,0.0,64.95999999999987,1.021476894581528,1.05749670371068,3,0.5
C-32701,Active,Calder Central,60-74,English,Owner-occupier,2,2021-09-03,,1024.42,2021,9,51,1,2,0,6,5942.58,990.43,777.72,1057.98,105.74639398107149,6,1,0,0,0,0,0.0,62.58999999999992,0.966820249507038,1.0327600007809297,0,0.0
C-32702,Active,Calder Central,18-29,English,Private tenancy,4,2024-02-16,,1143.43,2024,2,22,3,22,2,6,6925.07,1154.1783333333333,1080.16,1188.17,41.049436252726565,6,1,0,0,0,0,0.0,127.75999999999976,1.0094000798766285,1.039127887146568,1,0.16666666666666666
C-32703,Active,Calder Central,30-44,English,Owner-occupier,1,2021-07-07,,572.02,2021,7,53,2,4,0,6,3410.95,568.4916666666667,550.12,598.14,16.72477015288002,6,1,0,0,0,0,0.0,29.019999999999982,0.9938318007528874,1.0456627390650677,0,0.0
C-32704,Active,Calder Central,45-59,English,Social tenancy,2,2023-03-23,,775.95,2023,3,33,0,21,0,6,4564.45,760.7416666666667,666.25,815.54,51.5699189127409,6,1,0,0,0,0,0.0,59.169999999999845,0.9804003694396116,1.051021328693859,0,0.0
C-32705,Active,Northgate,30-44,English,Social tenancy,2,2021-12-31,,643.93,2021,12,48,2,7,0,6,3934.55,655.7583333333333,635.96,673.89,14.999681885515642,6,1,0,0,0,0,0.0,78.94000000000017,1.0183689738532655,1.0465267963909122,0,0.0
C-32706,Active,Ash Hill,45-59,English,Owner-occupier,1,2022-02-16,,737.42,2022,2,46,1,9,1,6,4405.87,734.3116666666666,676.34,781.34,39.52817851440496,6,1,0,0,0,0,0.0,89.05000000000018,0.9957848534982326,1.0595590030104962,1,0.16666666666666666
C-32707,Active,Northgate,30-44,English,Resident with family,6,2022-11-05,,1200.25,2022,11,37,2,15,0,6,7107.38,1184.5633333333333,1133.82,1256.54,52.74579970639046,6,1,0,0,0,0,0.0,90.91999999999985,0.9869305005901549,1.0468985627994167,0,0.0
C-32708,Closed,Ash Hill,45-59,Other,Private tenancy,3,2021-01-27,2025-09,1126.42,2021,1,59,4,21,3,6,6819.24,1136.54,1060.33,1188.7,44.84564103678304,6,1,0,0,3,1,3366.83,139.34999999999968,1.0089842154791284,1.0552902114664158,2,0.3333333333333333
C-32709,Active,Calder Central,30-44,English,No fixed abode,3,2024-01-02,,941.64,2024,1,23,1,15,0,6,5381.86,896.9766666666666,676.11,997.9,116.80316770818614,6,1,0,0,0,0,0.0,104.10000000000002,0.952568568313439,1.0597468246888406,0,0.0
C-32710,Active,Calder Central,18-29,English,Private tenancy,2,2024-09-23,,787.45,2024,9,15,4,4,1,6,4664.28,777.38,747.63,807.39,25.205897722556927,6,1,0,0,0,0,0.0,39.18999999999994,0.9872118864689821,1.025322242682075,1,0.16666666666666666
C-32711,Active,Northgate,18-29,English,Resident with family,3,2025-01-25,,814.88,2025,1,11,1,15,0,6,4810.32,801.7199999999999,768.05,841.41,32.49455769817461,6,1,0,0,0,0,0.0,53.01999999999998,0.9838503828784607,1.0325569408992734,0,0.0
C-32712,Active,Northgate,60-74,English,No fixed abode,4,2022-08-23,,961.83,2022,8,40,2,17,0,6,5600.83,933.4716666666667,711.0,1011.51,112.12498587142234,6,1,0,0,0,0,0.0,112.06999999999982,0.9705162727994204,1.0516515392532984,0,0.0
C-32713,Active,Weybridge,30-44,English,Social tenancy,5,2024-11-01,,849.96,2024,11,13,0,13,0,6,5001.45,833.5749999999999,799.94,885.19,31.062635915195667,6,1,0,0,0,0,0.0,37.35000000000002,0.9807226222410467,1.0414490093651465,0,0.0
C-32714,Active,Weybridge,30-44,English,Owner-occupier,3,2021-02-22,,1226.48,2021,2,58,0,8,1,6,6887.32,1147.8866666666665,873.87,1264.34,140.18433930602473,6,1,0,0,0,0,0.0,43.82999999999993,0.935919596460331,1.03086882786511,0,0.0
C-32715,Active,Calder Central,45-59,English,Resident with family,1,2023-04-15,,723.92,2023,4,32,3,17,1,6,4369.65,728.275,690.42,761.46,30.420395625303772,6,1,0,0,0,0,0.0,86.6500000000002,1.006015858105868,1.051856558735772,2,0.3333333333333333
C-32716,Active,Calder Central,30-44,English,Social tenancy,5,2022-02-26,,1556.7,2022,2,46,0,13,2,6,9148.46,1524.743333333333,1265.19,1645.46,139.58698458906068,6,1,0,0,0,0,0.0,196.80999999999995,0.9794715316588509,1.0570180510053317,2,0.3333333333333333
C-32717,Active,Weybridge,60-74,English,No fixed abode,4,2024-09-10,,819.17,2024,9,15,4,3,0,6,4973.2,828.8666666666667,785.81,863.83,29.069967778906605,6,1,0,0,0,0,0.0,96.7600000000001,1.0118371847927374,1.054518598093192,0,0.0
C-32718,Active,Weybridge,60-74,Spanish,Social tenancy,1,2025-04-27,,591.53,2025,4,8,5,21,3,6,3497.35,582.8916666666667,557.38,603.32,21.261410505106834,6,1,0,0,0,0,0.0,27.500000000000114,0.9853966268264783,1.0199313644278398,2,0.3333333333333333
C-32719,Closed,Weybridge,60-74,English,Private tenancy,1,2023-10-05,2025-11,419.3,2023,10,26,3,14,1,5,2013.6,402.71999999999997,358.11,430.97,27.583598387447548,5,1,0,0,0,0,0.0,11.670000000000016,0.9604579060338659,1.027832101120916,0,0.0
C-32720,Active,Calder Central,30-44,Spanish,No fixed abode,6,2024-12-04,,1823.8,2024,12,12,6,20,0,6,10499.45,1749.9083333333335,1413.59,1884.2,168.830725096668,6,1,0,0,0,0,0.0,60.40000000000009,0.9594847753774172,1.0331176664107906,0,0.0
C-32721,Active,Weybridge,60-74,English,Private tenancy,4,2023-05-16,,1138.91,2023,5,31,2,19,0,6,6723.24,1120.54,960.02,1206.09,95.0874761469669,6,1,0,0,0,0,0.0,171.40999999999963,0.9838705428874976,1.05898622367,0,0.0
C-32722,Active,Northgate,60-74,English,Owner-occupier,2,2021-05-26,,543.42,2021,5,55,3,15,0,6,3246.0,541.0,521.29,559.35,14.4391246272065,6,1,0,0,0,0,0.0,28.590000000000146,0.9955467226086636,1.0293143424975157,0,0.0
C-32723,Active,Northgate,45-59,English,Social tenancy,2,2022-01-24,,986.15,2022,1,47,1,19,0,6,5906.52,984.4200000000001,963.37,1041.43,28.99824960234676,6,1,0,0,0,0,0.0,55.280000000000086,0.9982457029863611,1.0560563808751204,0,0.0
C-32724,Active,Ash Hill,60-74,English,Owner-occupier,2,2025-04-05,,794.07,2025,4,8,4,16,1,6,8235.720000000001,1372.6200000000001,1241.66,1570.42,143.1162389108938,6,1,0,0,0,0,0.0,3471.3,1.7285881597340282,1.977684587001146,2,0.3333333333333333
C-32725,Active,Calder Central,60-74,English,Private tenancy,1,2023-03-28,,387.3,2023,3,33,1,8,0,6,2344.65,390.77500000000003,370.96,406.48,12.52581454437197,6,1,0,0,0,0,0.0,40.22999999999996,1.0089723728375934,1.0495223341079267,0,0.0
C-32726,Active,Calder Central,18-29,English,No fixed abode,3,2023-06-24,,1162.09,2023,6,30,4,18,2,6,6972.539999999999,1162.09,1162.09,1162.09,0.0,6,1,0,0,0,0,0.0,0.0,1.0,1.0,1,0.16666666666666666
C-32727,Suspended,Northgate,75+,Spanish,Social tenancy,2,2021-06-27,,719.07,2021,6,54,5,17,1,6,4098.99,683.165,553.63,738.44,66.75100261419298,6,1,0,0,0,0,0.0,21.949999999999932,0.9500674482317438,1.0269375721417944,0,0.0
C-32728,Active,Calder Central,30-44,English,Private tenancy,1,2021-11-16,,587.41,2021,11,49,3,19,0,6,3599.7599999999998,599.9599999999999,582.37,620.8,16.030555823177195,6,1,0,0,0,0,0.0,84.08000000000004,1.0213649750600091,1.0568427503787814,0,0.0
C-32729,Active,Ash Hill,18-29,English,No fixed abode,3,2024-12-14,,863.68,2024,12,12,1,0,0,6,5158.34,859.7233333333334,816.39,897.53,30.762610855820828,6,1,0,0,0,0,0.0,60.37000000000012,0.9954188279609731,1.0391927565765098,0,0.0
C-32730,Active,Calder Central,18-29,English,Resident with family,6,2022-05-14,,1213.18,2022,5,43,3,16,0,6,7242.8099999999995,1207.135,1159.04,1282.0,52.16440961038478,6,1,0,0,0,0,0.0,112.44999999999982,0.9950172274518208,1.0567269490100397,0,0.0
C-32731,Active,Northgate,45-59,English,Owner-occupier,2,2021-10-26,,884.9,2021,10,50,2,18,1,6,5004.83,834.1383333333333,686.28,924.65,79.98670024864552,6,1,0,0,0,0,0.0,39.75,0.9426357027159377,1.0449203299807888,2,0.3333333333333333
C-32732,Active,Northgate,30-44,English,Private tenancy,3,2024-09-10,,1116.63,2024,9,15,0,5,2,6,6569.85,1094.9750000000001,1072.2,1130.26,21.769168794421155,6,1,0,0,0,0,0.0,13.629999999999882,0.9806068258957756,1.012206370955464,1,0.16666666666666666
C-32733,Active,Weybridge,45-59,English,Private tenancy,1,2025-05-17,,705.29,2025,5,7,3,12,0,6,4243.280000000001,707.2133333333335,680.73,735.57,20.84299466647409,6,1,0,0,0,0,0.0,55.4200000000003,1.0027270106386499,1.0429326943526778,0,0.0
C-32734,Active,Calder Central,18-29,English,Owner-occupier,1,2023-04-30,,725.87,2023,4,32,1,19,0,6,4440.62,740.1033333333334,717.59,761.98,17.44382373984173,6,1,0,0,0,0,0.0,96.82000000000005,1.0196086535238174,1.04974719991183,0,0.0
C-32735,Active,Weybridge,45-59,Spanish,Social tenancy,2,2023-08-10,,843.77,2023,8,28,4,3,5,7,5719.03,817.0042857142856,690.21,873.6,64.78193700334039,6,2,1,1,0,0,0.0,71.91000000000008,0.9682784238765133,1.0353532360714413,0,0.0
C-32736,Active,Northgate,18-29,English,No fixed abode,2,2025-03-22,,991.31,2025,3,9,1,3,1,6,5434.04,905.6733333333333,748.56,1001.46,113.23216904513782,6,1,0,0,0,0,0.0,10.150000000000091,0.9136126270625065,1.010238976707589,1,0.16666666666666666
C-32737,Active,Calder Central,75+,English,Resident with family,2,2021-04-27,,890.16,2021,4,56,2,9,1,6,5274.22,879.0366666666667,842.6,894.01,20.242736639759613,6,1,0,0,0,0,0.0,8.06000000000006,0.9875041191096733,1.0043250651568258,1,0.16666666666666666
C-32738,Closed,Northgate,60-74,English,Resident with family,2,2023-01-25,2025-08,538.86,2023,1,35,3,15,2,6,3228.5,538.0833333333334,514.41,565.9,20.28927664227256,6,1,0,0,4,1,2114.55,50.00999999999988,0.9985586856202601,1.0501800096500018,4,0.6666666666666666
C-32739,Active,Weybridge,30-44,English,Owner-occupier,1,2021-10-08,,568.51,2021,10,50,1,6,0,6,3373.27,562.2116666666667,542.37,587.97,21.07706186038901,6,1,0,0,0,0,0.0,37.49000000000001,0.9889213323717554,1.0342298288508558,0,0.0
C-32740,Active,Calder Central,60-74,Spanish,Resident with family,1,2021-01-26,,683.51,2021,1,59,5,14,2,6,4119.88,686.6466666666666,659.85,717.27,23.47498895988379,6,1,0,0,0,0,0.0,67.25999999999999,1.0045890574631924,1.0493921083817355,1,0.16666666666666666
C-32741,Active,Ash Hill,45-59,English,Private tenancy,2,2021-04-22,,878.4,2021,4,56,0,4,1,6,5274.08,879.0133333333333,845.54,927.51,32.61244956556723,6,1,0,0,0,0,0.0,84.34000000000003,1.0006982392228294,1.0559084699453551,2,0.3333333333333333
C-32742,Active,Weybridge,45-59,English,No fixed abode,2,2023-09-18,,763.24,2023,9,27,3,23,0,6,4522.13,753.6883333333334,644.29,792.91,56.744086358550774,6,1,0,0,0,0,0.0,85.50999999999988,0.9874853693901438,1.0388737487553064,0,0.0
C-32743,Active,Ash Hill,18-29,English,Owner-occupier,2,2021-10-15,,1033.81,2021,10,50,2,21,1,6,5872.73,978.7883333333333,740.23,1083.21,140.87474868359715,6,1,0,0,0,0,0.0,125.67000000000007,0.9467777767030047,1.0477844091274027,4,0.6666666666666666
C-32744,Suspended,Calder Central,45-59,English,Private tenancy,3,2021-03-29,,647.74,2021,3,57,1,3,0,6,3961.4900000000002,660.2483333333333,625.07,685.92,22.87661112723355,6,1,0,0,0,0,0.0,97.72000000000003,1.019310731672173,1.0589434032173402,0,0.0
C-32745,Active,Northgate,60-74,Spanish,Resident with family,4,2021-02-08,,721.62,2021,2,58,2,7,2,6,4282.49,713.7483333333333,553.87,763.01,81.52762339640881,6,1,0,0,0,0,0.0,137.26999999999998,0.9890916733645594,1.057357057731216,0,0.0
C-32746,Active,Calder Central,30-44,English,Resident with family,4,2024-07-23,,1084.68,2024,7,17,3,8,1,6,6416.73,1069.455,1033.08,1099.95,24.032372125947145,6,1,0,0,0,0,0.0,23.059999999999945,0.9859636021683814,1.0140778847217613,2,0.3333333333333333
C-32747,Active,Ash Hill,30-44,Spanish,No fixed abode,1,2021-11-29,,704.2,2021,11,49,6,1,2,6,4310.360000000001,718.3933333333334,695.2,745.4,16.96135450565979,6,1,0,0,0,0,0.0,94.15999999999985,1.0201552589226546,1.0585061062198238,3,0.5
C-32748,Closed,Northgate,45-59,Spanish,Private tenancy,2,2024-07-27,2025-12,1004.13,2024,7,17,3,7,2,6,5929.06,988.1766666666667,856.01,1027.41,66.73301032222858,6,1,0,0,0,0,0.0,73.30000000000007,0.9841122829381322,1.0231842490514178,1,0.16666666666666666
C-32749,Active,Ash Hill,30-44,English,Owner-occupier,2,2022-08-02,,517.76,2022,8,40,1,12,0,6,3176.2200000000003,529.37,489.97,545.19,21.30303734212565,6,1,0,0,0,0,0.0,97.45000000000005,1.0224235166872682,1.0529782138442523,0,0.0
C-32750,Active,Weybridge,18-29,Other,No fixed abode,4,2025-07-15,,1093.68,2025,7,5,5,18,1,6,6498.01,1083.0016666666668,1031.44,1139.57,39.777132836174395,6,1,0,0,0,0,0.0,54.85999999999967,0.9902363275059126,1.0419592568210079,1,0.16666666666666666
C-32751,Active,Northgate,18-29,English,Social tenancy,4,2024-10-07,,810.9,2024,10,14,0,8,0,6,4646.38,774.3966666666666,634.81,858.26,91.1206393012399,6,1,0,0,0,0,0.0,81.55000000000007,0.9549841739630862,1.0584042422000246,0,0.0
C-32752,Active,Northgate,45-59,Spanish,Social tenancy,1,2025-05-18,,671.14,2025,5,7,5,0,1,6,4109.96,684.9933333333333,637.04,710.28,24.894505150066134,6,1,0,0,0,0,0.0,117.22000000000014,1.0206414955647605,1.0583186816461543,0,0.0
C-32753,Active,Calder Central,18-29,English,Private tenancy,3,2023-05-23,,611.7,2023,5,31,0,20,1,6,3498.38,583.0633333333334,492.77,630.29,47.796274192311955,6,1,0,0,0,0,0.0,18.589999999999918,0.9531851125279275,1.0303907144024846,2,0.3333333333333333
C-32754,Active,Weybridge,60-74,English,Private tenancy,5,2021-02-18,,1155.7,2021,2,58,1,11,2,6,6827.22,1137.8700000000001,1094.77,1221.98,52.155794308973995,6,1,0,0,0,0,0.0,92.3599999999999,0.9845721207925933,1.0573505234922558,1,0.16666666666666666
C-32755,Active,Calder Central,60-74,English,No fixed abode,2,2021-06-08,,948.87,2021,6,54,2,14,1,6,5866.45,977.7416666666667,921.07,1004.61,30.351038477565513,6,1,0,0,0,0,0.0,201.02999999999997,1.0304274206863602,1.0587435581270352,4,0.6666666666666666
C-32756,Active,Calder Central,45-59,English,No fixed abode,3,2025-01-15,,867.07,2025,1,11,1,14,1,6,5223.5,870.5833333333334,817.78,905.65,33.05790112313042,6,1,0,0,0,0,0.0,83.75999999999988,1.004051960433798,1.0444946774770203,2,0.3333333333333333
C-32757,Suspended,Northgate,75+,English,Owner-occupier,3,2023-03-30,,932.16,2023,3,33,2,17,0,6,5581.29,930.215,889.91,981.03,36.30159486854536,6,1,0,0,0,0,0.0,86.23000000000002,0.9979134483350497,1.052426622039135,0,0.0
C-32758,Active,Weybridge,45-59,English,No fixed abode,3,2024-08-04,,1044.82,2024,8,16,3,3,0,6,6341.71,1056.9516666666666,1024.33,1093.43,27.634184928574715,6,1,0,0,0,0,0.0,110.09000000000037,1.0116112504227204,1.0465247602457841,0,0.0
C-32759,Active,Weybridge,60-74,English,Resident with family,3,2022-07-25,,1117.39,2022,7,41,4,23,1,6,6752.88,1125.48,1094.16,1173.23,33.35997901677997,6,1,0,0,0,0,0.0,101.27999999999975,1.0072400862724742,1.0499735991909718,4,0.6666666666666666
C-32760,Active,Ash Hill,30-44,English,Resident with family,5,2022-04-09,,1496.07,2022,4,44,2,13,0,6,9070.72,1511.7866666666666,1459.88,1573.86,47.06794223956119,6,1,0,0,0,0,0.0,159.3800000000001,1.0105053016681484,1.051996230122922,0,0.0
C-32761,Active,Ash Hill,30-44,Spanish,Private tenancy,3,2025-05-08,,1059.73,2025,5,7,2,19,0,6,6426.0,1071.0,1055.69,1088.7,13.562266772188215,6,1,0,0,0,0,0.0,74.96000000000004,1.0106347843318582,1.0273371519160541,0,0.0
C-32762,Active,Northgate,60-74,Other,Social tenancy,2,2024-09-03,,530.49,2024,9,15,6,6,3,6,2997.21,499.535,422.62,527.09,38.48038396378081,6,1,0,0,0,0,0.0,0.0,0.9416482874323738,0.9935908311184,1,0.16666666666666666
C-32763,Suspended,Northgate,75+,English,Resident with family,3,2025-05-03,,627.13,2025,5,7,1,12,0,6,3644.52,607.42,481.26,657.49,65.46600766810208,6,1,0,0,0,0,0.0,62.450000000000045,0.9685711096582845,1.048411015259994,0,0.0
C-32764,Active,Calder Central,18-29,English,No fixed abode,6,2023-03-29,,1304.79,2023,3,33,2,18,1,6,7994.08,1332.3466666666666,1272.17,1381.26,44.327722552220784,6,1,0,0,0,0,0.0,218.06000000000017,1.0211196182271989,1.0586071321821902,2,0.3333333333333333
C-32765,Closed,Calder Central,18-29,English,No fixed abode,2,2022-10-04,2025-09,833.46,2022,10,38,4,7,2,6,4776.18,796.0300000000001,642.46,879.54,81.81830210900246,6,1,0,0,3,1,2267.73,51.20999999999992,0.9550908261944184,1.0552875962853645,3,0.5
C-32766,Active,Calder Central,30-44,Other,Social tenancy,5,2024-11-24,,881.65,2024,11,13,4,16,0,6,5251.4400000000005,875.2400000000001,855.5,894.19,16.705090242198665,6,1,0,0,0,0,0.0,24.900000000000205,0.992729541201157,1.014223331253899,0,0.0
C-32767,Closed,Northgate,75+,English,Social tenancy,3,2024-07-10,2025-10,693.02,2024,7,17,3,20,2,6,4196.82,699.4699999999999,663.77,729.28,24.781873214105506,6,1,0,0,2,1,1376.77,83.44000000000005,1.009307090704453,1.0523217223168162,2,0.3333333333333333
C-32768,Active,Calder Central,60-74,English,Social tenancy,2,2022-02-14,,1012.72,2022,2,46,3,20,2,6,6076.32,1012.7199999999999,1012.72,1012.72,0.0,6,1,0,0,0,0,0.0,0.0,1.0,1.0,1,0.16666666666666666
C-32769,Active,Northgate,75+,English,Private tenancy,1,2025-02-04,,472.47,2025,2,10,2,16,0,6,2866.86,477.81,448.61,500.3,21.944682271566396,6,1,0,0,0,0,0.0,72.7899999999999,1.0113023049082481,1.05890321078587,0,0.0
C-32770,Suspended,Calder Central,45-59,English,Owner-occupier,2,2023-01-22,,609.32,2023,1,35,2,4,3,6,3589.21,598.2016666666667,578.04,624.4,19.550684301749342,6,1,0,0,0,0,0.0,25.929999999999836,0.9817528829952514,1.0247489004135757,2,0.3333333333333333
C-32771,Active,Northgate,45-59,English,Resident with family,4,2025-04-23,,787.38,2025,4,8,4,0,0,6,4766.65,794.4416666666666,740.7,825.03,32.70211517114242,6,1,0,0,0,0,0.0,107.21999999999991,1.0089685624052764,1.047816810180599,0,0.0
C-32772,Active,Northgate,75+,Other,No fixed abode,1,2021-08-25,,682.37,2021,8,52,5,6,1,6,4072.22,678.7033333333333,646.39,705.63,22.321003262995735,6,1,0,0,0,0,0.0,38.92999999999995,0.9946265711173313,1.0340870788575114,4,0.6666666666666666
C-32773,Closed,Calder Central,75+,English,No fixed abode,2,2023-11-19,2025-09,954.46,2023,11,25,2,10,0,3,2840.7799999999997,946.9266666666666,901.92,977.46,39.79548885656941,3,1,0,0,0,0,0.0,29.93999999999994,0.992107229917091,1.0240973953858727,0,0.0
C-32774,Active,Northgate,75+,English,Social tenancy,4,2024-07-26,,700.68,2024,7,17,0,4,1,6,4263.79,710.6316666666667,678.84,724.83,16.70408263469338,6,1,0,0,0,0,0.0,81.5500000000003,1.0142028695933476,1.0344665182394246,1,0.16666666666666666
C-32775,Active,Weybridge,18-29,English,Owner-occupier,1,2021-03-19,,692.84,2021,3,57,3,15,0,6,3785.4300000000003,630.9050000000001,505.6,714.4,73.35197850092386,6,1,0,0,0,0,0.0,21.559999999999945,0.9106070665665954,1.0311182957104092,0,0.0
C-32776,Active,Calder Central,45-59,English,Resident with family,2,2023-07-28,,501.99,2023,7,29,1,7,0,6,2754.13,459.0216666666667,371.75,516.97,63.22091565824293,6,1,0,0,0,0,0.0,14.980000000000018,0.9144040053918737,1.0298412318970498,0,0.0
C-32777,Active,Weybridge,45-59,English,Resident with family,1,2025-03-18,,755.8,2025,3,9,2,5,0,6,4513.28,752.2133333333333,690.08,777.81,34.19943254889858,6,1,0,0,0,0,0.0,65.15000000000009,0.9952544764928994,1.0291214607038899,0,0.0
C-32778,Active,Ash Hill,45-59,English,Owner-occupier,1,2023-04-27,,393.72,2023,4,32,2,18,1,6,2319.93,386.655,361.07,406.23,16.421870478115462,6,1,0,0,0,0,0.0,14.999999999999943,0.9820557756781468,1.0317738494361475,2,0.3333333333333333
C-32779,Suspended,Northgate,18-29,English,Social tenancy,5,2025-03-21,,914.28,2025,3,9,3,8,0,6,5606.68,934.4466666666667,888.51,966.98,28.215873310366753,6,1,0,0,0,0,0.0,146.7700000000001,1.0220574295256013,1.057640985256158,0,0.0
C-32780,Active,Ash Hill,60-74,English,Resident with family,1,2022-08-19,,508.71,2022,8,40,3,8,0,6,2904.67,484.1116666666667,401.01,526.33,43.19739085484988,6,1,0,0,0,0,0.0,17.62000000000006,0.9516456658344965,1.0346366299070198,0,0.0
C-32781,Active,Calder Central,60-74,English,Owner-occupier,4,2022-06-27,,1403.67,2022,6,42,3,6,0,6,8476.44,1412.74,1343.85,1472.67,53.422908943635754,6,1,0,0,0,0,0.0,167.99999999999977,1.0064616327199412,1.0491568531064994,0,0.0
C-32782,Active,Calder Central,60-74,English,Social tenancy,1,2022-09-23,,497.57,2022,9,39,0,17,0,6,2979.41,496.5683333333333,478.45,514.92,15.248878537999659,6,1,0,0,0,0,0.0,35.599999999999966,0.9979868829176465,1.0348694656028297,0,0.0
C-32783,Closed,Calder Central,60-74,English,No fixed abode,3,2021-01-14,2025-09,1186.68,2021,1,59,1,13,0,3,3518.7799999999997,1172.9266666666665,1164.78,1183.89,9.8614518876956,3,1,0,0,0,0,0.0,0.0,0.9884102425815441,0.9976489028213167,0,0.0
C-32784,Suspended,Northgate,18-29,English,Private tenancy,2,2021-06-07,,840.66,2021,6,54,5,17,1,6,5043.96,840.66,840.66,840.66,0.0,6,1,0,0,0,0,0.0,0.0,1.0,1.0,1,0.16666666666666666
C-32785,Active,Calder Central,30-44,English,Resident with family,1,2022-06-28,,379.97,2022,6,42,0,22,1,6,2209.4,368.23333333333335,302.36,394.08,35.329694969906896,6,1,0,0,0,0,0.0,38.399999999999864,0.9691115965295505,1.0371345106192593,1,0.16666666666666666
C-32786,Active,Calder Central,60-74,English,Private tenancy,1,2025-04-22,,514.26,2025,4,8,0,4,1,6,2917.9300000000003,486.3216666666667,390.07,540.1,52.23920612592299,6,1,0,0,0,0,0.0,36.40000000000009,0.9456727466002931,1.050246956792284,1,0.16666666666666666
C-32787,Active,Ash Hill,18-29,English,Social tenancy,1,2023-08-16,,376.4,2023,8,28,2,20,3,6,2146.5299999999997,357.75499999999994,289.84,390.14,37.78786141077582,6,1,0,0,0,0,0.0,22.81000000000006,0.9504649309245484,1.0365037194473965,0,0.0
C-32788,Active,Weybridge,30-44,Other,Private tenancy,3,2024-01-07,,606.54,2024,1,23,4,23,1,6,3624.4300000000003,604.0716666666667,578.15,628.35,20.493202206260168,6,1,0,0,0,0,0.0,44.850000000000136,0.9959304689990218,1.0359580571767733,1,0.16666666666666666
C-32789,Active,Calder Central,30-44,English,Social tenancy,5,2023-06-25,,1537.37,2023,6,30,2,6,0,6,8840.1,1473.3500000000001,1154.27,1625.76,169.84426395966392,6,1,0,0,0,0,0.0,152.73000000000025,0.9583574546140486,1.057494292200316,0,0.0
C-32790,Active,Weybridge,30-44,English,Private tenancy,2,2022-12-09,,741.97,2022,12,36,1,8,0,6,4540.54,756.7566666666667,715.56,783.01,23.449106308485757,6,1,0,0,0,0,0.0,115.12999999999988,1.0199289279440766,1.0553122093885197,0,0.0
C-32791,Closed,Ash Hill,45-59,English,Social tenancy,4,2023-07-24,2025-09,1038.17,2023,7,29,2,20,0,3,3020.5299999999997,1006.8433333333332,859.67,1094.75,128.25776753605732,3,1,0,0,0,0,0.0,84.51999999999975,0.9698251089256414,1.0544997447431537,0,0.0
C-32792,Suspended,Weybridge,75+,English,Social tenancy,3,2024-10-27,,1032.51,2024,10,14,5,10,0,6,6129.04,1021.5066666666667,866.84,1085.77,83.11107571597574,6,1,0,0,0,0,0.0,140.5999999999999,0.9893431217776745,1.0515830355153946,0,0.0
C-32793,Active,Calder Central,30-44,Spanish,Owner-occupier,1,2023-02-10,,616.58,2023,2,34,5,20,4,6,3332.1,555.35,444.0,652.63,79.60299190357104,6,1,0,0,0,0,0.0,41.87999999999988,0.9006941516104966,1.0584676765383243,2,0.3333333333333333
C-32794,Active,Northgate,45-59,Other,Social tenancy,1,2022-07-23,,453.91,2022,7,41,4,22,2,6,2663.35,443.89166666666665,404.79,472.99,25.126218511082524,6,1,0,0,0,0,0.0,29.809999999999945,0.9779288111446469,1.042034764600912,0,0.0
C-32795,Active,Northgate,18-29,English,Resident with family,3,2024-09-07,,787.16,2024,9,15,1,11,0,6,4629.54,771.59,663.31,825.21,58.80023095192743,6,1,0,0,0,0,0.0,73.62000000000012,0.9802200315056661,1.0483383301997053,0,0.0
C-32796,Active,Northgate,75+,Other,Private tenancy,1,2021-06-17,,736.68,2021,6,54,4,14,3,6,4312.19,718.6983333333333,698.48,765.54,26.362088245559473,6,1,0,0,0,0,0.0,28.860000000000014,0.9755909395305062,1.0391757615246784,2,0.3333333333333333
C-32797,Active,Northgate,75+,English,Private tenancy,2,2025-03-15,,610.88,2025,3,9,0,11,0,6,3760.81,626.8016666666666,595.69,645.79,20.218866849224387,6,1,0,0,0,0,0.0,112.02999999999997,1.026063493102846,1.0571470665269773,0,0.0
C-32798,Suspended,Calder Central,60-74,Spanish,Resident with family,4,2022-04-02,,821.0,2022,4,44,6,19,5,6,4723.14,787.19,578.71,866.94,105.25766537407144,6,1,0,0,0,0,0.0,75.25,0.9588185140073082,1.0559561510353228,3,0.5
C-32799,Active,Calder Central,30-44,English,No fixed abode,4,2025-04-22,,821.5,2025,4,8,6,18,3,8,6233.64,779.205,611.25,864.85,104.97269563353808,6,2,2,1,0,0,0.0,93.48000000000002,0.9485149117468046,1.0527693244065734,2,0.25
C-32800,Active,Northgate,75+,English,Resident with family,2,2022-02-25,,965.7,2022,2,46,1,20,1,6,5880.53,980.0883333333333,956.7,1007.05,20.219839184985283,6,1,0,0,0,0,0.0,98.81999999999971,1.0148993821407615,1.042818680749715,1,0.16666666666666666
C-32801,Active,Calder Central,18-29,Spanish,No fixed abode,3,2024-03-31,,1209.36,2024,3,21,4,19,0,6,7275.04,1212.5066666666667,1187.14,1236.0,23.335990801049437,6,1,0,0,0,0,0.0,72.82000000000016,1.0026019271901392,1.022028180194483,0,0.0
C-32802,Active,Calder Central,75+,Spanish,No fixed abode,3,2022-11-28,,805.62,2022,11,37,4,23,3,6,4805.16,800.86,761.08,853.52,32.01824042635694,6,1,0,0,0,0,0.0,53.99000000000001,0.9940915071621856,1.0594573123805269,2,0.3333333333333333
C-32803,Active,Calder Central,60-74,English,Resident with family,1,2023-09-29,,763.13,2023,9,27,2,5,0,6,4637.42,772.9033333333333,729.39,804.3,30.347775975624117,6,1,0,0,0,0,0.0,106.83000000000004,1.012806904896064,1.0539488684758822,0,0.0
C-32804,Active,Calder Central,75+,English,No fixed abode,4,2022-03-18,,1288.85,2022,3,45,0,20,1,6,7884.87,1314.145,1220.26,1358.54,49.22994850698088,6,1,0,0,0,0,0.0,220.36000000000035,1.019626023198976,1.0540714590526439,1,0.16666666666666666
C-32805,Active,Northgate,45-59,English,Owner-occupier,5,2022-02-17,,1300.05,2022,2,46,1,10,0,6,7621.3,1270.2166666666667,1224.93,1358.69,47.69119108039419,6,1,0,0,0,0,0.0,58.6400000000001,0.9770521646603335,1.0451059574631745,0,0.0
C-32806,Active,Northgate,18-29,English,No fixed abode,1,2022-05-10,,395.55,2022,5,43,3,1,0,6,2360.21,393.36833333333334,374.79,417.08,17.5829331076094,6,1,0,0,0,0,0.0,37.46999999999997,0.9944844730965322,1.0544305397547717,0,0.0
C-32807,Active,Calder Central,18-29,English,Private tenancy,1,2024-10-18,,630.06,2024,10,14,3,14,1,6,3755.43,625.905,601.11,659.52,21.510318221727918,6,1,0,0,0,0,0.0,38.350000000000136,0.9934053899628608,1.0467574516712694,2,0.3333333333333333
C-32808,Active,Northgate,75+,Spanish,No fixed abode,5,2023-07-26,,1254.34,2023,7,29,7,6,0,6,7244.41,1207.4016666666666,1027.1,1324.48,101.042703134203,6,1,0,0,0,0,0.0,90.93000000000029,0.9625792581490399,1.0559178532136424,0,0.0
C-32809,Active,Northgate,30-44,English,Resident with family,5,2024-07-17,,946.59,2024,7,17,0,8,0,6,5449.74,908.29,702.88,1000.48,119.10358348933084,6,1,0,0,0,0,0.0,134.57999999999993,0.959538976748117,1.0569306669202083,0,0.0
C-32810,Active,Calder Central,30-44,English,Private tenancy,3,2023-01-06,,736.38,2023,1,35,0,7,0,6,4504.4400000000005,750.7400000000001,708.24,774.58,25.07291766029635,6,1,0,0,0,0,0.0,114.32000000000016,1.0195008012167632,1.0518753904234228,0,0.0
C-32811,Active,Ash Hill,30-44,English,Owner-occupier,4,2023-06-26,,1270.01,2023,6,30,0,8,0,6,7404.88,1234.1466666666668,983.78,1305.85,124.60225353767356,6,1,0,0,0,0,0.0,98.70000000000005,0.9717613772070036,1.0282202502342501,0,0.0
C-32812,Active,Weybridge,60-74,English,Resident with family,6,2024-07-05,,1030.55,2024,7,17,5,7,0,6,6031.19,1005.1983333333333,976.37,1068.54,32.152177790418314,6,1,0,0,0,0,0.0,37.99000000000001,0.9753998673847298,1.03686381058658,0,0.0
C-32813,Active,Calder Central,18-29,English,No fixed abode,2,2024-04-05,,733.32,2024,4,20,0,19,1,6,4253.44,708.9066666666666,574.0,755.79,68.97449924911867,6,1,0,0,0,0,0.0,48.109999999999786,0.9667084856088292,1.0306414662084764,2,0.3333333333333333
C-32814,Closed,Calder Central,18-29,English,Owner-occupier,6,2022-07-21,2025-08,1652.45,2022,7,41,1,22,0,2,3252.8999999999996,1626.4499999999998,1577.32,1675.58,69.48031231939024,2,1,0,0,0,0,0.0,23.12999999999988,0.9842657871645132,1.0139973978032617,0,0.0
C-32815,Active,Calder Central,30-44,English,Private tenancy,3,2023-04-10,,910.81,2023,4,32,2,1,0,6,5388.71,898.1183333333333,871.66,923.07,20.413364658151465,6,1,0,0,0,0,0.0,15.860000000000127,0.9860655167744463,1.0134605461073112,0,0.0
C-32816,Active,Northgate,45-59,English,No fixed abode,2,2021-11-13,,810.91,2021,11,49,0,16,1,6,4779.87,796.645,705.13,850.4,52.249584783039154,6,1,0,0,0,0,0.0,64.09000000000003,0.9824086520082377,1.0486983758986816,0,0.0
C-32817,Active,Weybridge,30-44,Spanish,Private tenancy,4,2021-07-17,,985.79,2021,7,53,6,7,2,6,5842.7300000000005,973.7883333333334,942.25,1010.59,28.082657578417802,6,1,0,0,0,0,0.0,37.2800000000002,0.9878253312909782,1.0251574879031031,1,0.16666666666666666
C-32818,Active,Ash Hill,75+,Spanish,Resident with family,4,2021-09-21,,1407.01,2021,9,51,7,16,2,6,8459.01,1409.835,1324.38,1487.42,61.51282849942769,6,1,0,0,0,0,0.0,163.50000000000023,1.002007803782489,1.0571495582831678,2,0.3333333333333333
C-32819,Active,Weybridge,60-74,English,Social tenancy,3,2024-07-15,,1029.25,2024,7,17,3,9,1,7,7220.650000000001,1031.5214285714287,989.41,1078.14,36.80935951112235,6,2,1,1,0,0,0.0,118.9200000000003,1.002206877407266,1.0475006072382804,2,0.2857142857142857
C-32820,Active,Northgate,30-44,English,No fixed abode,1,2022-10-27,,504.51,2022,10,38,2,19,1,6,3076.0099999999998,512.6683333333333,480.42,523.81,16.040633923466558,6,1,0,0,0,0,0.0,73.03999999999996,1.0161708059965775,1.0382549404372559,2,0.3333333333333333
C-32821,Active,Weybridge,30-44,English,No fixed abode,1,2024-07-28,,423.14,2024,7,17,1,19,0,6,2515.7,419.2833333333333,379.5,445.55,22.922716825600478,6,1,0,0,0,0,0.0,34.260000000000105,0.9908856012982308,1.0529611948764004,0,0.0
C-32822,Active,Calder Central,30-44,English,Owner-occupier,4,2024-04-29,,1002.01,2024,4,20,2,7,2,6,5911.530000000001,985.2550000000001,873.59,1051.86,67.08334301449209,6,1,0,0,0,0,0.0,109.36000000000013,0.9832786099939123,1.049750002494985,4,0.6666666666666666
C-32823,Active,Northgate,30-44,English,Private tenancy,4,2021-01-23,,1201.07,2021,1,59,2,15,1,6,7286.43,1214.405,1140.84,1266.32,46.071959693505526,6,1,0,0,0,0,0.0,156.56000000000017,1.0111026001815049,1.054326558818387,1,0.16666666666666666
C-32824,Closed,Calder Central,45-59,Spanish,Social tenancy,1,2021-06-16,2025-09,731.16,2021,6,54,3,5,4,4,2975.99,743.9975,726.52,752.83,12.403282831573266,3,2,1,1,0,0,0.0,55.99000000000012,1.0175577165052794,1.029637835767821,1,0.25
C-32825,Active,Calder Central,30-44,English,Social tenancy,6,2024-09-20,,1247.41,2024,9,15,3,0,1,6,7312.79,1218.7983333333334,1179.98,1255.57,29.685144713588073,6,1,0,0,0,0,0.0,11.039999999999736,0.9770631414958459,1.0065415541000953,2,0.3333333333333333
C-32826,Closed,Calder Central,60-74,English,No fixed abode,3,2023-10-09,2025-09,974.32,2023,10,26,1,20,1,3,2809.71,936.57,925.97,942.87,9.234175653516669,3,1,0,0,0,0,0.0,0.0,0.9612550291485343,0.9677210772641431,0,0.0
C-32827,Active,Calder Central,60-74,Other,Owner-occupier,4,2024-01-17,,1165.95,2024,1,23,1,10,2,6,6875.049999999999,1145.8416666666665,1098.35,1185.44,39.78002786156222,6,1,0,0,0,0,0.0,46.019999999999754,0.9827536915533827,1.0167159826750718,4,0.6666666666666666
C-32828,Active,Northgate,75+,English,No fixed abode,2,2021-04-30,,1013.68,2021,4,56,0,16,1,6,6182.92,1030.4866666666667,968.46,1058.89,34.6789692272805,6,1,0,0,0,0,0.0,147.87000000000035,1.0165798542603846,1.0445998737274091,1,0.16666666666666666
C-32829,Active,Weybridge,60-74,English,Private tenancy,1,2023-11-24,,745.45,2023,11,25,4,4,2,6,4476.61,746.1016666666666,721.47,771.54,19.937604085412715,6,1,0,0,0,0,0.0,49.1099999999999,1.0008741923223108,1.0349989938963042,1,0.16666666666666666
C-32830,Active,Weybridge,18-29,Spanish,Owner-occupier,1,2024-11-18,,525.58,2024,11,13,4,11,1,6,3176.84,529.4733333333334,508.35,551.71,16.730698331709473,6,1,0,0,0,0,0.0,51.83999999999992,1.0074076892829509,1.0497165036721336,2,0.3333333333333333
C-32831,Active,Northgate,60-74,English,Social tenancy,3,2024-12-24,,1019.69,2024,12,12,3,2,1,6,5781.9,963.65,736.19,1061.97,115.9219939442037,6,1,0,0,0,0,0.0,42.27999999999997,0.9450421206445095,1.04146358206906,1,0.16666666666666666
C-32832,Active,Calder Central,30-44,English,Resident with family,1,2023-09-28,,437.55,2023,9,27,3,14,0,6,2684.85,447.47499999999997,432.15,461.7,9.85407276206139,6,1,0,0,0,0,0.0,64.94999999999993,1.0226831219289225,1.0551936921494687,0,0.0
C-32833,Active,Northgate,30-44,English,No fixed abode,1,2023-08-24,,484.71,2023,8,28,2,13,0,6,2832.14,472.0233333333333,352.0,512.27,60.20040653240365,6,1,0,0,0,0,0.0,65.55000000000007,0.9738262741295484,1.0568587402776919,0,0.0
C-32834,Active,Northgate,75+,English,Private tenancy,3,2021-08-29,,1031.82,2021,8,52,1,11,2,6,6058.41,1009.735,803.98,1082.69,104.88289560266726,6,1,0,0,0,0,0.0,125.80000000000018,0.9785960729584618,1.0493012347114807,2,0.3333333333333333
C-32835,Active,Ash Hill,45-59,Spanish,Private tenancy,3,2024-11-28,,894.38,2024,11,13,4,4,1,6,5279.67,879.945,843.75,915.5,33.84752561118756,6,1,0,0,0,0,0.0,47.299999999999955,0.9838603278248619,1.0236141237505312,2,0.3333333333333333
C-32836,Active,Northgate,75+,English,Private tenancy,1,2021-08-29,,478.3,2021,8,52,2,0,0,6,2880.89,480.1483333333333,463.19,491.79,10.566498789413025,6,1,0,0,0,0,0.0,27.94999999999999,1.0038643807930867,1.0282040560317793,0,0.0
C-32837,Active,Northgate,45-59,English,Owner-occupier,1,2021-08-13,,406.22,2021,8,52,5,3,1,6,2429.41,404.90166666666664,383.95,423.02,16.47461006114155,6,1,0,0,0,0,0.0,37.78999999999991,0.9967546321369373,1.041356900201861,2,0.3333333333333333
C-32838,Closed,Northgate,75+,English,Owner-occupier,1,2024-12-09,2025-10,453.02,2024,12,12,4,16,1,6,2621.5,436.9166666666667,379.71,470.65,32.02921895186749,6,1,0,0,2,1,913.69,25.78000000000003,0.9644533721837153,1.0389166041234383,1,0.16666666666666666
C-32839,Active,Calder Central,30-44,English,Resident with family,2,2023-04-23,,705.02,2023,4,32,3,9,0,6,4008.98,668.1633333333333,487.99,731.38,91.06900782739794,6,1,0,0,0,0,0.0,49.66000000000008,0.9477225232381116,1.0373890102408443,0,0.0
C-32840,Suspended,Calder Central,75+,English,Private tenancy,2,2021-12-17,,548.27,2021,12,48,1,15,1,6,3144.1000000000004,524.0166666666668,394.71,569.11,65.00003343588887,6,1,0,0,0,0,0.0,38.80000000000007,0.9557638876222786,1.038010469294326,2,0.3333333333333333
C-32841,Active,Northgate,60-74,English,Owner-occupier,3,2021-01-22,,819.59,2021,1,59,2,16,0,6,4568.04,761.34,646.2,857.25,85.22602982657352,6,1,0,0,0,0,0.0,37.65999999999997,0.9289278785734331,1.0459498041703779,0,0.0
C-32842,Active,Weybridge,30-44,English,Private tenancy,3,2022-08-06,,906.58,2022,8,40,3,19,0,6,5513.07,918.8449999999999,877.55,947.45,29.208031600914158,6,1,0,0,0,0,0.0,115.70999999999992,1.013528866729908,1.04508151514483,0,0.0
C-32843,Active,Ash Hill,30-44,English,Private tenancy,3,2025-02-16,,855.05,2025,2,10,2,1,0,6,5077.44,846.2399999999999,814.2,867.54,18.567446781935296,6,1,0,0,0,0,0.0,16.40000000000009,0.9896965089760833,1.0146073329045084,0,0.0
C-32844,Active,Ash Hill,75+,English,Social tenancy,4,2021-11-27,,1217.4,2021,11,49,3,1,0,6,6984.29,1164.0483333333334,883.73,1275.22,146.97861251442902,6,1,0,0,0,0,0.0,134.25999999999976,0.9561757296971688,1.0474946607524231,0,0.0
C-32845,Active,Weybridge,60-74,English,Resident with family,2,2025-01-15,,670.12,2025,1,11,5,21,1,6,4073.49,678.915,637.82,706.24,24.29102282737389,6,1,0,0,0,0,0.0,87.27999999999986,1.0131245150122365,1.053900793887662,0,0.0
C-32846,Suspended,Weybridge,60-74,English,No fixed abode,3,2022-03-21,,654.77,2022,3,45,2,2,0,6,4024.83,670.805,659.31,689.73,11.160777302679254,6,1,0,0,0,0,0.0,96.21000000000015,1.0244895154023552,1.05339279441636,0,0.0
C-32847,Active,Northgate,30-44,English,Resident with family,1,2022-03-11,,615.97,2022,3,45,0,11,0,6,3446.88,574.48,431.8,645.12,81.473649973473,6,1,0,0,0,0,0.0,45.489999999999895,0.9326428235141321,1.0473237332986995,0,0.0
C-32848,Active,Calder Central,30-44,Spanish,No fixed abode,2,2022-04-03,,933.55,2022,4,44,3,7,2,6,5621.23,936.8716666666666,885.19,976.68,38.21160159776959,6,1,0,0,0,0,0.0,109.12000000000012,1.003558102583329,1.046199989288201,3,0.5
C-32849,Active,Calder Central,45-59,English,Social tenancy,3,2025-05-05,,1174.4,2025,5,7,4,23,2,6,7046.400000000001,1174.4,1174.4,1174.4,0.0,6,1,0,0,0,0,0.0,0.0,1.0,1.0,1,0.16666666666666666
C-32850,Closed,Calder Central,75+,English,Social tenancy,4,2023-02-25,2025-09,1087.07,2023,2,34,2,7,2,3,3338.1099999999997,1112.7033333333331,1098.31,1136.62,20.855081714856325,3,1,0,0,0,0,0.0,76.90000000000009,1.0235802048932758,1.0455812413184062,1,0.3333333333333333
C-32851,Active,Ash Hill,18-29,Spanish,No fixed abode,1,2021-02-27,,475.69,2021,2,58,5,16,3,6,2833.79,472.29833333333335,447.87,486.71,14.427179095951718,6,1,0,0,0,0,0.0,23.279999999999973,0.9928700063767019,1.023166347831571,0,0.0
C-32852,Active,Weybridge,45-59,English,Owner-occupier,2,2025-01-26,,833.05,2025,1,11,4,9,1,6,4543.25,757.2083333333334,598.79,870.7,123.17749979873219,6,1,0,0,0,0,0.0,40.080000000000155,0.9089590460756658,1.0451953664245845,4,0.6666666666666666
C-32853,Active,Weybridge,30-44,English,Resident with family,1,2023-03-09,,705.04,2023,3,33,2,20,1,6,4044.79,674.1316666666667,537.02,710.61,67.69094368279016,6,1,0,0,0,0,0.0,10.480000000000132,0.9561608797609593,1.0079002609781007,2,0.3333333333333333
C-32854,Suspended,Weybridge,75+,Other,Social tenancy,1,2024-07-24,,745.96,2024,7,17,2,23,2,6,4466.05,744.3416666666667,706.75,771.08,27.88056198620584,6,1,0,0,0,0,0.0,61.979999999999905,0.9978305360430407,1.033674727867446,0,0.0
C-32855,Closed,Northgate,75+,English,Owner-occupier,3,2024-09-25,2025-09,885.0,2024,9,15,1,19,0,6,5434.2300000000005,905.705,849.87,936.94,34.05076489596088,6,1,0,0,3,1,2711.2400000000002,159.36000000000013,1.0233954802259888,1.0586892655367233,0,0.0
C-32856,Active,Calder Central,30-44,English,No fixed abode,1,2023-08-31,,710.96,2023,8,28,0,17,2,6,4252.33,708.7216666666667,673.29,751.13,28.784219577168777,6,1,0,0,0,0,0.0,57.50999999999988,0.9968516747308803,1.0565010689771577,1,0.16666666666666666
C-32857,Active,Ash Hill,30-44,English,Resident with family,3,2022-02-28,,1098.34,2022,2,46,3,5,1,6,6546.85,1091.1416666666667,1037.36,1125.6,30.858044926188448,6,1,0,0,0,0,0.0,43.87000000000012,0.9934461702812123,1.024819272720651,2,0.3333333333333333
C-32858,Active,Ash Hill,60-74,English,Owner-occupier,2,2021-08-13,,996.74,2021,8,52,5,21,0,6,5949.47,991.5783333333334,965.76,1043.06,32.29993090807882,6,1,0,0,0,0,0.0,67.89999999999998,0.9948214512644555,1.0464714970804823,0,0.0
C-32859,Active,Northgate,30-44,English,Owner-occupier,1,2022-08-09,,696.15,2022,8,40,0,21,0,6,4206.11,701.0183333333333,659.56,732.8,26.596642206614476,6,1,0,0,0,0,0.0,79.09000000000003,1.0069932246402835,1.0526466997055233,0,0.0
C-32860,Active,Calder Central,30-44,English,Owner-occupier,4,2022-07-02,,802.32,2022,7,41,2,3,2,6,4770.39,795.065,783.4,824.39,16.069457675976512,6,1,0,0,0,0,0.0,23.079999999999927,0.9909574733273506,1.0275077275899889,1,0.16666666666666666
C-32861,Active,Calder Central,75+,English,Private tenancy,1,2024-12-25,,759.61,2024,12,12,1,0,1,6,4372.17,728.695,634.34,799.07,55.80537850422665,6,1,0,0,0,0,0.0,43.25,0.9593014836560867,1.0519477100090837,1,0.16666666666666666
C-32862,Active,Weybridge,45-59,English,Owner-occupier,1,2021-10-07,,595.76,2021,10,50,3,21,1,6,3459.1,576.5166666666667,456.78,631.03,63.795073059497845,6,1,0,0,0,0,0.0,72.13999999999999,0.9676995210599347,1.0592016919564926,3,0.5
C-32863,Active,Ash Hill,75+,English,Owner-occupier,4,2023-09-13,,1147.89,2023,9,27,1,6,2,6,6698.61,1116.435,1029.12,1187.33,51.98106838070954,6,1,0,0,0,0,0.0,39.43999999999983,0.9725975485455923,1.0343586929061146,2,0.3333333333333333
C-32864,Active,Ash Hill,30-44,English,Private tenancy,2,2022-10-09,,1004.2,2022,10,38,2,7,1,6,6094.46,1015.7433333333333,955.07,1052.35,45.39046757488477,6,1,0,0,0,0,0.0,162.24999999999955,1.0114950541060876,1.047948615813583,3,0.5
C-32865,Active,Northgate,30-44,English,Social tenancy,4,2025-02-10,,1386.87,2025,2,10,1,20,1,6,8514.44,1419.0733333333335,1364.06,1458.7,36.907780028967714,6,1,0,0,0,0,0.0,216.03000000000043,1.0232201528141307,1.0517928861392922,1,0.16666666666666666
C-32866,Active,Calder Central,18-29,English,Resident with family,3,2024-06-02,,1173.03,2024,6,18,1,0,1,6,6780.59,1130.0983333333334,890.2,1232.35,123.52326702555538,6,1,0,0,0,0,0.0,93.78999999999996,0.9634010497031905,1.050569891648125,2,0.3333333333333333
C-32867,Active,Northgate,30-44,Spanish,Private tenancy,1,2021-05-19,,640.16,2021,5,55,3,0,1,6,3704.75,617.4583333333334,557.18,661.99,36.17749710340211,6,1,0,0,0,0,0.0,25.540000000000077,0.9645375114554695,1.0341008497875532,3,0.5
C-32868,Active,Northgate,30-44,English,Owner-occupier,1,2021-07-31,,424.45,2021,7,53,2,2,0,6,2584.03,430.6716666666667,404.07,449.12,21.358967593651776,6,1,0,0,0,0,0.0,76.18000000000006,1.0146581851022893,1.0581222758864413,0,0.0
C-32869,Active,Northgate,45-59,English,No fixed abode,1,2022-11-01,,559.16,2022,11,37,1,12,2,6,3396.37,566.0616666666666,545.8,578.72,15.054672917957035,6,1,0,0,0,0,0.0,65.80000000000018,1.0123429191406157,1.034981042993061,1,0.16666666666666666
C-32870,Closed,Calder Central,60-74,Spanish,Social tenancy,3,2022-11-07,2025-09,1033.85,2022,11,37,5,19,2,3,3059.46,1019.82,1001.22,1030.5,16.16707765800608,3,1,0,0,0,0,0.0,0.0,0.9864293659621803,0.9967596846737923,0,0.0
C-32871,Active,Ash Hill,75+,English,Owner-occupier,3,2023-06-14,,1093.41,2023,6,30,5,11,2,6,6345.39,1057.565,809.25,1154.4,126.62323779622763,6,1,0,0,0,0,0.0,119.95999999999981,0.9672172378156411,1.055779625209208,1,0.16666666666666666
C-32872,Active,Northgate,60-74,English,No fixed abode,5,2024-05-04,,1318.88,2024,5,19,1,19,1,6,7708.66,1284.7766666666666,1171.56,1394.82,74.75880006170956,6,1,0,0,0,0,0.0,89.63999999999965,0.9741422014638682,1.0575791580735168,2,0.3333333333333333
C-32873,Active,Northgate,30-44,English,Private tenancy,3,2025-04-02,,863.94,2025,4,8,1,2,1,6,5138.24,856.3733333333333,823.26,906.23,29.258662762789868,6,1,0,0,0,0,0.0,46.50999999999988,0.9912416757336543,1.048950158575827,2,0.3333333333333333
C-32874,Active,Calder Central,30-44,Spanish,Private tenancy,4,2025-01-19,,856.92,2025,1,11,6,9,2,6,4970.01,828.335,706.15,883.11,64.13129680584979,6,1,0,0,0,0,0.0,35.57000000000005,0.96664216029501,1.0305629463660553,1,0.16666666666666666
C-32875,Active,Calder Central,18-29,English,Resident with family,1,2022-05-25,,462.41,2022,5,43,2,2,0,6,2715.72,452.61999999999995,396.96,469.09,28.936066767962807,6,1,0,0,0,0,0.0,24.719999999999914,0.9788283125364935,1.0144460543673361,0,0.0
C-32876,Active,Calder Central,30-44,Other,Owner-occupier,2,2021-03-21,,721.86,2021,3,57,4,7,2,7,5116.1,730.8714285714286,678.87,762.65,31.062102541291615,6,2,1,1,0,0,0.0,128.5,1.012483623654765,1.0565068018729393,2,0.2857142857142857
C-32877,Suspended,Northgate,60-74,English,No fixed abode,4,2023-05-12,,1414.89,2023,5,31,2,4,1,6,8212.43,1368.7383333333335,1092.53,1468.93,141.95976562627408,6,1,0,0,0,0,0.0,130.49999999999977,0.9673814454362765,1.0381937818487657,0,0.0
C-32878,Active,Northgate,60-74,English,Owner-occupier,1,2025-04-21,,413.19,2025,4,8,1,7,0,6,2344.01,390.66833333333335,307.07,432.72,54.68286803622016,6,1,0,0,0,0,0.0,48.47000000000003,0.9454931952209233,1.0472663907645394,0,0.0
C-32879,Active,Weybridge,45-59,English,Private tenancy,2,2025-02-19,,1022.34,2025,2,10,0,14,1,6,5955.45,992.5749999999999,785.51,1063.23,107.29980890010943,6,1,0,0,0,0,0.0,114.3599999999999,0.9708854197233796,1.0399964786665885,4,0.6666666666666666
C-32880,Active,Calder Central,60-74,English,Owner-occupier,2,2025-02-06,,679.64,2025,2,10,2,0,0,6,4114.71,685.785,641.82,718.93,33.84703044581608,6,1,0,0,0,0,0.0,108.68000000000006,1.0090415514095696,1.0578100170678595,0,0.0
C-32881,Active,Calder Central,18-29,English,Resident with family,1,2021-10-16,,584.86,2021,10,50,0,1,0,6,3515.2,585.8666666666667,551.29,613.51,25.50092442768823,6,1,0,0,0,0,0.0,63.92999999999995,1.0017212096342145,1.0489860821393153,0,0.0
C-32882,Suspended,Calder Central,45-59,English,Resident with family,4,2023-05-31,,880.75,2023,5,31,1,19,1,6,5117.01,852.835,604.0,926.03,123.38077917568845,6,1,0,0,0,0,0.0,113.78999999999996,0.9683054215157535,1.0514107294919102,4,0.6666666666666666
C-32883,Active,Northgate,30-44,English,Owner-occupier,4,2022-12-20,,1108.18,2022,12,36,1,23,1,6,6514.98,1085.83,831.86,1171.26,125.71833501920081,6,1,0,0,0,0,0.0,142.21999999999957,0.9798317962785829,1.0569221606598205,2,0.3333333333333333
C-32884,Closed,Calder Central,18-29,English,Owner-occupier,4,2021-01-08,2025-09,1407.16,2021,1,59,2,15,2,3,3938.75,1312.9166666666667,1213.95,1382.48,88.02844559194105,3,1,0,0,0,0,0.0,0.0,0.933025858229815,0.9824611273771283,1,0.3333333333333333
C-32885,Active,Northgate,30-44,English,Owner-occupier,1,2022-05-12,,622.95,2022,5,43,0,21,0,6,3692.71,615.4516666666667,532.65,644.54,41.721039975852335,6,1,0,0,0,0,0.0,52.47999999999979,0.9879631859164726,1.034657677181154,0,0.0
C-32886,Active,Ash Hill,45-59,English,Owner-occupier,2,2024-10-17,,882.63,2024,10,14,3,14,1,6,5326.41,887.735,864.41,906.35,17.00310648087581,6,1,0,0,0,0,0.0,61.840000000000146,1.005783850537598,1.0268742281590248,1,0.16666666666666666
C-32887,Active,Weybridge,30-44,English,Resident with family,5,2025-06-30,,970.6,2025,6,6,1,13,0,6,5937.32,989.5533333333333,924.09,1025.84,37.47156984523951,6,1,0,0,0,0,0.0,160.2299999999998,1.0195274400714334,1.0569132495363691,0,0.0
C-32888,Active,Weybridge,75+,English,Owner-occupier,2,2025-07-08,,815.49,2025,7,5,0,0,0,6,4829.18,804.8633333333333,685.1,861.94,62.48384580566935,6,1,0,0,0,0,0.0,87.35000000000002,0.9869689797953786,1.0569596193699493,0,0.0
C-32889,Active,Weybridge,18-29,English,Private tenancy,3,2021-11-24,,727.75,2021,11,49,1,2,0,6,4398.9400000000005,733.1566666666668,693.07,751.1,21.620930291425143,6,1,0,0,0,0,0.0,68.02999999999997,1.0074292911943203,1.0320851940913776,0,0.0
C-32890,Suspended,Northgate,45-59,English,Social tenancy,3,2023-11-29,,789.31,2023,11,25,2,23,0,6,4762.62,793.77,747.4,822.38,31.181924892475774,6,1,0,0,0,0,0.0,95.82000000000016,1.0056505048713433,1.0418973533846019,0,0.0
C-32891,Active,Calder Central,30-44,English,Owner-occupier,1,2025-06-09,,688.42,2025,6,6,3,23,1,6,4170.68,695.1133333333333,660.08,718.8,25.062839158137447,6,1,0,0,0,0,0.0,84.95000000000005,1.0097227467728034,1.0441300368960809,2,0.3333333333333333
C-32892,Active,Weybridge,30-44,English,Private tenancy,4,2023-03-18,,935.98,2023,3,33,0,2,0,6,5381.57,896.9283333333333,737.42,957.58,81.63775141848696,6,1,0,0,0,0,0.0,42.50999999999999,0.9582772423912193,1.0230774161841065,0,0.0
C-32893,Active,Weybridge,30-44,English,No fixed abode,3,2024-02-06,,812.64,2024,2,22,4,11,1,6,4631.06,771.8433333333334,636.36,837.22,70.8396851112896,6,1,0,0,0,0,0.0,29.56000000000006,0.9497973682483428,1.0302470958850167,1,0.16666666666666666
C-32894,Active,Calder Central,18-29,English,Resident with family,2,2023-07-08,,827.3,2023,7,29,2,13,0,6,4373.71,728.9516666666667,585.0,851.04,131.1260067899067,6,1,0,0,0,0,0.0,61.56000000000006,0.8811213183448166,1.0286957572827269,0,0.0
C-32895,Active,Weybridge,30-44,English,Private tenancy,3,2024-08-25,,773.82,2024,8,16,3,17,1,6,4575.8099999999995,762.6349999999999,677.86,815.69,51.75935731826663,6,1,0,0,0,0,0.0,83.67999999999995,0.9855457341500607,1.0541081905352665,1,0.16666666666666666
C-32896,Active,Calder Central,60-74,English,Owner-occupier,3,2022-09-25,,725.4,2022,9,39,2,11,1,6,4444.24,740.7066666666666,726.5,767.3,14.150668771003922,6,1,0,0,0,0,0.0,91.84000000000003,1.021101001746163,1.05776123518059,1,0.16666666666666666
C-32897,Active,Ash Hill,45-59,English,Owner-occupier,2,2024-06-03,,1024.25,2024,6,18,3,16,0,6,6171.0,1028.5,1010.63,1061.79,21.974801933123274,6,1,0,0,0,0,0.0,63.83999999999992,1.004149377593361,1.0366512082011228,0,0.0
C-32898,Active,Weybridge,60-74,Other,No fixed abode,1,2025-06-10,,526.66,2025,6,6,4,7,3,6,3230.09,538.3483333333334,513.07,553.91,14.059297872463812,6,1,0,0,0,0,0.0,83.72000000000003,1.022193318902771,1.0517411612805225,1,0.16666666666666666
C-32899,Active,Calder Central,75+,English,No fixed abode,3,2025-04-24,,651.12,2025,4,8,3,3,0,6,3915.42,652.57,574.72,689.88,44.09787749994322,6,1,0,0,0,0,0.0,103.47000000000003,1.002226932055535,1.0595281975672688,0,0.0
C-32900,Active,Northgate,30-44,English,Private tenancy,1,2024-02-09,,738.24,2024,2,22,0,9,0,6,4468.07,744.6783333333333,722.51,764.4,18.013973927667017,6,1,0,0,0,0,0.0,68.22000000000003,1.008721192746713,1.0354356306892067,0,0.0
C-32901,Active,Ash Hill,75+,English,Resident with family,1,2023-05-26,,452.79,2023,5,31,3,20,1,6,2651.62,441.93666666666667,366.62,476.61,42.3761823040569,6,1,0,0,0,0,0.0,63.099999999999966,0.9760300948931441,1.0526071688862386,0,0.0
C-32902,Active,Calder Central,30-44,Spanish,No fixed abode,4,2023-02-28,,997.71,2023,2,34,5,5,2,6,6008.75,1001.4583333333334,939.26,1045.52,39.05642145238945,6,1,0,0,0,0,0.0,104.69999999999982,1.0037569367184185,1.0479197361958885,1,0.16666666666666666
C-32903,Active,Ash Hill,30-44,English,Private tenancy,2,2023-10-23,,717.68,2023,10,26,0,12,0,6,4220.45,703.4083333333333,542.86,743.29,78.81499740954551,6,1,0,0,0,0,0.0,89.19000000000017,0.9801141641585852,1.0356844276000445,0,0.0
C-32904,Active,Ash Hill,18-29,English,No fixed abode,1,2025-02-05,,415.87,2025,2,10,3,12,0,6,2513.8,418.9666666666667,395.25,433.35,14.356224666208966,6,1,0,0,0,0,0.0,46.51999999999998,1.007446237205537,1.0420323658835695,0,0.0
C-32905,Active,Calder Central,75+,Other,No fixed abode,5,2024-10-02,,1171.51,2024,10,14,2,18,1,6,6690.39,1115.065,962.15,1189.75,81.45602562119029,6,1,0,0,0,0,0.0,18.24000000000001,0.9518185930977969,1.015569649426808,2,0.3333333333333333
C-32906,Active,Weybridge,45-59,English,Private tenancy,3,2023-06-11,,862.02,2023,6,30,2,9,0,6,5125.88,854.3133333333334,837.42,871.83,14.24193619795663,6,1,0,0,0,0,0.0,14.88000000000011,0.99105975886097,1.0113802463979955,0,0.0
C-32907,Active,Northgate,30-44,English,Private tenancy,4,2022-04-23,,875.06,2022,4,44,2,3,0,6,5336.99,889.4983333333333,827.09,925.89,36.60686570394503,6,1,0,0,0,0,0.0,141.36000000000013,1.0164998209646579,1.0580874454323133,0,0.0
C-32908,Active,Calder Central,45-59,Other,Private tenancy,1,2025-05-08,,584.84,2025,5,7,3,19,1,6,3329.16,554.86,399.05,612.9,77.6612049867886,6,1,0,0,0,0,0.0,29.17999999999995,0.9487381164079064,1.047978934409411,1,0.16666666666666666
C-32909,Active,Weybridge,30-44,English,Owner-occupier,2,2021-01-03,,853.54,2021,1,59,1,21,0,6,4817.51,802.9183333333334,687.03,887.34,81.10892266986825,6,1,0,0,0,0,0.0,34.1400000000001,0.9406920980075139,1.0395997844272091,0,0.0
C-32910,Active,Weybridge,30-44,English,Social tenancy,1,2024-04-15,,745.88,2024,4,20,1,19,1,6,4417.09,736.1816666666667,711.33,772.21,26.509185892189645,6,1,0,0,0,0,0.0,46.29000000000008,0.9869974616113405,1.0353005845444307,0,0.0
C-32911,Active,Northgate,18-29,English,Social tenancy,1,2023-11-02,,598.81,2023,11,25,2,14,0,6,3616.46,602.7433333333333,581.15,610.93,11.374173669619566,6,1,0,0,0,0,0.0,41.26000000000033,1.0065685832456595,1.0202401429501846,0,0.0
C-32912,Active,Calder Central,45-59,Other,Social tenancy,4,2023-10-27,,1164.76,2023,10,26,1,11,0,6,6583.35,1097.2250000000001,808.64,1219.64,147.81069389594253,6,1,0,0,0,0,0.0,70.08000000000015,0.9420180981489749,1.0471170026443217,0,0.0
C-32913,Active,Ash Hill,45-59,English,Private tenancy,1,2024-07-05,,546.32,2024,7,17,1,15,0,6,3283.0699999999997,547.1783333333333,516.81,566.91,19.516250066717916,6,1,0,0,0,0,0.0,49.49999999999977,1.0015711182701224,1.0376885341924145,0,0.0
C-32914,Closed,Weybridge,75+,English,Social tenancy,2,2022-09-08,2025-08,589.52,2022,9,39,2,5,1,6,3523.6600000000003,587.2766666666668,569.2,615.1,18.71058595198631,6,1,0,0,4,1,2361.2200000000003,40.070000000000164,0.9961946442303343,1.0433912335459357,0,0.0
C-32915,Active,Calder Central,30-44,English,Resident with family,2,2021-01-28,,723.18,2021,1,59,1,16,2,6,4387.05,731.1750000000001,690.08,753.61,23.661573700833998,6,1,0,0,0,0,0.0,86.02000000000021,1.011055338919771,1.0420780441937,3,0.5
C-32916,Active,Northgate,18-29,English,Owner-occupier,3,2021-12-01,,1192.32,2021,12,48,4,18,0,6,7268.89,1211.4816666666668,1176.88,1244.46,25.651881347508713,6,1,0,0,0,0,0.0,132.76000000000022,1.016070909375559,1.0437298711755234,0,0.0
C-32917,Active,Calder Central,45-59,Spanish,Owner-occupier,3,2024-09-05,,1015.91,2024,9,15,5,19,3,6,5950.33,991.7216666666667,878.05,1063.65,67.96982254402812,6,1,0,0,0,0,0.0,82.31000000000017,0.9761904761904763,1.0469923516846966,2,0.3333333333333333
C-32918,Active,Weybridge,30-44,English,Private tenancy,1,2021-07-11,,374.89,2021,7,53,2,9,1,6,2262.22,377.03666666666663,358.56,396.77,15.529052342840068,6,1,0,0,0,0,0.0,41.93000000000001,1.005726124107516,1.0583637867107685,2,0.3333333333333333
C-32919,Active,Northgate,18-29,English,Resident with family,3,2024-06-18,,858.35,2024,6,18,2,9,1,6,4975.46,829.2433333333333,677.38,878.26,77.13484314281497,6,1,0,0,0,0,0.0,46.82999999999993,0.9660899788353624,1.0231956661035708,0,0.0
C-32920,Active,Ash Hill,60-74,English,Resident with family,2,2025-02-11,,674.81,2025,2,10,2,23,0,6,4029.5099999999998,671.5849999999999,635.48,703.56,23.973428415643845,6,1,0,0,0,0,0.0,44.74000000000001,0.9952208769875965,1.0426045849942946,0,0.0
C-32921,Active,Northgate,45-59,Other,Social tenancy,1,2024-04-09,,560.32,2024,4,20,3,15,0,6,3279.34,546.5566666666667,445.17,588.2,55.48225542159102,6,1,0,0,0,0,0.0,79.59999999999991,0.975436655244622,1.049757281553398,0,0.0
C-32922,Active,Calder Central,60-74,English,No fixed abode,2,2023-12-27,,1009.28,2023,12,24,4,22,0,6,5786.38,964.3966666666666,851.38,1051.66,90.97156537438865,6,1,0,0,0,0,0.0,84.60000000000014,0.9555293542591419,1.0419903297400128,0,0.0
C-32923,Closed,Ash Hill,45-59,English,Resident with family,2,2022-08-17,2025-07,919.3,2022,8,40,3,10,4,1,911.47,911.47,911.47,911.47,0.0,1,1,0,0,0,0,0.0,0.0,0.9914826498422714,0.9914826498422714,0,0.0
C-32924,Active,Calder Central,45-59,English,Owner-occupier,1,2023-06-02,,705.78,2023,6,30,1,7,2,6,4257.84,709.64,682.89,732.93,17.85705910837502,6,1,0,0,0,0,0.0,55.129999999999995,1.005469126356655,1.0384680778712914,1,0.16666666666666666
C-32925,Active,Calder Central,45-59,Spanish,Resident with family,2,2021-08-15,,749.18,2021,8,52,4,23,1,6,4323.16,720.5266666666666,575.28,780.12,76.36710356342363,6,1,0,0,0,0,0.0,65.40000000000009,0.9617537396442333,1.0412984863450707,1,0.16666666666666666
C-32926,Active,Calder Central,75+,English,Social tenancy,1,2022-01-26,,409.81,2022,1,47,3,14,0,6,2427.98,404.66333333333336,386.77,429.64,15.508996958754825,6,1,0,0,0,0,0.0,22.939999999999998,0.987441334602214,1.0483882774944486,0,0.0
C-32927,Active,Calder Central,45-59,English,Owner-occupier,1,2022-11-15,,564.86,2022,11,37,1,16,2,6,3509.19,584.865,566.62,594.65,10.434452069945985,6,1,0,0,0,0,0.0,120.02999999999986,1.0354158552561696,1.0527387317211343,2,0.3333333333333333
C-32928,Active,Calder Central,75+,English,Private tenancy,3,2022-05-04,,940.62,2022,5,43,4,13,1,6,5561.6,926.9333333333334,839.22,978.99,53.028889359165994,6,1,0,0,0,0,0.0,78.38999999999999,0.9854493135733168,1.0407922434139185,3,0.5
C-32929,Active,Ash Hill,30-44,Other,Owner-occupier,1,2021-05-10,,686.59,2021,5,55,3,1,1,6,4080.51,680.085,655.16,708.74,20.621010402014768,6,1,0,0,0,0,0.0,30.889999999999986,0.9905256412123683,1.032260883496701,2,0.3333333333333333
C-32930,Active,Northgate,60-74,English,Resident with family,3,2023-08-25,,723.74,2023,8,28,1,18,1,6,4301.96,716.9933333333333,680.77,761.0,27.475342157408456,6,1,0,0,0,0,0.0,43.51999999999998,0.9906780519707814,1.0514825766159117,0,0.0
C-32931,Active,Calder Central,60-74,English,No fixed abode,1,2022-05-27,,450.5,2022,5,43,1,17,1,6,2573.7799999999997,428.9633333333333,316.63,472.92,59.41516259900892,6,1,0,0,0,0,0.0,57.389999999999986,0.9521938586755456,1.0497669256381799,2,0.3333333333333333
C-32932,Suspended,Ash Hill,75+,English,Resident with family,1,2021-01-23,,524.75,2021,1,59,0,12,0,6,3172.1099999999997,528.685,495.81,553.29,19.668076418399437,6,1,0,0,0,0,0.0,57.91999999999996,1.007498808956646,1.0543878037160552,0,0.0
C-32933,Active,Weybridge,45-59,English,Owner-occupier,2,2024-07-31,,705.79,2024,7,17,0,3,0,6,4187.09,697.8483333333334,599.0,733.61,52.53966098735952,6,1,0,0,0,0,0.0,87.30000000000018,0.9887478333970917,1.039416823701101,0,0.0
C-32934,Active,Calder Central,18-29,English,Owner-occupier,4,2024-07-17,,904.98,2024,7,17,0,8,0,6,5357.69,892.9483333333333,777.89,940.82,63.54575530015102,6,1,0,0,0,0,0.0,100.56999999999994,0.9867050468886974,1.0396030851510532,0,0.0
C-32935,Active,Calder Central,18-29,English,Resident with family,2,2024-05-05,,908.22,2024,5,19,2,5,1,6,5326.8,887.8000000000001,857.87,912.9,24.096648729647015,6,1,0,0,0,0,0.0,6.009999999999877,0.977516460769417,1.0051529365131795,3,0.5
C-32936,Active,Northgate,60-74,English,Social tenancy,1,2025-01-13,,702.49,2025,1,11,0,10,0,6,4296.0,716.0,699.16,740.66,15.503740193901605,6,1,0,0,0,0,0.0,84.38999999999987,1.0192315904852738,1.0543352930290821,0,0.0
C-32937,Suspended,Calder Central,60-74,English,No fixed abode,2,2022-11-12,,723.99,2022,11,37,1,4,0,6,4152.44,692.0733333333333,577.45,741.4,58.08136040647346,6,1,0,0,0,0,0.0,17.409999999999968,0.9559155973609211,1.0240472934709042,0,0.0
C-32938,Active,Northgate,18-29,English,Private tenancy,3,2022-01-03,,926.25,2022,1,47,4,15,2,6,5281.24,880.2066666666666,675.15,974.0,117.53534254285671,6,1,0,0,0,0,0.0,97.50999999999999,0.9502905982905983,1.0515519568151148,2,0.3333333333333333
C-32939,Active,Ash Hill,75+,English,No fixed abode,1,2024-04-19,,567.7,2024,4,20,2,13,3,6,3392.23,565.3716666666667,543.43,584.96,17.030921779711953,6,1,0,0,0,0,0.0,31.549999999999955,0.9958986553931065,1.0304033820679936,1,0.16666666666666666
C-32940,Suspended,Calder Central,75+,English,Social tenancy,3,2021-05-27,,654.4,2021,5,55,4,14,0,6,3855.03,642.505,479.78,692.7,80.9403031252046,6,1,0,0,0,0,0.0,104.6600000000002,0.98182304400978,1.0585268948655258,0,0.0
C-32941,Active,Northgate,30-44,Other,No fixed abode,1,2024-08-16,,730.97,2024,8,16,1,14,2,6,4306.63,717.7716666666666,520.41,774.3,97.38483442850159,6,1,0,0,0,0,0.0,131.3699999999999,0.9819440834325167,1.0592773985252473,3,0.5
C-32942,Active,Calder Central,60-74,English,Social tenancy,2,2022-08-18,,804.61,2022,8,40,2,14,0,6,4869.83,811.6383333333333,760.13,851.42,34.776437664986155,6,1,0,0,0,0,0.0,107.03999999999996,1.0087350807637654,1.0581772535762668,0,0.0
C-32943,Active,Northgate,45-59,English,Resident with family,4,2023-04-10,,891.69,2023,4,32,1,4,1,6,5173.27,862.2116666666667,773.94,918.18,50.697767768084816,6,1,0,0,0,0,0.0,39.69999999999982,0.9669410520098539,1.029707633818928,1,0.16666666666666666
C-32944,Active,Calder Central,18-29,English,Owner-occupier,1,2023-08-09,,523.47,2023,8,28,3,1,1,6,3091.81,515.3016666666666,501.51,554.19,19.626248155637587,6,1,0,0,0,0,0.0,30.720000000000027,0.984395794728765,1.058685311479168,1,0.16666666666666666
C-32945,Active,Ash Hill,30-44,Spanish,Social tenancy,2,2024-01-25,,807.74,2024,1,23,4,5,1,6,4784.82,797.4699999999999,768.85,847.5,28.945249696625503,6,1,0,0,0,0,0.0,45.18999999999994,0.9872855126649664,1.049223760120831,2,0.3333333333333333
C-32946,Active,Weybridge,60-74,English,Private tenancy,1,2021-11-18,,551.25,2021,11,49,1,22,1,6,2970.68,495.1133333333333,402.28,569.01,67.11913368531113,6,1,0,0,0,0,0.0,32.17999999999995,0.8981647770219198,1.0322176870748299,1,0.16666666666666666
C-32947,Active,Calder Central,75+,Other,No fixed abode,3,2025-06-15,,986.97,2025,6,6,4,3,1,6,5935.03,989.1716666666666,929.81,1027.73,40.653530432997684,6,1,0,0,0,0,0.0,109.69999999999982,1.00223073311921,1.0412981144310365,3,0.5
C-32948,Active,Weybridge,18-29,English,Social tenancy,4,2021-03-19,,882.97,2021,3,57,1,3,2,6,5223.5,870.5833333333334,690.75,932.22,92.90732019957666,6,1,0,0,0,0,0.0,149.40999999999985,0.9859715883136837,1.0557776594901298,1,0.16666666666666666
C-32949,Active,Ash Hill,60-74,English,Social tenancy,5,2023-09-09,,1567.43,2023,9,27,3,4,0,6,9369.77,1561.6283333333333,1496.31,1634.99,57.008813499902516,6,1,0,0,0,0,0.0,121.77999999999975,0.9962986119528995,1.043102403297117,0,0.0
C-32950,Closed,Calder Central,18-29,English,Social tenancy,1,2021-01-18,2025-09,498.85,2021,1,59,3,5,1,3,1497.73,499.24333333333334,478.7,526.63,24.686932440733397,3,1,0,0,0,0,0.0,27.779999999999973,1.00078848017106,1.0556880825899568,0,0.0
C-32951,Closed,Weybridge,18-29,Other,Private tenancy,1,2022-06-23,2025-07,615.98,2022,6,42,4,16,1,1,614.98,614.98,614.98,614.98,0.0,1,1,0,0,0,0,0.0,0.0,0.9983765706678789,0.9983765706678789,0,0.0
C-32952,Suspended,Calder Central,75+,English,Owner-occupier,2,2021-12-06,,873.4,2021,12,48,0,2,0,6,5200.41,866.735,825.21,898.52,24.30399699637903,6,1,0,0,0,0,0.0,29.610000000000014,0.9923689031371651,1.0287611632699794,0,0.0
C-32953,Active,Northgate,60-74,English,Private tenancy,1,2022-07-22,,484.52,2022,7,41,2,17,1,6,2854.36,475.7266666666667,428.75,497.52,24.424382626110866,6,1,0,0,0,0,0.0,20.110000000000014,0.9818514543603292,1.026830677784199,1,0.16666666666666666
C-32954,Active,Calder Central,60-74,English,Private tenancy,1,2025-02-22,,438.04,2025,2,10,1,2,0,6,2601.67,433.6116666666667,423.21,451.15,11.386287220453669,6,1,0,0,0,0,0.0,16.859999999999957,0.9898905731592245,1.0299287736279792,0,0.0
C-32955,Active,Weybridge,75+,English,Owner-occupier,3,2022-07-05,,1054.75,2022,7,41,3,17,0,6,6276.67,1046.1116666666667,944.02,1089.61,58.76470008999166,6,1,0,0,0,0,0.0,108.03999999999996,0.9918100655763609,1.0330504858971319,0,0.0
C-32956,Active,Northgate,45-59,English,Resident with family,4,2022-02-27,,1064.63,2022,2,46,1,11,2,6,5815.64,969.2733333333334,799.59,1096.48,132.98259956350182,6,1,0,0,0,0,0.0,46.19999999999982,0.9104321063029722,1.0299164968110985,1,0.16666666666666666
C-32957,Active,Northgate,45-59,English,Owner-occupier,3,2022-12-18,,647.1,2022,12,36,2,9,1,6,3770.59,628.4316666666667,531.04,667.73,50.18252620849878,6,1,0,0,0,0,0.0,37.00999999999999,0.971150775253696,1.0318806985010045,1,0.16666666666666666
C-32958,Active,Weybridge,30-44,English,No fixed abode,2,2023-01-31,,913.97,2023,1,35,1,1,0,6,5515.73,919.2883333333333,885.93,963.13,30.670452501824425,6,1,0,0,0,0,0.0,90.24999999999989,1.005818936434821,1.0537873234351236,0,0.0
C-32959,Active,Northgate,30-44,English,Social tenancy,4,2025-07-09,,905.14,2025,7,5,2,10,0,6,5114.87,852.4783333333334,630.79,933.9,110.66493345530314,6,1,0,0,0,0,0.0,29.56000000000006,0.941819313402715,1.0317740901959918,0,0.0
C-32960,Active,Calder Central,45-59,English,Social tenancy,3,2021-05-09,,1172.85,2021,5,55,1,9,1,6,6768.65,1128.1083333333333,968.45,1201.05,83.20516580517501,6,1,0,0,0,0,0.0,32.56000000000017,0.9618521834278325,1.0240439953958307,3,0.5
C-32961,Active,Northgate,18-29,English,Social tenancy,2,2023-03-24,,680.87,2023,3,33,2,18,1,6,4096.54,682.7566666666667,668.08,706.02,14.981554881475617,6,1,0,0,0,0,0.0,40.379999999999995,1.0027709645992138,1.036938035160897,2,0.3333333333333333
C-32962,Suspended,Calder Central,18-29,English,Private tenancy,4,2022-03-03,,1017.53,2022,3,45,3,12,3,6,11042.27,1840.3783333333333,1727.08,2005.5,113.29784594892644,6,1,0,0,0,0,0.0,4937.09,1.8086723077779852,1.970949259481293,1,0.16666666666666666
C-32963,Active,Calder Central,45-59,English,No fixed abode,2,2022-11-07,,795.03,2022,11,37,0,12,0,6,4452.2,742.0333333333333,656.08,802.54,60.607109373955964,6,1,0,0,0,0,0.0,7.509999999999991,0.9333400416755762,1.0094461844207137,0,0.0
C-32964,Active,Weybridge,30-44,English,Resident with family,1,2024-07-18,,670.79,2024,7,17,2,22,2,6,3978.99,663.165,641.0,706.77,25.83157815542829,6,1,0,0,0,0,0.0,45.940000000000055,0.9886328060943068,1.0536382474395862,1,0.16666666666666666
C-32965,Active,Calder Central,18-29,English,No fixed abode,1,2022-12-28,,386.78,2022,12,36,0,13,0,6,2179.91,363.3183333333333,297.0,399.9,49.05590215933926,6,1,0,0,0,0,0.0,33.34000000000003,0.9393410552079563,1.0339210920936968,0,0.0
C-32966,Active,Ash Hill,30-44,Spanish,Private tenancy,3,2023-06-29,,1012.11,2023,6,30,5,9,1,6,5951.02,991.8366666666667,957.15,1043.39,36.15997216075626,6,1,0,0,0,0,0.0,43.950000000000045,0.9799692391801945,1.03090573159044,0,0.0
C-32967,Active,Calder Central,18-29,English,No fixed abode,2,2023-04-25,,804.73,2023,4,32,2,4,0,6,4807.14,801.19,757.56,841.26,30.42038790022245,6,1,0,0,0,0,0.0,61.799999999999955,0.995601009034086,1.04539410734035,0,0.0
C-32968,Active,Calder Central,60-74,English,Social tenancy,2,2021-05-06,,843.44,2021,5,55,1,7,1,6,5082.71,847.1183333333333,809.64,888.54,28.39472726874949,6,1,0,0,0,0,0.0,77.11999999999978,1.0043611084763981,1.0534714976761832,2,0.3333333333333333
C-32969,Active,Weybridge,60-74,English,Owner-occupier,2,2024-09-18,,699.75,2024,9,15,3,18,1,6,3967.57,661.2616666666667,606.77,705.12,39.222438178505286,6,1,0,0,0,0,0.0,5.3700000000000045,0.9449970227462189,1.007674169346195,1,0.16666666666666666
C-32970,Active,Northgate,60-74,English,Social tenancy,5,2021-09-19,,1593.96,2021,9,51,2,2,2,6,9658.36,1609.7266666666667,1532.16,1665.82,48.92807687480326,6,1,0,0,0,0,0.0,164.94999999999982,1.0098915071059917,1.0450826871439685,2,0.3333333333333333
C-32971,Active,Weybridge,18-29,English,Resident with family,1,2021-04-16,,407.17,2021,4,56,2,0,3,6,2444.37,407.395,387.65,429.1,17.279079547244418,6,1,0,0,0,0,0.0,42.81999999999999,1.000552594739298,1.0538595672569198,1,0.16666666666666666
C-32972,Active,Calder Central,45-59,English,Resident with family,1,2024-08-01,,553.06,2024,8,16,2,18,1,6,3406.7,567.7833333333333,531.1,585.31,21.959610804079983,6,1,0,0,0,0,0.0,112.0100000000001,1.026621584156029,1.0583119372220013,2,0.3333333333333333
C-32973,Active,Ash Hill,60-74,English,Social tenancy,1,2021-04-12,,425.38,2021,4,56,1,19,0,6,2453.36,408.8933333333334,356.48,432.32,28.75962563502289,6,1,0,0,0,0,0.0,13.04000000000002,0.9612424969047284,1.0163148243923081,0,0.0
C-32974,Active,Northgate,75+,English,Social tenancy,1,2021-05-08,,708.94,2021,5,55,2,8,0,6,3982.11,663.6850000000001,496.81,744.53,103.52002680641075,6,1,0,0,0,0,0.0,78.31999999999982,0.9361652608119163,1.050201709594606,0,0.0
C-32975,Suspended,Northgate,45-59,English,No fixed abode,5,2023-01-11,,1292.62,2023,1,35,0,1,1,6,7293.84,1215.64,902.8,1331.65,159.93867374715853,6,1,0,0,0,0,0.0,65.71000000000049,0.9404465349445313,1.030194488712847,1,0.16666666666666666
C-32976,Active,Northgate,45-59,English,Resident with family,6,2024-11-05,,1783.78,2024,11,13,2,8,0,6,10642.130000000001,1773.6883333333335,1679.13,1872.9,75.4125717414986,6,1,0,0,0,0,0.0,154.01000000000022,0.9943425385043746,1.0499613180997658,0,0.0
C-32977,Active,Ash Hill,30-44,English,No fixed abode,2,2025-07-17,,629.64,2025,7,5,1,19,0,6,3721.25,620.2083333333334,550.94,667.06,42.23615248417716,6,1,0,0,0,0,0.0,62.789999999999964,0.9850205408381508,1.05943078584588,0,0.0
C-32978,Active,Northgate,45-59,English,Owner-occupier,3,2025-07-19,,1183.43,2025,7,5,3,1,0,6,6844.53,1140.7549999999999,940.1,1251.82,111.43788920290974,6,1,0,0,0,0,0.0,116.5799999999997,0.9639395655002829,1.0577896453529148,0,0.0
C-32979,Active,Calder Central,60-74,Other,No fixed abode,2,2025-07-31,,973.58,2025,7,5,5,17,0,6,5827.83,971.305,917.95,1023.35,42.10827840223347,6,1,0,0,0,0,0.0,97.43999999999994,0.9976632634195445,1.0511206064216603,0,0.0
C-32980,Active,Northgate,30-44,English,No fixed abode,1,2025-01-27,,586.69,2025,1,11,1,7,2,6,3529.66,588.2766666666666,551.69,621.07,30.510349500893394,6,1,0,0,0,0,0.0,82.82999999999981,1.0027044378916747,1.0585999420477594,1,0.16666666666666666
C-32981,Active,Calder Central,45-59,English,Owner-occupier,1,2024-08-25,,637.25,2024,8,16,1,13,0,6,3741.26,623.5433333333334,538.49,669.72,48.60711004232477,6,1,0,0,0,0,0.0,63.98000000000002,0.9784909114685497,1.0509533150255002,0,0.0
C-32982,Suspended,Ash Hill,60-74,Spanish,Private tenancy,2,2022-07-13,,659.79,2022,7,41,3,2,2,6,4044.77,674.1283333333333,622.31,699.3,28.331092048607445,6,1,0,0,0,0,0.0,123.51000000000022,1.0217316620945047,1.0598826899468012,0,0.0
C-32983,Active,Northgate,45-59,English,Owner-occupier,3,2023-12-09,,725.49,2023,12,24,1,3,1,6,4314.24,719.04,687.25,764.04,28.07828840937421,6,1,0,0,0,0,0.0,53.67999999999995,0.99110945705661,1.053136500847703,2,0.3333333333333333
C-32984,Active,Calder Central,30-44,English,Private tenancy,3,2023-03-08,,746.19,2023,3,33,3,12,1,6,4277.7,712.9499999999999,608.37,776.87,58.18978638902191,6,1,0,0,0,0,0.0,30.959999999999923,0.9554537048204881,1.041115533577239,1,0.16666666666666666
C-32985,Active,Calder Central,45-59,English,Resident with family,3,2021-07-14,,1099.43,2021,7,53,2,17,0,6,6471.74,1078.6233333333332,1049.2,1111.3,22.804910582299275,6,1,0,0,0,0,0.0,11.86999999999989,0.9810750419156592,1.0107965036427966,0,0.0
C-32986,Active,Calder Central,30-44,English,Resident with family,5,2022-08-17,,1202.27,2022,8,40,1,19,0,6,7055.68,1175.9466666666667,1130.94,1246.41,41.48151572286946,6,1,0,0,0,0,0.0,44.1400000000001,0.9781053063510415,1.0367138829048383,0,0.0
C-32987,Active,Ash Hill,30-44,Spanish,Social tenancy,1,2023-04-03,,653.19,2023,4,32,2,3,1,6,3971.44,661.9066666666666,623.67,690.94,25.074140995588834,6,1,0,0,0,0,0.0,84.18999999999983,1.0133447644126006,1.057793291385355,2,0.3333333333333333
C-32988,Active,Northgate,60-74,English,Owner-occupier,1,2025-08-08,,683.1,2025,8,4,1,9,1,6,4125.8,687.6333333333333,667.95,719.04,17.799395120808637,6,1,0,0,0,0,0.0,49.749999999999886,1.0066364124335139,1.052613087395696,2,0.3333333333333333
C-32989,Active,Ash Hill,75+,English,Social tenancy,2,2021-12-01,,914.36,2021,12,48,0,23,0,6,5568.15,928.025,901.42,963.14,23.69802333529105,6,1,0,0,0,0,0.0,103.74999999999989,1.0149448794785423,1.053348790410779,0,0.0
C-32990,Closed,Ash Hill,45-59,English,No fixed abode,1,2023-06-13,2025-10,596.97,2023,6,30,4,19,0,4,2416.83,604.2075,589.05,612.92,10.89687531665233,4,1,0,0,0,0,0.0,36.86999999999989,1.012123724810292,1.0267182605491063,0,0.0
C-32991,Active,Calder Central,45-59,Other,No fixed abode,3,2025-01-13,,942.31,2025,1,11,4,23,2,6,5695.09,949.1816666666667,900.17,995.04,36.14060730904596,6,1,0,0,0,0,0.0,110.42000000000007,1.0072923630935326,1.0559582303063748,0,0.0
C-32992,Active,Weybridge,18-29,Spanish,Resident with family,1,2021-04-27,,556.39,2021,4,56,3,6,1,6,3244.7200000000003,540.7866666666667,463.85,589.34,41.35710176821713,6,1,0,0,0,0,0.0,32.950000000000045,0.971956121904899,1.0592210499829258,1,0.16666666666666666
C-32993,Active,Weybridge,18-29,Other,Social tenancy,2,2023-09-20,,793.24,2023,9,27,2,14,0,6,4600.2,766.6999999999999,694.81,829.33,45.18266039090662,6,1,0,0,0,0,0.0,37.97000000000003,0.9665422822853108,1.0454969492209167,0,0.0
C-32994,Active,Northgate,45-59,Other,Social tenancy,2,2022-11-21,,714.04,2022,11,37,5,12,3,6,4222.35,703.725,679.91,747.21,25.65128671236592,6,1,0,0,0,0,0.0,41.270000000000095,0.9855540305865218,1.0464539801691783,1,0.16666666666666666
C-32995,Active,Calder Central,60-74,English,Resident with family,4,2021-01-06,,778.27,2021,1,59,5,10,1,6,11332.8,1888.8,1724.76,2106.5,143.37069979601824,6,1,0,0,0,0,0.0,6663.18,2.426921248409935,2.7066442237269843,2,0.3333333333333333
C-32996,Active,Northgate,30-44,English,Owner-occupier,3,2025-05-09,,1119.33,2025,5,7,1,4,2,6,6767.99,1127.9983333333332,1082.29,1171.54,34.622494085011645,6,1,0,0,0,0,0.0,107.83000000000015,1.0077442160339967,1.046643974520472,0,0.0
C-32997,Active,Northgate,30-44,English,Resident with family,6,2023-08-25,,1015.9,2023,8,28,4,10,1,6,5936.18,989.3633333333333,959.68,1065.84,42.33068422157459,6,1,0,0,0,0,0.0,49.93999999999994,0.9738786625980248,1.0491583817304853,1,0.16666666666666666
C-32998,Active,Calder Central,30-44,English,Private tenancy,1,2021-12-01,,704.86,2021,12,48,1,4,2,6,4170.56,695.0933333333334,669.65,732.98,24.655213377025717,6,1,0,0,0,0,0.0,37.120000000000005,0.9861438205222787,1.0398944471242517,4,0.6666666666666666
C-32999,Active,Weybridge,18-29,English,No fixed abode,4,2023-01-09,,1055.32,2023,1,35,1,23,0,6,6223.5,1037.25,895.47,1095.26,72.08882826069517,6,1,0,0,0,0,0.0,69.23000000000025,0.9828772315506198,1.0378463404464997,0,0.0
C-33000,Active,Calder Central,45-59,English,Private tenancy,3,2023-11-27,,1219.79,2023,11,25,1,13,1,6,7252.07,1208.6783333333333,1149.01,1261.94,43.06529805616889,6,1,0,0,0,0,0.0,74.18000000000006,0.9908905084755028,1.0345551283417638,3,0.5
C-33001,Active,Ash Hill,45-59,English,Resident with family,3,2023-05-16,,1159.25,2023,5,31,4,11,0,6,6413.320000000001,1068.8866666666668,825.05,1134.71,120.08670462073096,6,1,0,0,0,0,0.0,0.0,0.9220501761196176,0.9788311408238085,0,0.0
C-33002,Active,Northgate,45-59,English,Resident with family,2,2023-05-16,,913.64,2023,5,31,0,8,2,6,5358.29,893.0483333333333,785.97,933.33,55.52148067790222,6,1,0,0,0,0,0.0,39.97000000000014,0.977461947083461,1.0215511580053414,1,0.16666666666666666
C-33003,Active,Northgate,30-44,English,Social tenancy,3,2022-02-19,,860.87,2022,2,46,4,14,3,6,5148.7699999999995,858.1283333333332,812.3,905.18,32.39505173119294,6,1,0,0,0,0,0.0,61.07999999999993,0.9968152372987017,1.0514711861256636,1,0.16666666666666666
C-33004,Suspended,Ash Hill,30-44,English,Private tenancy,4,2023-10-30,,1075.34,2023,10,26,5,18,1,6,6378.92,1063.1533333333334,1016.39,1091.61,26.420692395671022,6,1,0,0,0,0,0.0,19.019999999999982,0.9886671502346545,1.0151300983874867,2,0.3333333333333333
C-33005,Active,Northgate,30-44,English,Social tenancy,1,2024-02-09,,513.16,2024,2,22,3,17,1,6,3186.17,531.0283333333333,510.35,539.54,11.828442698287322,6,1,0,0,0,0,0.0,110.0200000000001,1.0348201990282433,1.0514069685867955,1,0.16666666666666666
C-33006,Active,Weybridge,45-59,Other,No fixed abode,4,2021-05-16,,1040.25,2021,5,55,6,4,1,6,5963.28,993.88,835.95,1092.62,86.2786175132634,6,1,0,0,0,0,0.0,52.36999999999989,0.9554241768805575,1.0503436673876472,2,0.3333333333333333
C-33007,Active,Weybridge,45-59,English,Private tenancy,2,2024-01-08,,767.14,2024,1,23,1,8,1,6,4302.81,717.1350000000001,553.46,806.06,95.4090586370078,6,1,0,0,0,0,0.0,69.33999999999992,0.9348163307870793,1.0507338947258649,1,0.16666666666666666
C-33008,Active,Weybridge,45-59,English,No fixed abode,1,2021-06-17,,438.11,2021,6,54,2,10,1,6,2582.52,430.42,414.49,459.95,18.68654275140267,6,1,0,0,0,0,0.0,30.66999999999996,0.9824473305790784,1.0498504941681313,3,0.5
C-33009,Active,Northgate,30-44,English,Social tenancy,2,2023-03-02,,524.51,2023,3,33,2,22,0,6,3144.0,524.0,505.85,545.36,16.527544282197507,6,1,0,0,0,0,0.0,39.460000000000036,0.999027663914892,1.0397513870088273,0,0.0
C-33010,Active,Calder Central,45-59,English,Resident with family,1,2024-10-08,,445.41,2024,10,14,1,1,0,6,2584.6,430.76666666666665,369.31,470.74,43.41974190004663,6,1,0,0,0,0,0.0,53.14999999999992,0.9671239232766813,1.0568689522013426,0,0.0
C-33011,Active,Calder Central,30-44,English,Owner-occupier,1,2023-06-25,,488.98,2023,6,30,1,13,0,6,2926.62,487.77,462.34,516.45,23.083325583632906,6,1,0,0,0,0,0.0,55.30000000000001,0.9975254611640558,1.056178166796188,0,0.0
C-33012,Active,Weybridge,30-44,English,Private tenancy,2,2024-01-10,,786.59,2024,1,23,2,2,1,6,4512.66,752.11,607.08,816.76,73.54902637017024,6,1,0,0,0,0,0.0,30.16999999999996,0.9561652194917301,1.038355432944736,0,0.0
C-33013,Active,Calder Central,60-74,English,Resident with family,3,2022-11-01,,1209.85,2022,11,37,1,17,1,6,6972.39,1162.065,931.84,1257.49,120.38241877450378,6,1,0,0,0,0,0.0,91.72000000000025,0.9605033681861389,1.039376782245733,1,0.16666666666666666
C-33014,Active,Northgate,60-74,English,Private tenancy,4,2021-08-21,,1040.83,2021,8,52,1,9,0,6,6292.21,1048.7016666666666,989.91,1096.89,35.70727792294825,6,1,0,0,0,0,0.0,101.13000000000056,1.0075628745007992,1.0538608610435904,0,0.0
C-33015,Suspended,Weybridge,45-59,English,Private tenancy,3,2023-03-07,,975.21,2023,3,33,0,2,1,6,5523.4400000000005,920.5733333333334,710.45,1027.92,110.17260234135648,6,1,0,0,0,0,0.0,52.710000000000036,0.9439744602017344,1.0540498969452734,1,0.16666666666666666
C-33016,Active,Calder Central,30-44,English,Resident with family,1,2025-05-10,,647.15,2025,5,7,0,17,1,6,3838.01,639.6683333333334,614.26,681.17,25.69175075129499,6,1,0,0,0,0,0.0,43.34000000000003,0.988439053284916,1.0525689561925364,2,0.3333333333333333
C-33017,Closed,Calder Central,60-74,English,Owner-occupier,5,2024-08-21,2025-07,849.65,2024,8,16,1,13,0,1,893.85,893.85,893.85,893.85,0.0,1,1,0,0,0,0,0.0,44.200000000000045,1.0520214205849467,1.0520214205849467,0,0.0
C-33018,Active,Calder Central,45-59,English,Owner-occupier,1,2022-07-16,,613.72,2022,7,41,2,11,0,6,3715.22,619.2033333333333,601.09,646.5,16.134231517697593,6,1,0,0,0,0,0.0,53.45999999999981,1.0089345847183298,1.0534119794042887,0,0.0
C-33019,Active,Ash Hill,75+,Other,No fixed abode,3,2023-01-23,,827.76,2023,1,35,2,17,2,6,4690.55,781.7583333333333,565.07,842.39,107.26529381242874,6,1,0,0,0,0,0.0,28.33000000000004,0.9444263232498953,1.0176742050835992,3,0.5
C-33020,Active,Calder Central,30-44,Spanish,Social tenancy,3,2025-06-08,,1050.13,2025,6,6,3,2,1,6,6300.0199999999995,1050.0033333333333,1028.11,1088.55,22.61698447332598,6,1,0,0,0,0,0.0,51.31999999999971,0.999879380013268,1.0365859465018614,1,0.16666666666666666
C-33021,Active,Calder Central,30-44,English,No fixed abode,5,2024-03-12,,903.14,2024,3,21,3,10,0,6,5422.87,903.8116666666666,860.51,927.58,25.109895592508288,6,1,0,0,0,0,0.0,57.59000000000003,1.0007437016040335,1.0270611422370841,0,0.0
C-33022,Active,Calder Central,45-59,English,No fixed abode,2,2021-06-11,,665.31,2021,6,54,1,10,0,6,3805.34,634.2233333333334,458.49,694.85,89.59021479306023,6,1,0,0,0,0,0.0,71.80000000000018,0.9532749144509077,1.044400354721859,0,0.0
C-33023,Active,Calder Central,60-74,English,Private tenancy,1,2024-09-09,,595.12,2024,9,15,0,10,0,6,3595.02,599.17,567.4,628.43,23.360575335380748,6,1,0,0,0,0,0.0,69.54999999999995,1.006805350181476,1.0559719048259173,0,0.0
C-33024,Active,Northgate,75+,Spanish,Resident with family,1,2024-11-07,,448.21,2024,11,13,6,18,1,8,3473.48,434.185,311.8,470.29,53.13780817029299,6,2,2,1,0,0,0.0,76.19000000000011,0.9687088641485019,1.0492626224314496,1,0.125
C-33025,Suspended,Northgate,30-44,English,Social tenancy,4,2022-10-13,,912.6,2022,10,38,1,4,0,6,5364.89,894.1483333333334,857.85,959.25,37.68554652206419,6,1,0,0,0,0,0.0,46.64999999999998,0.9797812111914675,1.0511176857330704,0,0.0
C-33026,Active,Weybridge,60-74,English,Resident with family,4,2022-04-30,,811.61,2022,4,44,1,3,2,6,4682.92,780.4866666666667,623.94,842.69,78.97982037626237,6,1,0,0,0,0,0.0,33.18999999999994,0.9616523535524041,1.0382942546296867,1,0.16666666666666666
C-33027,Active,Ash Hill,60-74,English,Owner-occupier,4,2022-07-01,,1439.25,2022,7,41,1,18,0,6,8643.66,1440.61,1359.2,1524.23,61.630769912439035,6,1,0,0,0,0,0.0,158.53999999999996,1.0009449365989231,1.059044641306236,0,0.0
C-33028,Active,Calder Central,60-74,English,Private tenancy,1,2023-03-03,,531.7,2023,3,33,3,9,0,6,3149.5,524.9166666666666,448.04,556.08,39.78998550724374,6,1,0,0,0,0,0.0,55.07999999999993,0.9872421791737195,1.045852924581531,0,0.0
C-33029,Active,Calder Central,75+,English,Resident with family,2,2021-11-04,,772.06,2021,11,49,1,15,0,6,4467.25,744.5416666666666,635.58,795.62,56.69591746031335,6,1,0,0,0,0,0.0,24.530000000000086,0.9643572606619522,1.0305157630235993,0,0.0
C-33030,Active,Northgate,18-29,English,Owner-occupier,4,2023-11-01,,1103.42,2023,11,25,3,8,0,6,6628.4,1104.7333333333333,1057.72,1164.05,45.29106033939443,6,1,0,0,0,0,0.0,115.83999999999969,1.0011902388332032,1.054947345525729,0,0.0
C-33031,Suspended,Calder Central,60-74,English,Resident with family,1,2023-12-13,,612.03,2023,12,24,1,11,0,6,3582.94,597.1566666666666,466.73,639.47,65.07787570800589,6,1,0,0,0,0,0.0,65.36000000000013,0.9756983590129025,1.04483440354231,0,0.0
C-33032,Active,Weybridge,30-44,English,No fixed abode,1,2024-12-04,,516.52,2024,12,12,0,13,1,6,3009.81,501.635,389.18,545.41,58.75978480219271,6,1,0,0,0,0,0.0,68.99000000000001,0.9711821420274142,1.0559320065050724,3,0.5
C-33033,Active,Weybridge,60-74,English,No fixed abode,4,2021-03-20,,851.07,2021,3,57,3,6,0,6,4869.85,811.6416666666668,659.23,872.38,76.8243204764394,6,1,0,0,0,0,0.0,21.309999999999945,0.9536720442110127,1.0250390684667536,0,0.0
C-33034,Active,Calder Central,30-44,English,Resident with family,1,2022-03-04,,394.41,2022,3,45,2,8,0,6,2249.34,374.89000000000004,317.66,406.55,38.771532340107505,6,1,0,0,0,0,0.0,27.72999999999996,0.9505083542506528,1.030780152633047,0,0.0
C-33035,Active,Calder Central,18-29,English,Resident with family,3,2021-08-02,,681.1,2021,8,52,0,23,1,6,4007.85,667.975,540.83,721.82,64.95007582751539,6,1,0,0,0,0,0.0,77.55999999999995,0.9807297019527234,1.059785640875055,2,0.3333333333333333
C-33036,Active,Calder Central,45-59,English,Resident with family,1,2024-10-16,,730.61,2024,10,14,2,18,1,6,4288.58,714.7633333333333,631.4,767.89,48.56937704631042,6,1,0,0,0,0,0.0,58.3599999999999,0.9783103616612602,1.051025855107376,1,0.16666666666666666
C-33037,Active,Northgate,75+,English,Social tenancy,5,2024-04-09,,814.65,2024,4,20,0,5,0,6,4460.09,743.3483333333334,587.43,833.23,93.05428424670556,6,1,0,0,0,0,0.0,18.58000000000004,0.9124757053131202,1.0228073405757074,0,0.0
C-33038,Active,Ash Hill,18-29,English,Owner-occupier,1,2021-08-31,,421.26,2021,8,52,0,17,1,6,2359.91,393.3183333333333,290.7,422.84,50.7073933136645,6,1,0,0,0,0,0.0,1.579999999999984,0.9336712085964329,1.0037506528034943,0,0.0
C-33039,Active,Ash Hill,60-74,English,Social tenancy,3,2023-02-10,,865.32,2023,2,34,2,0,0,6,5265.97,877.6616666666667,854.72,906.07,18.587829799808993,6,1,0,0,0,0,0.0,85.55999999999995,1.0142625464182806,1.0470924051218047,0,0.0
C-33040,Active,Calder Central,30-44,Spanish,Resident with family,3,2024-03-12,,1028.11,2024,3,21,7,2,2,6,6015.54,1002.59,968.71,1041.5,26.152424744180024,6,1,0,0,0,0,0.0,13.3900000000001,0.9751777533532405,1.0130238982210076,2,0.3333333333333333
C-33041,Active,Northgate,60-74,English,Owner-occupier,5,2024-10-22,,1253.21,2024,10,14,4,9,1,6,7634.75,1272.4583333333333,1212.85,1317.62,40.31933899094411,6,1,0,0,0,0,0.0,159.53999999999974,1.015359224178975,1.051396015033394,2,0.3333333333333333
C-33042,Closed,Northgate,45-59,English,Owner-occupier,2,2024-02-04,2025-09,889.63,2024,2,22,1,6,0,3,2715.9,905.3000000000001,876.5,942.18,33.577230380125144,3,1,0,0,0,0,0.0,60.139999999999986,1.0176140642739115,1.0590695008037048,0,0.0
C-33043,Active,Northgate,30-44,English,Owner-occupier,4,2022-04-16,,893.43,2022,4,44,3,23,1,6,5133.39,855.565,666.84,921.36,94.18570947866773,6,1,0,0,0,0,0.0,31.72000000000014,0.9576183920396675,1.0312615425942715,1,0.16666666666666666
C-33044,Active,Calder Central,18-29,Spanish,Private tenancy,3,2021-03-19,,756.86,2021,3,57,5,23,1,6,4338.74,723.1233333333333,617.08,777.64,55.56990864367752,6,1,0,0,0,0,0.0,20.779999999999973,0.955425485999172,1.0274555399941865,3,0.5
C-33045,Active,Northgate,30-44,English,No fixed abode,3,2023-01-03,,1095.5,2023,1,35,0,11,0,6,6398.860000000001,1066.4766666666667,910.84,1141.9,85.14179388917447,6,1,0,0,0,0,0.0,85.41000000000008,0.9735067701201886,1.0423550890004565,0,0.0
C-33046,Active,Northgate,45-59,English,Owner-occupier,2,2025-05-26,,610.35,2025,5,7,3,17,1,6,3535.54,589.2566666666667,481.24,638.72,56.767141434695006,6,1,0,0,0,0,0.0,47.799999999999955,0.9654405941945878,1.046481526992709,0,0.0
C-33047,Active,Northgate,30-44,Other,Social tenancy,2,2021-12-14,,784.22,2021,12,48,4,20,1,6,4617.91,769.6516666666666,738.71,815.55,27.95214941049551,6,1,0,0,0,0,0.0,32.899999999999864,0.9814231550670306,1.0399505240876283,3,0.5
C-33048,Active,Weybridge,30-44,Spanish,Social tenancy,1,2021-12-08,,430.69,2021,12,48,2,1,3,6,2593.75,432.2916666666667,408.25,449.0,16.823639816242707,6,1,0,0,0,0,0.0,46.28000000000003,1.0037188387626057,1.0425131765306834,1,0.16666666666666666
C-33049,Active,Calder Central,30-44,English,Resident with family,2,2021-02-06,,507.52,2021,2,58,3,6,0,6,2833.19,472.1983333333333,364.61,531.92,76.07761284810839,6,1,0,0,0,0,0.0,53.840000000000146,0.9304033995376209,1.0480769230769231,0,0.0
C-33050,Active,Ash Hill,30-44,Other,No fixed abode,1,2025-02-19,,725.73,2025,2,10,3,19,2,6,4176.860000000001,696.1433333333334,549.71,753.46,76.92784818689952,6,1,0,0,0,0,0.0,65.15999999999997,0.959231853903426,1.0382098025436457,1,0.16666666666666666
C-33051,Active,Weybridge,30-44,English,Resident with family,3,2021-01-19,,611.42,2021,1,59,1,21,1,6,3372.47,562.0783333333333,457.03,636.92,69.98846316834417,6,1,0,0,0,0,0.0,27.06000000000006,0.9192998811509819,1.0417061921428805,1,0.16666666666666666
C-33052,Suspended,Weybridge,75+,English,Owner-occupier,2,2025-03-17,,820.09,2025,3,9,4,7,1,6,4904.6,817.4333333333334,774.87,860.14,28.428732413997412,6,1,0,0,0,0,0.0,51.36999999999989,0.9967605181545114,1.0488361033545097,0,0.0
C-33053,Active,Calder Central,18-29,English,Social tenancy,2,2025-05-04,,553.28,2025,5,7,2,6,1,6,3423.9500000000003,570.6583333333334,547.47,584.99,14.97018158429171,6,1,0,0,0,0,0.0,110.08000000000027,1.0314096539425488,1.0573127530364372,3,0.5
C-33054,Active,Northgate,18-29,English,Social tenancy,1,2021-04-24,,628.92,2021,4,56,2,16,0,6,3728.32,621.3866666666667,593.95,665.75,27.17262936608579,6,1,0,0,0,0,0.0,47.86000000000013,0.9880217939748565,1.0585607072441647,0,0.0
C-33055,Active,Ash Hill,60-74,English,Resident with family,3,2022-12-04,,852.43,2022,12,36,2,9,1,6,4730.38,788.3966666666666,711.16,847.55,52.620421764431576,6,1,0,0,0,0,0.0,0.0,0.924881417437991,0.9942751897516512,2,0.3333333333333333
C-33056,Active,Northgate,18-29,Other,No fixed abode,6,2021-03-07,,1739.52,2021,3,57,5,0,0,6,10461.17,1743.5283333333334,1666.49,1817.06,64.77740205246477,6,1,0,0,0,0,0.0,165.35000000000014,1.0023042755089526,1.044575515084621,0,0.0
C-33057,Active,Weybridge,60-74,English,Social tenancy,2,2021-09-26,,713.22,2021,9,51,7,20,0,6,4228.719999999999,704.7866666666665,643.65,754.91,41.67585999912499,6,1,0,0,0,0,0.0,75.43999999999983,0.9881756914649991,1.0584532121925914,0,0.0
C-33058,Closed,Northgate,60-74,English,Resident with family,1,2022-10-23,2025-08,527.64,2022,10,38,4,18,1,6,2957.97,492.99499999999995,394.15,539.6,55.931666075667714,6,1,0,0,4,1,1913.63,11.960000000000036,0.9343397013115003,1.0226669699037223,2,0.3333333333333333
C-33059,Active,Weybridge,45-59,English,Private tenancy,2,2024-11-20,,580.4,2024,11,13,3,20,1,6,3422.17,570.3616666666667,518.92,602.16,31.886974404396938,6,1,0,0,0,0,0.0,42.84000000000003,0.9827044566965312,1.0374913852515506,1,0.16666666666666666
C-33060,Active,Northgate,30-44,English,Private tenancy,4,2022-11-16,,1375.83,2022,11,37,3,22,1,6,8321.74,1386.9566666666667,1327.9,1422.89,31.7821652293651,6,1,0,0,0,0,0.0,114.69000000000051,1.0080872394603015,1.0342048072799692,2,0.3333333333333333
C-33061,Active,Ash Hill,75+,English,Private tenancy,2,2022-06-06,,579.14,2022,6,42,2,18,0,6,3463.7,577.2833333333333,552.62,609.77,26.13040731918784,6,1,0,0,0,0,0.0,61.039999999999964,0.9967940969943939,1.0528887661014608,0,0.0
C-33062,Active,Calder Central,18-29,English,No fixed abode,3,2025-03-06,,1022.66,2025,3,9,1,18,1,6,6039.5,1006.5833333333334,966.45,1060.12,37.47594303905725,6,1,0,0,0,0,0.0,45.87999999999988,0.9842795585368874,1.0366299649932529,0,0.0
C-33063,Active,Calder Central,30-44,Spanish,No fixed abode,1,2022-02-10,,760.82,2022,2,46,5,23,1,6,4425.8,737.6333333333333,557.27,801.87,91.7274895909981,6,1,0,0,0,0,0.0,88.49999999999989,0.9695241099515434,1.0539549433505953,1,0.16666666666666666
C-33064,Active,Northgate,45-59,Other,Social tenancy,4,2025-08-11,,868.73,2025,8,4,3,4,1,6,5292.8,882.1333333333333,829.47,912.53,40.05917905632448,6,1,0,0,0,0,0.0,156.29999999999995,1.0154286525541114,1.0504184268990364,2,0.3333333333333333
C-33065,Active,Weybridge,45-59,English,Social tenancy,3,2021-01-10,,822.46,2021,1,59,1,12,0,6,4862.78,810.4633333333333,634.14,866.43,87.11316035288047,6,1,0,0,0,0,0.0,116.33999999999969,0.9854136776661884,1.0534615665199523,0,0.0
C-33066,Active,Northgate,45-59,English,No fixed abode,1,2023-02-23,,549.13,2023,2,34,0,9,2,6,3188.48,531.4133333333333,428.26,571.14,53.19421234182026,6,1,0,0,0,0,0.0,40.879999999999995,0.9677368443416556,1.0400815835958699,1,0.16666666666666666
C-33067,Active,Weybridge,30-44,Spanish,Social tenancy,4,2023-11-06,,1170.27,2023,11,25,4,7,1,6,7174.25,1195.7083333333333,1163.03,1222.05,25.879942362120282,6,1,0,0,0,0,0.0,159.87000000000012,1.0217371489770166,1.0442461995949652,1,0.16666666666666666
C-33068,Active,Northgate,60-74,English,No fixed abode,5,2024-02-07,,1361.27,2024,2,22,5,18,1,6,8133.34,1355.5566666666666,1317.18,1408.59,39.09785450209086,6,1,0,0,0,0,0.0,87.25999999999999,0.9958029389222319,1.0347616563943964,0,0.0
C-33069,Active,Weybridge,45-59,Spanish,Social tenancy,1,2022-06-21,,660.1,2022,6,42,4,10,0,6,3827.37,637.895,476.34,697.71,82.0830819962311,6,1,0,0,0,0,0.0,74.57999999999993,0.9663611574003937,1.05697621572489,0,0.0
C-33070,Active,Northgate,18-29,English,Resident with family,1,2025-01-28,,533.0,2025,1,11,2,11,1,6,3141.41,523.5683333333333,511.37,537.9,10.93564706209315,6,1,0,0,0,0,0.0,4.899999999999977,0.9823045653533459,1.0091932457786117,2,0.3333333333333333
C-33071,Active,Northgate,30-44,English,Social tenancy,4,2024-01-06,,991.17,2024,1,23,1,10,1,6,5624.93,937.4883333333333,796.05,1023.96,106.29147029120763,6,1,0,0,0,0,0.0,57.93000000000018,0.945840101428951,1.0330821150761222,2,0.3333333333333333
C-33072,Active,Weybridge,45-59,English,Resident with family,1,2024-12-16,,659.38,2024,12,12,2,16,0,6,3952.51,658.7516666666667,633.9,688.26,20.118384047101443,6,1,0,0,0,0,0.0,43.32000000000005,0.9990470846350612,1.043798720009706,0,0.0
C-33073,Active,Calder Central,30-44,English,Resident with family,3,2024-02-21,,760.4,2024,2,22,4,5,0,6,4433.26,738.8766666666667,611.98,773.45,62.876537966610925,6,1,0,0,0,0,0.0,33.390000000000214,0.9716947220761004,1.0171620199894793,0,0.0
C-33074,Active,Northgate,30-44,Other,Private tenancy,2,2024-06-21,,897.7,2024,6,18,3,13,4,6,5380.62,896.77,864.34,951.27,32.45150659060382,6,1,0,0,0,0,0.0,74.91999999999985,0.9989640191600757,1.0596747242954216,0,0.0
C-33075,Active,Weybridge,45-59,Spanish,No fixed abode,4,2025-02-06,,995.85,2025,2,10,5,2,1,6,6031.71,1005.285,949.05,1044.47,37.179736282012534,6,1,0,0,0,0,0.0,122.30999999999983,1.009474318421449,1.048822613847467,0,0.0
C-33076,Active,Weybridge,45-59,English,Social tenancy,1,2023-08-18,,490.93,2023,8,28,0,6,2,6,2902.4700000000003,483.74500000000006,423.67,513.95,32.77582813599071,6,1,0,0,0,0,0.0,45.48000000000002,0.985364512252256,1.0468905954005663,2,0.3333333333333333
C-33077,Active,Weybridge,30-44,English,Resident with family,2,2024-08-13,,648.39,2024,8,16,1,22,4,6,3914.3999999999996,652.4,619.63,678.79,23.883009860568226,6,1,0,0,0,0,0.0,74.82999999999993,1.0061845494224155,1.0468853622048457,1,0.16666666666666666
C-33078,Active,Calder Central,45-59,English,Private tenancy,4,2024-06-12,,1037.18,2024,6,18,4,10,1,6,5805.7,967.6166666666667,769.85,1094.54,136.21550993431939,6,1,0,0,0,0,0.0,95.5799999999997,0.9329303174633782,1.0553038045469445,1,0.16666666666666666
C-33079,Active,Weybridge,18-29,English,Private tenancy,1,2021-08-21,,604.88,2021,8,52,2,18,3,6,3612.9,602.15,578.12,629.74,21.356649549964544,6,1,0,0,0,0,0.0,45.120000000000005,0.9954867081073931,1.041099060970771,2,0.3333333333333333
C-33080,Active,Calder Central,60-74,English,Social tenancy,1,2022-10-17,,490.38,2022,10,38,2,6,1,6,2935.18,489.19666666666666,465.8,511.24,19.533348577923526,6,1,0,0,0,0,0.0,42.26999999999998,0.9975869053930966,1.0425384395774706,2,0.3333333333333333
C-33081,Active,Northgate,45-59,English,Resident with family,3,2022-01-31,,687.27,2022,1,47,3,19,1,6,3842.0299999999997,640.3383333333333,485.73,717.41,79.37412132846993,6,1,0,0,0,0,0.0,30.139999999999986,0.9317129124410105,1.043854671380971,2,0.3333333333333333
C-33082,Active,Ash Hill,60-74,Spanish,Resident with family,1,2022-08-22,,635.16,2022,8,40,1,16,2,6,3654.54,609.09,457.71,655.87,75.72603885058297,6,1,0,0,0,0,0.0,48.31000000000006,0.9589552238805972,1.0326059575540023,4,0.6666666666666666
C-33083,Active,Northgate,18-29,English,Resident with family,1,2023-01-13,,705.55,2023,1,35,0,8,0,6,4073.2200000000003,678.87,596.46,743.24,59.7046758637881,6,1,0,0,0,0,0.0,59.62000000000012,0.9621855290199136,1.0534193182623486,0,0.0
C-33084,Suspended,Ash Hill,60-74,English,Private tenancy,2,2022-12-03,,620.6,2022,12,36,3,0,1,6,3715.2999999999997,619.2166666666666,596.0,641.55,16.937436248342483,6,1,0,0,0,0,0.0,37.51999999999987,0.997770974325921,1.0337576538833386,1,0.16666666666666666
C-33085,Active,Northgate,30-44,English,Owner-occupier,6,2022-07-04,,1331.19,2022,7,41,0,23,0,6,7907.47,1317.9116666666666,1129.03,1408.22,109.49087531235958,6,1,0,0,0,0,0.0,211.30999999999995,0.9900252155339708,1.0578655188215056,0,0.0
C-33086,Active,Calder Central,30-44,English,Owner-occupier,1,2022-01-23,,663.97,2022,1,47,2,22,1,6,3781.8599999999997,630.31,484.7,680.53,72.78545211785112,6,1,0,0,0,0,0.0,20.059999999999945,0.949304938476136,1.0249408858833982,2,0.3333333333333333
C-33087,Active,Northgate,60-74,English,Private tenancy,1,2022-07-12,,550.05,2022,7,41,0,8,0,6,3254.7799999999997,542.4633333333333,519.95,577.86,21.455404602725764,6,1,0,0,0,0,0.0,34.530000000000086,0.9862073144865618,1.0505590400872649,0,0.0
C-33088,Active,Calder Central,60-74,English,No fixed abode,1,2022-03-21,,537.01,2022,3,45,0,3,0,6,3260.62,543.4366666666666,506.43,559.49,22.001301476655108,6,1,0,0,0,0,0.0,79.40999999999997,1.0119674990534007,1.0418614178506918,0,0.0
C-33089,Active,Ash Hill,30-44,English,No fixed abode,5,2024-05-12,,1460.03,2024,5,19,3,23,2,6,8274.49,1379.0816666666667,999.46,1546.66,192.63780661299762,6,1,0,0,0,0,0.0,86.63000000000011,0.9445570753112379,1.059334397238413,1,0.16666666666666666
C-33090,Active,Calder Central,45-59,English,Owner-occupier,2,2024-12-12,,921.97,2024,12,12,0,0,1,6,5362.18,893.6966666666667,749.39,948.03,74.1566023133926,6,1,0,0,0,0,0.0,47.19999999999993,0.9693337816487159,1.0282655617861751,2,0.3333333333333333
C-33091,Active,Calder Central,45-59,Spanish,Private tenancy,1,2025-03-07,,505.96,2025,3,9,4,18,0,6,2888.72,481.4533333333333,451.08,515.15,20.351893933161765,6,1,0,0,0,0,0.0,9.189999999999998,0.9515640235064695,1.0181634911850739,0,0.0
C-33092,Active,Ash Hill,75+,English,Private tenancy,3,2024-11-10,,738.03,2024,11,13,0,4,0,6,4225.85,704.3083333333334,504.43,763.25,100.72910550911624,6,1,0,0,0,0,0.0,70.56000000000006,0.954308542109851,1.034172052626587,0,0.0
C-33093,Active,Northgate,18-29,English,Private tenancy,5,2021-12-22,,1330.84,2021,12,48,0,22,1,6,8137.299999999999,1356.2166666666665,1309.27,1396.85,36.93340746081612,6,1,0,0,0,0,0.0,190.06000000000017,1.0190681574544398,1.0496002524721229,1,0.16666666666666666
C-33094,Active,Calder Central,45-59,English,Social tenancy,1,2024-08-10,,626.0,2024,8,16,1,4,1,6,3578.07,596.345,482.35,632.04,57.18814308928033,6,1,0,0,0,0,0.0,9.879999999999995,0.9526277955271566,1.0096485623003195,0,0.0
C-33095,Closed,Weybridge,45-59,Other,Owner-occupier,1,2022-09-23,2025-07,439.89,2022,9,39,2,5,0,1,446.04,446.04,446.04,446.04,0.0,1,1,0,0,0,0,0.0,6.150000000000034,1.0139807679192525,1.0139807679192525,0,0.0
C-33096,Active,Weybridge,60-74,English,Private tenancy,2,2024-05-17,,1019.44,2024,5,19,1,3,1,6,5944.41,990.735,870.74,1051.17,64.32783619864735,6,1,0,0,0,0,0.0,36.069999999999936,0.9718423840539904,1.0311249313348505,1,0.16666666666666666
C-33097,Active,Northgate,30-44,Other,Private tenancy,4,2021-07-07,,914.49,2021,7,53,5,22,2,6,5469.46,911.5766666666667,870.82,948.83,33.76847089618757,6,1,0,0,0,0,0.0,78.38999999999999,0.9968142534819043,1.0375509847018558,1,0.16666666666666666
C-33098,Suspended,Calder Central,45-59,Other,No fixed abode,1,2025-02-20,,641.17,2025,2,10,5,19,1,6,3834.54,639.09,616.17,677.81,24.130733101172066,6,1,0,0,0,0,0.0,52.360000000000014,0.9967559305644369,1.057145530826458,2,0.3333333333333333
C-33099,Closed,Ash Hill,45-59,English,Resident with family,1,2024-01-08,2025-07,424.99,2024,1,23,3,0,0,1,449.52,449.52,449.52,449.52,0.0,1,1,0,0,0,0,0.0,24.529999999999973,1.0577190051530623,1.0577190051530623,0,0.0
C-33100,Active,Weybridge,45-59,English,Social tenancy,2,2024-04-10,,952.22,2024,4,20,3,22,1,6,5682.6,947.1,897.71,997.19,31.89089274385397,6,1,0,0,0,0,0.0,47.379999999999995,0.99462309130243,1.0472264812753356,3,0.5
C-33101,Active,Ash Hill,45-59,English,Private tenancy,5,2024-12-28,,884.04,2024,12,12,0,2,0,6,5337.54,889.59,841.64,936.65,35.38975218901651,6,1,0,0,0,0,0.0,102.21000000000015,1.006277996470748,1.0595108818605494,0,0.0
C-33102,Active,Weybridge,60-74,English,Resident with family,5,2023-09-01,,1075.56,2023,9,27,2,8,2,6,6468.9800000000005,1078.1633333333334,1039.42,1127.65,37.460597254537575,6,1,0,0,0,0,0.0,95.74000000000024,1.0024204445436178,1.0484305849975828,1,0.16666666666666666
C-33103,Closed,Calder Central,45-59,English,Owner-occupier,1,2022-01-28,2025-12,710.6,2022,1,47,1,15,1,6,4259.04,709.84,683.33,730.24,19.984614081838032,6,1,0,0,0,0,0.0,46.239999999999895,0.9989304812834225,1.0276386152547143,1,0.16666666666666666
C-33104,Active,Weybridge,45-59,Spanish,Private tenancy,2,2023-05-23,,629.54,2023,5,31,3,0,2,6,3541.61,590.2683333333333,456.12,660.98,74.87787668374865,6,1,0,0,0,0,0.0,51.37000000000012,0.937618472747297,1.049941226927598,4,0.6666666666666666
C-33105,Active,Calder Central,60-74,English,Owner-occupier,2,2021-10-11,,531.74,2021,10,50,2,2,0,6,3095.79,515.965,448.52,554.09,38.75028503120979,6,1,0,0,0,0,0.0,39.52999999999997,0.9703332455711439,1.0420318200624366,0,0.0
C-33106,Active,Weybridge,18-29,English,Social tenancy,2,2025-06-30,,706.43,2025,6,6,2,0,3,6,4277.16,712.86,675.02,741.14,21.829369207560717,6,1,0,0,0,0,0.0,69.99000000000024,1.0091021049502429,1.049134379910253,0,0.0
C-33107,Active,Calder Central,45-59,English,No fixed abode,1,2023-06-19,,613.8,2023,6,30,3,7,1,6,3496.32,582.72,489.26,617.62,48.032758405071846,6,1,0,0,0,0,0.0,3.82000000000005,0.9493646138807431,1.0062235255783645,0,0.0
C-33108,Suspended,Northgate,18-29,English,Private tenancy,2,2022-12-21,,730.89,2022,12,36,1,12,1,6,4175.58,695.93,571.7,765.99,69.00068811251086,6,1,0,0,0,0,0.0,58.530000000000086,0.9521679048830878,1.0480236424085705,2,0.3333333333333333
C-33109,Active,Calder Central,75+,Spanish,No fixed abode,2,2024-02-18,,788.68,2024,2,22,5,22,1,6,4638.57,773.0949999999999,617.15,834.05,81.65557268184457,6,1,0,0,0,0,0.0,112.05000000000018,0.9802391337424559,1.0575264999746412,3,0.5
C-33110,Active,Northgate,18-29,Other,No fixed abode,1,2024-02-03,,569.74,2024,2,22,4,0,3,6,3446.3,574.3833333333333,544.19,593.85,21.11547836698629,6,1,0,0,0,0,0.0,70.68999999999994,1.0081499163361065,1.0423175483553901,0,0.0
C-33111,Active,Ash Hill,60-74,English,Resident with family,3,2023-10-27,,1116.79,2023,10,26,1,23,1,6,6806.889999999999,1134.4816666666666,1074.12,1169.0,40.6241235802901,6,1,0,0,0,0,0.0,174.00000000000023,1.015841533920134,1.0467500604410855,2,0.3333333333333333
C-33112,Active,Calder Central,30-44,English,Private tenancy,4,2024-11-03,,742.96,2024,11,13,1,8,0,6,4403.66,733.9433333333333,684.03,775.62,36.89743983891927,6,1,0,0,0,0,0.0,61.17999999999995,0.9878638598758119,1.0439592979433616,0,0.0
C-33113,Active,Northgate,45-59,English,Private tenancy,1,2022-11-23,,573.52,2022,11,37,2,18,0,6,3462.5099999999998,577.0849999999999,553.15,597.67,15.3395368248197,6,1,0,0,0,0,0.0,45.879999999999995,1.006215999442042,1.0421083833170595,0,0.0
C-33114,Active,Calder Central,75+,English,Owner-occupier,1,2021-03-30,,633.58,2021,3,57,1,8,1,6,3664.34,610.7233333333334,524.37,649.1,47.20505297811525,6,1,0,0,0,0,0.0,34.18999999999994,0.9639245767437945,1.02449572271852,1,0.16666666666666666
C-33115,Active,Weybridge,30-44,English,No fixed abode,1,2022-08-14,,575.2,2022,8,40,2,20,1,6,3057.13,509.5216666666667,412.99,586.23,80.13696286150773,6,1,0,0,0,0,0.0,16.37999999999988,0.8858165275846082,1.0191759388038943,4,0.6666666666666666
C-33116,Closed,Northgate,60-74,Other,Private tenancy,2,2022-02-21,2025-08,859.62,2022,2,46,8,21,2,6,5229.13,871.5216666666666,855.36,896.62,15.216803102710722,6,1,0,0,4,1,3493.0699999999997,75.66999999999996,1.0138452649620375,1.0430422744933807,2,0.3333333333333333
C-33117,Closed,Ash Hill,18-29,Other,Owner-occupier,1,2022-01-26,2025-08,503.43,2022,1,47,7,12,3,2,1006.86,503.43,503.43,503.43,0.0,2,1,0,0,0,0,0.0,0.0,1.0,1.0,1,0.5
C-33118,Active,Ash Hill,60-74,Other,Social tenancy,2,2025-01-22,,850.27,2025,1,11,3,7,0,6,5135.81,855.9683333333334,801.88,893.86,35.283120846470894,6,1,0,0,0,0,0.0,108.09000000000015,1.0067017927638673,1.0512660684253237,0,0.0
C-33119,Active,Weybridge,30-44,English,Social tenancy,1,2022-04-10,,384.07,2022,4,44,1,19,1,6,2205.38,367.56333333333333,285.12,402.89,43.452991918470545,6,1,0,0,0,0,0.0,36.94999999999999,0.9570217234705479,1.0490014841044601,1,0.16666666666666666
C-33120,Active,Northgate,30-44,Spanish,No fixed abode,2,2022-05-17,,640.63,2022,5,43,4,18,0,6,3871.62,645.27,610.99,679.03,27.55930768361208,6,1,0,0,0,0,0.0,85.35000000000002,1.0072428702995488,1.0599409955824735,0,0.0
C-33121,Active,Ash Hill,45-59,English,Resident with family,3,2021-11-07,,1134.86,2021,11,49,0,23,0,6,6425.2699999999995,1070.8783333333333,925.47,1156.54,76.7874904959569,6,1,0,0,0,0,0.0,21.680000000000064,0.9436215333462572,1.019103677986712,0,0.0
C-33122,Suspended,Weybridge,30-44,English,No fixed abode,2,2022-02-14,,974.06,2022,2,46,3,6,1,8,7940.5599999999995,992.5699999999999,950.19,1022.78,27.422422525058874,6,2,2,1,0,0,0.0,179.37000000000012,1.0190029361640967,1.0500174527236517,1,0.125
C-33123,Active,Calder Central,75+,English,Social tenancy,1,2023-05-12,,523.44,2023,5,31,0,13,1,6,3108.2799999999997,518.0466666666666,493.31,551.35,20.181669570842416,6,1,0,0,0,0,0.0,31.059999999999945,0.9896963676193385,1.0533203423506037,1,0.16666666666666666
C-33124,Active,Calder Central,18-29,English,Resident with family,1,2024-12-30,,620.29,2024,12,12,2,17,2,6,3831.27,638.545,600.75,652.49,19.01876731021227,6,1,0,0,0,0,0.0,129.07000000000016,1.0294297828435088,1.0519112028244855,4,0.6666666666666666
C-33125,Active,Weybridge,30-44,English,Private tenancy,1,2024-11-20,,694.1,2024,11,13,3,3,0,6,4194.59,699.0983333333334,654.78,724.04,25.48578303028311,6,1,0,0,0,0,0.0,71.16999999999985,1.0072011717812035,1.0431349949574988,0,0.0
C-33126,Active,Calder Central,75+,English,Private tenancy,1,2023-09-16,,500.45,2023,9,27,1,18,0,6,3051.1,508.51666666666665,485.2,530.1,15.16951636231912,6,1,0,0,0,0,0.0,63.65000000000009,1.0161188263895828,1.0592466779898093,0,0.0
C-33127,Active,Weybridge,30-44,Spanish,Social tenancy,5,2023-05-25,,1092.33,2023,5,31,4,6,1,6,6609.110000000001,1101.5183333333334,1058.96,1150.67,37.33141916223737,6,1,0,0,0,0,0.0,118.9500000000005,1.0084116826722085,1.0534087684124762,1,0.16666666666666666
C-33128,Active,Calder Central,45-59,English,Owner-occupier,1,2021-12-12,,390.39,2021,12,48,4,22,0,6,2332.27,388.71166666666664,368.63,408.82,16.83102779590916,6,1,0,0,0,0,0.0,37.440000000000055,0.995700880316265,1.0472092010553549,0,0.0
C-33129,Active,Calder Central,18-29,English,No fixed abode,3,2022-07-05,,910.22,2022,7,41,0,5,1,6,5522.36,920.3933333333333,881.38,944.28,27.926972386326934,6,1,0,0,0,0,0.0,111.24999999999989,1.011176785099573,1.037419524950012,1,0.16666666666666666
C-33130,Closed,Calder Central,30-44,Spanish,Resident with family,1,2025-05-17,2025-08,657.15,2025,5,7,4,3,3,2,1349.0,674.5,666.12,682.88,11.85110965268653,2,1,0,0,0,0,0.0,34.700000000000045,1.0264018869360116,1.0391539222399757,0,0.0
C-33131,Active,Calder Central,60-74,English,Private tenancy,1,2024-09-19,,426.33,2024,9,15,0,20,1,6,2594.67,432.445,422.34,448.15,9.285859680180392,6,1,0,0,0,0,0.0,42.27000000000004,1.014343349048859,1.0511810100157155,1,0.16666666666666666
C-33132,Active,Ash Hill,30-44,English,Resident with family,1,2022-01-28,,389.71,2022,1,47,3,7,1,6,2182.05,363.675,273.27,397.51,46.44031858202526,6,1,0,0,0,0,0.0,11.600000000000023,0.9331939134228016,1.0200148828616151,4,0.6666666666666666
C-33133,Active,Weybridge,60-74,Spanish,Social tenancy,1,2023-01-19,,613.86,2023,1,35,3,9,2,6,3546.8399999999997,591.14,503.33,632.9,47.5922951747444,6,1,0,0,0,0,0.0,32.909999999999854,0.9629883035219756,1.0310168442315837,1,0.16666666666666666
C-33134,Suspended,Northgate,18-29,Other,Resident with family,1,2024-03-30,,731.47,2024,3,21,6,1,5,6,4362.87,727.145,696.72,774.97,31.046369675052183,6,1,0,0,0,0,0.0,67.0,0.994087248964414,1.0594692878723666,2,0.3333333333333333
C-33135,Active,Calder Central,45-59,English,Resident with family,1,2021-04-25,,517.78,2021,4,56,2,7,0,6,2923.44,487.24,345.95,548.47,73.73210399819065,6,1,0,0,0,0,0.0,47.010000000000105,0.9410174205260923,1.059272277801383,0,0.0
C-33136,Active,Ash Hill,60-74,English,No fixed abode,1,2024-07-13,,525.75,2024,7,17,3,20,0,6,3146.51,524.4183333333334,499.21,546.2,21.65688197009594,6,1,0,0,0,0,0.0,54.56000000000006,0.9974671104770962,1.038896814075131,0,0.0
C-33137,Active,Weybridge,45-59,English,Private tenancy,2,2021-04-28,,999.76,2021,4,56,1,21,1,6,5916.0,986.0,963.98,1015.13,20.871354531989542,6,1,0,0,0,0,0.0,16.08000000000004,0.9862366968072337,1.0153736896855245,1,0.16666666666666666
C-33138,Active,Ash Hill,75+,English,No fixed abode,2,2024-11-13,,743.69,2024,11,13,3,5,1,6,4288.79,714.7983333333333,580.96,783.52,73.11385899175797,6,1,0,0,0,0,0.0,71.49999999999989,0.961150927581833,1.0535572617622933,0,0.0
C-33139,Active,Calder Central,45-59,Spanish,Social tenancy,1,2023-08-12,,713.82,2023,8,28,5,7,0,6,4279.45,713.2416666666667,680.04,748.85,26.59342205634066,6,1,0,0,0,0,0.0,61.489999999999895,0.9991898050862495,1.049073996245552,0,0.0
C-33140,Active,Northgate,30-44,English,Owner-occupier,1,2023-06-19,,749.32,2023,6,30,4,7,2,6,4447.84,741.3066666666667,705.35,775.57,27.395002950659954,6,1,0,0,0,0,0.0,48.95999999999992,0.9893058595348672,1.0350317621309988,1,0.16666666666666666
C-33141,Active,Northgate,75+,English,Resident with family,5,2022-05-12,,1236.23,2022,5,43,3,12,0,6,7387.28,1231.2133333333334,1188.78,1295.11,39.48651904975501,6,1,0,0,0,0,0.0,77.95999999999981,0.9959419633347624,1.0476286775114663,0,0.0
C-33142,Active,Northgate,45-59,English,Resident with family,2,2021-03-09,,855.23,2021,3,57,0,20,0,6,5187.5,864.5833333333334,821.88,901.15,32.97993430355292,6,1,0,0,0,0,0.0,113.80999999999995,1.0109366291329038,1.053693158565532,0,0.0
C-33143,Active,Calder Central,30-44,English,No fixed abode,2,2023-07-25,,628.35,2023,7,29,1,14,1,6,3666.63,611.105,560.98,638.76,30.11760133211141,6,1,0,0,0,0,0.0,19.699999999999932,0.9725551046391342,1.0165671998090235,2,0.3333333333333333
C-33144,Active,Calder Central,75+,English,No fixed abode,6,2024-10-13,,1685.27,2024,10,14,2,16,0,6,9578.41,1596.4016666666666,1252.61,1711.96,176.24158027170176,6,1,0,0,0,0,0.0,63.590000000000146,0.9472675990593,1.0158372248957142,0,0.0
C-33145,Active,Northgate,45-59,English,Social tenancy,2,2023-07-08,,1018.0,2023,7,29,1,23,2,6,6111.52,1018.5866666666667,960.67,1072.19,43.9569374122751,6,1,0,0,0,0,0.0,107.43000000000006,1.0005762933857236,1.0532318271119843,3,0.5
C-33146,Active,Northgate,30-44,Other,No fixed abode,3,2024-12-04,,614.64,2024,12,12,4,14,1,6,3701.91,616.985,594.64,647.57,20.369071407405894,6,1,0,0,0,0,0.0,52.31000000000006,1.003815241442145,1.0535760770532345,2,0.3333333333333333
C-33147,Active,Northgate,18-29,English,Private tenancy,2,2025-03-20,,741.33,2025,3,9,2,11,0,6,4503.71,750.6183333333333,713.88,784.99,26.964672011108643,6,1,0,0,0,0,0.0,101.92999999999972,1.012529282955409,1.0588941497039106,0,0.0
C-33148,Suspended,Ash Hill,60-74,English,No fixed abode,1,2023-12-12,,502.08,2023,12,24,1,20,0,6,2834.71,472.45166666666665,367.2,522.26,53.70654240096515,6,1,0,0,0,0,0.0,20.180000000000007,0.9409888198427874,1.0401927979604844,0,0.0
C-33149,Active,Northgate,45-59,English,No fixed abode,3,2023-03-18,,799.72,2023,3,33,4,6,1,6,4445.02,740.8366666666667,572.91,836.28,120.13443081259705,6,1,0,0,0,0,0.0,87.06999999999994,0.9263700628553327,1.04571600060021,1,0.16666666666666666
C-33150,Active,Calder Central,30-44,English,Resident with family,3,2022-04-12,,744.61,2022,4,44,0,7,2,6,4435.72,739.2866666666667,727.44,768.62,16.0837740181422,6,1,0,0,0,0,0.0,27.019999999999982,0.9928508436183595,1.0322450678878876,1,0.16666666666666666
C-33151,Suspended,Calder Central,60-74,Other,Social tenancy,2,2024-02-27,,550.43,2024,2,22,4,9,0,6,3200.26,533.3766666666667,413.82,577.46,61.807502672949575,6,1,0,0,0,0,0.0,64.68000000000018,0.9690181615585391,1.0491070617517215,0,0.0
C-33152,Closed,Calder Central,18-29,English,Private tenancy,1,2021-01-08,2025-09,628.9,2021,1,59,1,11,2,3,1748.12,582.7066666666666,468.25,647.28,99.3941418461537,3,1,0,0,0,0,0.0,22.07000000000005,0.9265490009010442,1.0292256320559707,3,1.0
C-33153,Active,Northgate,18-29,English,Social tenancy,3,2025-04-17,,785.79,2025,4,8,3,13,1,6,4722.68,787.1133333333333,751.99,814.65,22.42644926569218,6,1,0,0,0,0,0.0,55.48000000000013,1.001684080140156,1.0367273699079906,3,0.5
C-33154,Active,Northgate,45-59,English,Resident with family,2,2025-07-07,,902.66,2025,7,5,3,19,0,6,5651.33,941.8883333333333,911.6,951.69,15.211665808407263,6,1,0,0,0,0,0.0,235.37000000000023,1.043458592751793,1.05431724015687,0,0.0
C-33155,Active,Weybridge,45-59,Other,Private tenancy,4,2024-03-03,,801.98,2024,3,21,4,12,1,6,4611.88,768.6466666666666,558.91,842.66,105.2344887699212,6,1,0,0,0,0,0.0,69.92999999999995,0.9584362037291038,1.0507244569690017,1,0.16666666666666666
C-33156,Active,Weybridge,30-44,Spanish,Social tenancy,5,2025-05-23,,1464.76,2025,5,7,3,1,1,6,8725.81,1454.3016666666665,1382.89,1510.85,52.05239376500049,6,1,0,0,0,0,0.0,100.07999999999993,0.9928600362289157,1.0314659056773805,2,0.3333333333333333
C-33157,Active,Weybridge,30-44,English,Social tenancy,2,2022-05-10,,567.69,2022,5,43,3,17,1,6,3444.11,574.0183333333333,548.88,595.95,16.234341892009873,6,1,0,0,0,0,0.0,57.729999999999905,1.0111475159564784,1.0497806901654072,2,0.3333333333333333
C-33158,Active,Calder Central,18-29,Other,Owner-occupier,3,2021-02-17,,1142.64,2021,2,58,4,2,0,6,6869.15,1144.8583333333333,1077.85,1199.74,41.20424949767527,6,1,0,0,0,0,0.0,98.01999999999975,1.0019414105346682,1.049971994678989,0,0.0
C-33159,Closed,Calder Central,60-74,English,Private tenancy,2,2024-07-03,2025-08,1007.89,2024,7,17,2,13,2,2,1933.77,966.885,871.19,1062.58,135.33316685129324,2,1,0,0,0,0,0.0,54.68999999999994,0.9593159967853635,1.0542618738155949,0,0.0
C-33160,Closed,Calder Central,60-74,English,No fixed abode,4,2024-09-17,2025-09,1358.56,2024,9,15,2,4,2,6,8066.25,1344.375,1299.8,1365.42,27.595438572343827,6,1,0,0,3,1,4051.9400000000005,19.320000000000164,0.9895587975503474,1.0050494641384997,0,0.0
C-33161,Suspended,Weybridge,30-44,English,Private tenancy,1,2021-04-25,,734.65,2021,4,56,3,20,0,6,4333.37,722.2283333333334,701.88,760.8,25.565915916834772,6,1,0,0,0,0,0.0,39.99000000000001,0.9830917216815264,1.035595181378888,0,0.0
C-33162,Active,Calder Central,18-29,English,Private tenancy,2,2023-10-13,,655.32,2023,10,26,2,9,1,6,3928.93,654.8216666666666,616.88,690.73,27.07787540902476,6,1,0,0,0,0,0.0,65.17999999999984,0.9992395572646441,1.054034670084844,0,0.0
C-33163,Closed,Northgate,30-44,English,Owner-occupier,2,2025-06-17,2025-07,1020.45,2025,6,6,2,13,0,1,1028.18,1028.18,1028.18,1028.18,0.0,1,1,0,0,0,0,0.0,7.730000000000018,1.0075750894213338,1.0075750894213338,0,0.0
C-33164,Active,Weybridge,45-59,Other,No fixed abode,3,2025-03-20,,637.12,2025,3,9,6,5,1,6,3741.83,623.6383333333333,489.6,664.2,66.40363436338906,6,1,0,0,0,0,0.0,66.63,0.9788396743679894,1.0425037669512809,1,0.16666666666666666
C-33165,Active,Ash Hill,45-59,English,Resident with family,3,2024-04-13,,752.31,2024,4,20,3,22,0,6,4237.83,706.305,553.44,774.44,79.65636214389907,6,1,0,0,0,0,0.0,35.000000000000114,0.93884834709096,1.0294160651858943,0,0.0
C-33166,Active,Weybridge,30-44,English,Private tenancy,2,2025-07-21,,762.3,2025,7,5,1,16,2,6,4522.29,753.715,631.04,793.79,61.80865983015651,6,1,0,0,0,0,0.0,85.69000000000017,0.9887380296471205,1.0413091958546503,2,0.3333333333333333
C-33167,Active,Northgate,30-44,English,Owner-occupier,2,2025-01-31,,504.35,2025,1,11,2,19,1,6,3052.67,508.77833333333336,474.95,531.11,23.24941411448183,6,1,0,0,0,0,0.0,76.39999999999998,1.0087802782459272,1.0530583919896896,1,0.16666666666666666
C-33168,Active,Calder Central,60-74,Other,No fixed abode,4,2021-08-31,,1140.88,2021,8,52,4,9,2,6,6845.280000000001,1140.88,1140.88,1140.88,0.0,6,1,0,0,0,0,0.0,0.0,1.0,1.0,2,0.3333333333333333
C-33169,Active,Weybridge,45-59,English,No fixed abode,2,2024-02-18,,520.15,2024,2,22,2,4,0,6,3059.39,509.8983333333333,387.27,547.67,61.39970860408595,6,1,0,0,0,0,0.0,76.09000000000003,0.9802909417155309,1.05290781505335,0,0.0
C-33170,Closed,Calder Central,75+,English,Private tenancy,4,2025-03-27,2025-08,1148.0,2025,3,9,2,6,1,2,2307.8999999999996,1153.9499999999998,1130.84,1177.06,32.68247542644217,2,1,0,0,0,0,0.0,29.059999999999945,1.0051829268292682,1.025313588850174,0,0.0
C-33171,Active,Ash Hill,18-29,English,Resident with family,4,2022-01-14,,840.04,2022,1,47,3,14,0,6,5029.41,838.235,798.43,888.72,32.6197423349726,6,1,0,0,0,0,0.0,64.90000000000009,0.997851292795581,1.0579496214465978,0,0.0
C-33172,Active,Calder Central,75+,English,Private tenancy,5,2021-10-11,,920.74,2021,10,50,0,17,0,6,5397.25,899.5416666666666,792.47,961.81,61.1294529393701,6,1,0,0,0,0,0.0,71.28999999999996,0.976976851952415,1.0446054260703346,0,0.0
C-33173,Active,Northgate,45-59,English,Resident with family,2,2022-10-15,,729.75,2022,10,38,4,13,0,6,4448.07,741.3449999999999,700.93,772.9,26.596935725756108,6,1,0,0,0,0,0.0,98.85000000000002,1.0158890030832477,1.059129838985954,0,0.0
C-33174,Suspended,Weybridge,60-74,English,No fixed abode,2,2021-08-20,,927.06,2021,8,52,1,7,0,6,5472.41,912.0683333333333,882.89,946.24,23.286660058210714,6,1,0,0,0,0,0.0,19.180000000000064,0.9838288064778259,1.020689060039264,0,0.0
C-33175,Active,Calder Central,75+,English,Social tenancy,2,2025-04-20,,604.24,2025,4,8,1,4,0,6,3509.6499999999996,584.9416666666666,486.53,621.02,49.946996472927815,6,1,0,0,0,0,0.0,29.449999999999932,0.9680618076702414,1.0277704223487356,0,0.0
C-33176,Active,Calder Central,30-44,English,Private tenancy,6,2024-12-31,,1728.02,2024,12,12,1,23,0,6,10367.52,1727.92,1672.83,1808.23,51.89739569573802,6,1,0,0,0,0,0.0,127.34000000000015,0.9999421302994178,1.046417286836958,0,0.0
C-33177,Active,Northgate,30-44,English,Social tenancy,4,2024-10-14,,1030.32,2024,10,14,2,2,1,6,6147.49,1024.5816666666667,971.15,1089.31,50.51814462811026,6,1,0,0,0,0,0.0,108.67000000000007,0.9944305329088697,1.0572540569920026,2,0.3333333333333333
C-33178,Active,Calder Central,30-44,English,Owner-occupier,1,2022-01-06,,573.11,2022,1,47,3,9,1,6,3380.92,563.4866666666667,546.84,592.51,17.73089018257873,6,1,0,0,0,0,0.0,22.870000000000005,0.9832085754334537,1.0338503952120883,1,0.16666666666666666
C-33179,Active,Weybridge,18-29,Spanish,Private tenancy,3,2023-05-24,,772.27,2023,5,31,4,18,3,6,4639.05,773.1750000000001,745.0,813.57,29.788556695482928,6,1,0,0,0,0,0.0,74.78000000000009,1.00117186994186,1.05347870563404,1,0.16666666666666666
C-33180,Active,Ash Hill,30-44,English,Private tenancy,1,2022-10-25,,667.26,2022,10,38,3,17,0,6,4076.57,679.4283333333334,654.84,706.1,17.748844938943673,6,1,0,0,0,0,0.0,86.72000000000003,1.0182362697199492,1.058208194706711,0,0.0
C-33181,Active,Ash Hill,45-59,English,No fixed abode,2,2022-05-17,,768.87,2022,5,43,2,0,4,6,8456.59,1409.4316666666666,1342.1,1538.34,72.95790523765515,6,1,0,0,0,0,0.0,3843.37,1.8331209003689395,2.00078036599165,1,0.16666666666666666
C-33182,Active,Ash Hill,60-74,English,Resident with family,4,2022-04-08,,1347.8,2022,4,44,2,20,0,6,8251.43,1375.2383333333335,1327.25,1411.04,32.983556155555235,6,1,0,0,0,0,0.0,185.1800000000003,1.0203578671415146,1.0469209081466093,0,0.0
C-33183,Active,Ash Hill,30-44,Spanish,Owner-occupier,5,2022-05-22,,1630.35,2022,5,43,6,0,0,6,9867.3,1644.55,1559.84,1715.62,59.10202568440446,6,1,0,0,0,0,0.0,197.3000000000004,1.0087097862422179,1.0523016530192904,0,0.0
C-33184,Suspended,Weybridge,60-74,English,No fixed abode,2,2022-05-24,,697.07,2022,5,43,1,2,1,6,4127.28,687.88,570.38,729.9,61.149443497058904,6,1,0,0,0,0,0.0,91.67999999999984,0.9868162451403731,1.0470971351514193,2,0.3333333333333333
C-33185,Active,Calder Central,45-59,English,Social tenancy,4,2021-03-13,,1057.77,2021,3,57,0,3,0,6,6227.47,1037.9116666666666,939.52,1109.06,64.2844368153496,6,1,0,0,0,0,0.0,99.66000000000008,0.9812262275037736,1.0484888019134595,0,0.0
C-33186,Active,Northgate,18-29,English,Owner-occupier,3,2021-10-05,,1232.18,2021,10,50,0,15,0,6,7574.55,1262.425,1230.37,1291.21,23.77259157096679,6,1,0,0,0,0,0.0,183.27999999999975,1.024545926731484,1.0479069616452141,0,0.0
C-33187,Active,Calder Central,30-44,English,Private tenancy,2,2022-01-12,,986.17,2022,1,47,3,5,0,6,5542.29,923.715,669.21,991.12,126.71522887956284,6,1,0,0,0,0,0.0,8.780000000000086,0.9366691341249481,1.0050194185586665,0,0.0
C-33188,Active,Northgate,45-59,English,Owner-occupier,3,2022-03-21,,633.48,2022,3,45,1,1,0,6,3811.01,635.1683333333334,602.37,667.85,23.102904074307773,6,1,0,0,0,0,0.0,56.229999999999905,1.002665172275894,1.0542558565384859,0,0.0
C-33189,Suspended,Calder Central,60-74,Other,Private tenancy,4,2023-04-10,,1344.61,2023,4,32,2,19,0,6,7759.79,1293.2983333333334,1041.68,1397.82,128.68561790917684,6,1,0,0,0,0,0.0,82.16000000000008,0.9618389966855322,1.0395728129346056,0,0.0
C-33190,Active,Ash Hill,30-44,Spanish,Private tenancy,4,2024-01-17,,1424.86,2024,1,23,6,0,1,6,8771.49,1461.915,1402.81,1506.45,34.86475512605821,6,1,0,0,0,0,0.0,244.38000000000056,1.0260060637536321,1.0572617660682455,1,0.16666666666666666
C-33191,Suspended,Northgate,45-59,English,Private tenancy,3,2024-10-18,,905.97,2024,10,14,2,3,0,6,5277.38,879.5633333333334,668.54,954.26,106.70042824031525,6,1,0,0,0,0,0.0,107.63999999999987,0.9708526036550144,1.0533019857169663,0,0.0
C-33192,Active,Weybridge,30-44,English,Owner-occupier,1,2021-08-24,,426.75,2021,8,52,1,6,0,6,2471.94,411.99,328.81,445.96,43.21242645350987,6,1,0,0,0,0,0.0,37.039999999999964,0.9654130052724077,1.0450146455770357,0,0.0
C-33193,Active,Calder Central,45-59,English,Social tenancy,2,2025-08-16,,558.14,2025,8,4,0,9,1,6,3150.41,525.0683333333333,448.52,569.44,56.600659153994535,6,1,0,0,0,0,0.0,21.33000000000004,0.9407466466000166,1.0202458164618198,2,0.3333333333333333
C-33194,Suspended,Weybridge,30-44,English,Social tenancy,2,2021-05-14,,543.09,2021,5,55,4,20,2,6,3208.5,534.75,511.09,555.72,15.294375436741449,6,1,0,0,0,0,0.0,12.629999999999995,0.9846434292658675,1.0232558139534884,2,0.3333333333333333
C-33195,Active,Calder Central,45-59,English,Private tenancy,1,2025-01-31,,442.55,2025,1,11,2,22,1,6,2665.35,444.22499999999997,429.36,456.67,10.715093560020836,6,1,0,0,0,0,0.0,30.629999999999995,1.0037848830640606,1.0319059993221105,1,0.16666666666666666
C-33196,Active,Northgate,75+,English,Social tenancy,3,2024-09-25,,1208.03,2024,9,15,2,7,3,6,7128.99,1188.165,1142.78,1273.16,56.36040906522952,6,1,0,0,0,0,0.0,102.27000000000021,0.9835558719568223,1.0539142239845039,2,0.3333333333333333
C-33197,Active,Ash Hill,75+,Other,Resident with family,2,2024-11-10,,840.7,2024,11,13,5,17,2,6,5149.09,858.1816666666667,817.56,885.45,29.31204627225244,6,1,0,0,0,0,0.0,143.65999999999985,1.02079417945363,1.0532294516474368,2,0.3333333333333333
C-33198,Closed,Calder Central,18-29,English,Resident with family,2,2022-12-25,2025-07,597.43,2022,12,36,1,7,0,1,593.24,593.24,593.24,593.24,0.0,1,1,0,0,0,0,0.0,0.0,0.9929866260482401,0.9929866260482401,0,0.0
C-33199,Suspended,Ash Hill,60-74,English,No fixed abode,1,2024-11-16,,605.45,2024,11,13,2,18,1,6,3334.67,555.7783333333333,444.48,630.14,87.34195587841313,6,1,0,0,0,0,0.0,48.58999999999992,0.9179590937869904,1.040779585432323,3,0.5
C-33200,Active,Calder Central,60-74,English,Owner-occupier,1,2021-10-07,,727.01,2021,10,50,1,10,2,6,4310.55,718.4250000000001,651.46,768.5,41.94707510661497,6,1,0,0,0,0,0.0,66.48000000000002,0.9881913591284852,1.057069366308579,1,0.16666666666666666
C-33201,Active,Calder Central,60-74,Spanish,Private tenancy,4,2022-04-16,,977.78,2022,4,44,6,19,2,6,11343.16,1890.5266666666666,1686.98,2189.45,234.56715683715535,6,1,0,0,0,0,0.0,5476.4800000000005,1.933488787525483,2.2392051381701403,2,0.3333333333333333
C-33202,Active,Calder Central,30-44,English,Private tenancy,2,2022-09-20,,977.51,2022,9,39,1,22,2,6,5851.37,975.2283333333334,934.4,1005.86,31.88120601022906,6,1,0,0,0,0,0.0,70.89999999999998,0.9976658380306426,1.0290022608464364,1,0.16666666666666666
C-33203,Active,Ash Hill,75+,English,Private tenancy,1,2024-04-07,,537.11,2024,4,20,2,12,0,6,3244.83,540.805,515.66,569.23,21.670473691177108,6,1,0,0,0,0,0.0,65.53999999999996,1.0068794101766863,1.0598015304127646,0,0.0
C-33204,Active,Ash Hill,45-59,English,Owner-occupier,1,2025-01-24,,385.21,2025,1,11,3,8,1,6,2295.32,382.55333333333334,367.98,397.88,12.351812282684133,6,1,0,0,0,0,0.0,23.720000000000084,0.9931033289201562,1.0328911502816647,2,0.3333333333333333
C-33205,Active,Calder Central,60-74,Other,No fixed abode,1,2023-08-25,,665.81,2023,8,28,5,0,2,6,3737.91,622.985,498.28,676.6,63.40785968631964,6,1,0,0,0,0,0.0,10.790000000000077,0.9356798486054582,1.0162058244844627,1,0.16666666666666666
C-33206,Active,Calder Central,30-44,English,Private tenancy,2,2022-04-13,,661.52,2022,4,44,1,3,2,6,3983.34,663.89,632.02,693.37,23.06186982878883,6,1,0,0,0,0,0.0,60.629999999999995,1.0035826581206917,1.0481466924658362,3,0.5
C-33207,Active,Calder Central,30-44,English,Resident with family,1,2024-01-04,,607.53,2024,1,23,1,16,2,6,3594.38,599.0633333333334,571.49,630.62,21.027310495321736,6,1,0,0,0,0,0.0,28.280000000000086,0.9860637883451573,1.0380063535957074,3,0.5
C-33208,Active,Weybridge,45-59,English,Social tenancy,2,2024-11-17,,642.81,2024,11,13,2,3,0,6,3525.75,587.625,525.76,635.13,44.55534030842993,6,1,0,0,0,0,0.0,0.0,0.9141503710272088,0.9880524571801933,0,0.0
C-33209,Active,Northgate,45-59,Spanish,Private tenancy,1,2022-03-06,,641.36,2022,3,45,7,2,2,9,5757.33,639.7033333333334,619.22,673.96,19.031463422448603,6,2,3,1,0,0,0.0,57.76999999999998,0.9974169473202777,1.0508294873394037,1,0.1111111111111111
C-33210,Active,Northgate,18-29,English,Private tenancy,1,2024-08-02,,485.04,2024,8,16,0,9,0,6,2714.84,452.47333333333336,356.31,510.25,51.06784767999007,6,1,0,0,0,0,0.0,25.20999999999998,0.9328577711803837,1.051975094837539,0,0.0
C-33211,Active,Weybridge,18-29,Spanish,Resident with family,5,2022-10-12,,1316.18,2022,10,38,3,11,3,6,7770.8099999999995,1295.135,1254.03,1358.52,36.220544860617515,6,1,0,0,0,0,0.0,42.33999999999992,0.9840105456700451,1.032168852284642,1,0.16666666666666666
C-33212,Closed,Calder Central,75+,English,Resident with family,5,2023-10-30,2025-07,1166.36,2023,10,26,2,17,0,1,1102.63,1102.63,1102.63,1102.63,0.0,1,1,0,0,0,0,0.0,0.0,0.9453599231798074,0.9453599231798074,0,0.0
C-33213,Active,Calder Central,30-44,English,Resident with family,2,2024-10-04,,984.79,2024,10,14,0,17,0,6,5233.82,872.3033333333333,738.9,1020.04,125.60718158873985,6,1,0,0,0,0,0.0,35.25,0.8857759860816351,1.0357944333309639,0,0.0
C-33214,Active,Weybridge,30-44,Other,Private tenancy,2,2022-06-25,,568.57,2022,6,42,5,19,1,6,3324.8999999999996,554.15,481.19,586.68,39.35849946326716,6,1,0,0,0,0,0.0,35.38999999999987,0.9746381272314754,1.0318518388237155,2,0.3333333333333333
C-33215,Active,Calder Central,60-74,English,Social tenancy,5,2023-12-08,,1487.16,2023,12,24,0,11,0,6,8934.73,1489.1216666666667,1383.11,1573.61,80.6825303065458,6,1,0,0,0,0,0.0,202.87999999999965,1.0013190690084903,1.0581309341294816,0,0.0
C-33216,Active,Northgate,60-74,English,Social tenancy,2,2023-08-15,,909.81,2023,8,28,3,12,1,6,5338.35,889.725,863.47,937.65,27.097111838718146,6,1,0,0,0,0,0.0,27.840000000000032,0.9779239621459426,1.0305997955617108,1,0.16666666666666666
C-33217,Active,Calder Central,18-29,Other,No fixed abode,4,2023-03-15,,1005.45,2023,3,33,3,14,1,6,6192.55,1032.0916666666667,1001.43,1064.15,23.890886477204354,6,1,0,0,0,0,0.0,163.8699999999999,1.026497256618098,1.0583818190859815,1,0.16666666666666666
C-33218,Active,Weybridge,18-29,English,Resident with family,3,2024-05-23,,937.4,2024,5,19,0,11,1,6,5419.7,903.2833333333333,726.59,993.15,112.10028432910713,6,1,0,0,0,0,0.0,145.43000000000006,0.9636050067562763,1.0594730104544485,1,0.16666666666666666
C-33219,Active,Calder Central,30-44,English,Resident with family,3,2024-01-09,,741.33,2024,1,23,0,4,2,6,3952.65,658.775,601.14,710.79,52.30292716473904,6,1,0,0,0,0,0.0,0.0,0.8886393374070926,0.9588037715996923,2,0.3333333333333333
C-33220,Active,Weybridge,75+,English,No fixed abode,3,2022-08-14,,879.62,2022,8,40,4,15,2,6,5117.94,852.9899999999999,672.85,916.18,91.0222326687277,6,1,0,0,0,0,0.0,75.69999999999993,0.9697255633114299,1.0415634023782996,0,0.0
C-33221,Active,Northgate,45-59,English,Private tenancy,3,2023-08-04,,918.32,2023,8,28,2,10,0,6,5220.61,870.1016666666666,726.14,963.25,78.68412124861452,6,1,0,0,0,0,0.0,44.92999999999995,0.947492885559137,1.048926300200366,0,0.0
C-33222,Closed,Northgate,18-29,Spanish,Owner-occupier,1,2025-06-01,2025-12,468.02,2025,6,6,3,19,2,6,2812.31,468.7183333333333,456.54,477.21,8.368687870070575,6,1,0,0,0,0,0.0,22.960000000000036,1.001492101477145,1.019635912995171,0,0.0
C-33223,Active,Northgate,30-44,Spanish,Owner-occupier,1,2023-08-27,,524.39,2023,8,28,7,10,1,6,2888.08,481.34666666666664,365.15,530.61,67.52934670694414,6,1,0,0,0,0,0.0,9.5,0.9179173261630975,1.0118614008657678,2,0.3333333333333333
C-33224,Active,Northgate,60-74,English,Resident with family,1,2023-05-01,,441.06,2023,5,31,3,10,0,6,2620.16,436.6933333333333,427.78,448.95,8.348582314780558,6,1,0,0,0,0,0.0,11.279999999999973,0.9900996085188711,1.0178887226227724,0,0.0
C-33225,Active,Calder Central,30-44,Other,Resident with family,4,2024-10-19,,976.3,2024,10,14,6,6,3,7,6842.91,977.5585714285714,931.4,1022.1,33.03954167790038,6,2,1,1,0,0,0.0,92.4000000000002,1.0012891236592967,1.0469118098944996,1,0.14285714285714285
C-33226,Suspended,Calder Central,30-44,English,No fixed abode,2,2021-03-30,,850.71,2021,3,57,2,4,0,6,4823.68,803.9466666666667,601.17,873.8,101.63718368130175,6,1,0,0,0,0,0.0,33.28999999999985,0.9450302296513108,1.0271420343007605,0,0.0
C-33227,Active,Calder Central,60-74,English,Private tenancy,4,2023-12-08,,761.81,2023,12,24,2,11,0,6,4328.05,721.3416666666667,607.26,803.89,78.52459650750626,6,1,0,0,0,0,0.0,61.840000000000146,0.9468787055390014,1.0552368700857169,0,0.0
C-33228,Active,Northgate,60-74,English,Owner-occupier,1,2024-01-26,,523.86,2024,1,23,0,14,1,6,3036.8,506.1333333333334,441.17,549.47,35.750574074644824,6,1,0,0,0,0,0.0,25.610000000000014,0.9661614426246198,1.048887107242393,2,0.3333333333333333
C-33229,Active,Calder Central,45-59,English,Resident with family,3,2022-05-10,,1077.41,2022,5,43,0,12,1,6,6261.34,1043.5566666666666,902.58,1122.03,78.58267205094683,6,1,0,0,0,0,0.0,71.8299999999997,0.9685789686996283,1.0414141320388708,0,0.0
C-33230,Active,Northgate,45-59,English,Owner-occupier,3,2023-10-18,,1119.61,2023,10,26,1,19,2,6,6651.04,1108.5066666666667,1059.32,1149.95,33.93014097622743,6,1,0,0,0,0,0.0,50.45000000000027,0.9900828562326764,1.0270987218763679,1,0.16666666666666666
C-33231,Active,Calder Central,18-29,English,Social tenancy,2,2025-08-11,,984.8,2025,8,4,0,23,0,6,5724.55,954.0916666666667,815.97,1023.5,79.27004413185772,6,1,0,0,0,0,0.0,89.1500000000002,0.9688176956404009,1.0392973192526402,0,0.0
C-33232,Active,Calder Central,18-29,Spanish,Private tenancy,3,2025-08-25,,953.37,2025,8,4,2,23,2,6,5581.84,930.3066666666667,909.21,986.19,28.60596068421175,6,1,0,0,0,0,0.0,32.82000000000005,0.975808622745279,1.0344252493785204,1,0.16666666666666666
C-33233,Active,Northgate,18-29,Other,Resident with family,1,2023-10-05,,657.11,2023,10,26,2,10,0,6,3689.47,614.9116666666666,476.57,671.01,71.69292529020325,6,1,0,0,0,0,0.0,27.579999999999927,0.9357819340242374,1.0211532315746221,0,0.0
C-33234,Active,Weybridge,30-44,English,Owner-occupier,6,2024-12-07,,1765.19,2024,12,12,3,14,0,6,10145.01,1690.835,1312.2,1866.2,194.5007484561435,6,1,0,0,0,0,0.0,121.5,0.957877055727712,1.057223301740889,0,0.0
C-33235,Suspended,Weybridge,18-29,English,Resident with family,3,2023-04-20,,1037.11,2023,4,32,2,4,1,6,6399.75,1066.625,1028.57,1092.63,27.306127334354862,6,1,0,0,0,0,0.0,185.63000000000056,1.0284588905709133,1.0535333764017318,2,0.3333333333333333
C-33236,Closed,Ash Hill,18-29,English,Private tenancy,6,2022-04-29,2025-12,1610.85,2022,4,44,4,3,1,6,9446.91,1574.485,1317.79,1688.84,134.05109216265262,6,1,0,0,0,0,0.0,137.9000000000001,0.9774249619765962,1.048415432846013,0,0.0
C-33237,Active,Weybridge,45-59,English,Resident with family,1,2022-05-07,,622.62,2022,5,43,3,10,0,6,3668.96,611.4933333333333,512.72,652.11,50.92345772496861,6,1,0,0,0,0,0.0,62.379999999999995,0.9821292816378101,1.0473643634961936,0,0.0
C-33238,Active,Calder Central,30-44,English,No fixed abode,3,2025-04-13,,1236.44,2025,4,8,1,11,1,6,7587.98,1264.6633333333332,1227.56,1294.36,24.706674941534832,6,1,0,0,0,0,0.0,178.21999999999957,1.0228262862195765,1.0468441655074243,1,0.16666666666666666
C-33239,Active,Calder Central,45-59,English,No fixed abode,1,2021-04-03,,711.9,2021,4,56,0,0,0,6,4040.55,673.4250000000001,523.5,725.24,75.40356457091406,6,1,0,0,0,0,0.0,14.82000000000005,0.9459544879898862,1.01873858688018,0,0.0
C-33240,Active,Weybridge,18-29,Spanish,Resident with family,3,2024-01-06,,1089.72,2024,1,23,4,18,2,6,6314.97,1052.4950000000001,843.54,1152.16,113.80744681258781,6,1,0,0,0,0,0.0,130.92000000000007,0.9658398487684909,1.0572991227104211,2,0.3333333333333333
C-33241,Active,Weybridge,30-44,English,Private tenancy,3,2023-10-08,,890.52,2023,10,26,2,12,0,6,5331.05,888.5083333333333,842.7,937.94,35.06055242957057,6,1,0,0,0,0,0.0,79.78000000000009,0.9977410202278819,1.053249786641513,0,0.0
C-33242,Closed,Calder Central,30-44,English,Resident with family,5,2025-01-11,2025-08,925.12,2025,1,11,1,22,0,2,1903.1399999999999,951.5699999999999,922.72,980.42,40.8000612744637,2,1,0,0,0,0,0.0,55.299999999999955,1.0285908855067452,1.0597760290556901,0,0.0
C-33243,Active,Calder Central,45-59,English,Owner-occupier,1,2025-03-10,,592.38,2025,3,9,3,22,2,6,3570.13,595.0216666666666,566.7,609.36,15.888043827566243,6,1,0,0,0,0,0.0,45.799999999999955,1.0044594123141677,1.0286640332219184,2,0.3333333333333333
C-33244,Active,Ash Hill,30-44,English,Private tenancy,2,2022-05-15,,920.97,2022,5,43,2,21,1,6,5631.7,938.6166666666667,881.08,963.67,33.131189937378714,6,1,0,0,0,0,0.0,148.93999999999983,1.0191609571068185,1.0463641595274547,3,0.5
C-33245,Active,Northgate,45-59,English,No fixed abode,2,2023-01-07,,617.76,2023,1,35,2,12,1,6,3448.38,574.73,435.56,634.67,70.17359161393976,6,1,0,0,0,0,0.0,16.909999999999968,0.9303451178451178,1.0273730898730897,1,0.16666666666666666
C-33246,Active,Ash Hill,45-59,English,Owner-occupier,3,2021-04-28,,754.39,2021,4,56,1,0,1,6,4293.96,715.66,550.12,759.89,82.12761995820891,6,1,0,0,0,0,0.0,14.769999999999982,0.9486605071647292,1.0072906586778723,1,0.16666666666666666
C-33247,Active,Ash Hill,45-59,English,Social tenancy,4,2021-05-13,,1290.59,2021,5,55,1,16,2,6,7820.51,1303.4183333333333,1228.31,1354.04,45.78323510485763,6,1,0,0,0,0,0.0,149.9200000000003,1.009939898289413,1.0491635608520136,2,0.3333333333333333
C-33248,Active,Calder Central,45-59,Spanish,Owner-occupier,2,2024-11-02,,994.32,2024,11,13,7,15,5,6,5666.7,944.4499999999999,749.47,1043.76,112.69162275874812,6,1,0,0,0,0,0.0,96.2199999999998,0.9498451202832086,1.0497224233647116,2,0.3333333333333333
C-33249,Active,Weybridge,18-29,English,Owner-occupier,1,2022-08-15,,615.87,2022,8,40,2,6,2,6,3571.88,595.3133333333334,507.71,642.05,45.94229888312801,6,1,0,0,0,0,0.0,26.17999999999995,0.9666217437662711,1.042508971049085,3,0.5
C-33250,Active,Ash Hill,30-44,English,No fixed abode,5,2023-06-05,,865.74,2023,6,30,0,13,0,6,5304.66,884.11,862.63,901.31,16.776952047377364,6,1,0,0,0,0,0.0,113.93999999999983,1.0212188416845704,1.0410862383625568,0,0.0
C-33251,Active,Calder Central,18-29,English,No fixed abode,1,2025-01-11,,670.32,2025,1,11,3,15,0,6,3923.06,653.8433333333334,495.31,706.31,79.7324703409261,6,1,0,0,0,0,0.0,85.87999999999977,0.9754197000437602,1.053690774555436,0,0.0
C-33252,Active,Northgate,18-29,English,Private tenancy,1,2023-06-09,,691.73,2023,6,30,0,12,0,6,3859.85,643.3083333333333,502.22,732.47,90.99250945361744,6,1,0,0,0,0,0.0,71.62,0.9299991807979028,1.0588958119497491,0,0.0
C-33253,Active,Northgate,30-44,English,Owner-occupier,1,2022-06-11,,670.17,2022,6,42,2,10,0,6,3902.27,650.3783333333333,632.94,681.17,17.1982166711164,6,1,0,0,0,0,0.0,11.0,0.970467692277084,1.0164137457659996,0,0.0
C-33254,Active,Calder Central,18-29,English,Private tenancy,3,2024-04-19,,872.31,2024,4,20,0,18,2,6,5257.04,876.1733333333333,845.35,901.2,19.52705166344031,6,1,0,0,0,0,0.0,58.57000000000028,1.0044288536567658,1.0331189600027515,0,0.0
C-33255,Suspended,Calder Central,60-74,English,Resident with family,2,2024-06-23,,529.55,2024,6,18,3,11,0,6,3139.2400000000002,523.2066666666667,445.68,554.89,39.53020094391968,6,1,0,0,0,0,0.0,54.76000000000022,0.9880212759261009,1.0478519497686716,0,0.0
C-33256,Closed,Weybridge,18-29,English,No fixed abode,4,2023-04-26,2025-08,1018.66,2023,4,32,0,3,0,2,1996.63,998.315,991.63,1005.0,9.454017664464184,2,1,0,0,0,0,0.0,0.0,0.9800276834272476,0.986590226375827,0,0.0
C-33257,Active,Ash Hill,60-74,English,Social tenancy,2,2021-11-14,,544.13,2021,11,49,3,15,1,6,3133.59,522.265,452.42,566.5,38.45671267802282,6,1,0,0,0,0,0.0,22.370000000000005,0.9598165879477332,1.041111499090291,3,0.5
C-33258,Active,Northgate,45-59,Spanish,Social tenancy,5,2021-07-23,,995.84,2021,7,53,2,6,2,6,6019.67,1003.2783333333333,952.9,1049.31,42.92999483655534,6,1,0,0,0,0,0.0,134.33999999999992,1.0074694060625535,1.0536933643958868,0,0.0
C-33259,Suspended,Ash Hill,30-44,English,Owner-occupier,2,2021-05-24,,617.22,2021,5,55,1,2,0,6,3470.13,578.355,461.87,653.41,83.6302033358762,6,1,0,0,0,0,0.0,72.32999999999993,0.9370321765334889,1.0586338744693948,0,0.0
C-33260,Active,Weybridge,18-29,Spanish,Owner-occupier,3,2024-10-11,,944.34,2024,10,14,2,5,3,6,5728.16,954.6933333333333,894.43,991.46,38.387361809151066,6,1,0,0,0,0,0.0,136.45999999999992,1.0109635653825244,1.0498972827583286,2,0.3333333333333333
C-33261,Closed,Weybridge,30-44,English,Social tenancy,2,2022-12-19,2025-12,863.12,2022,12,36,2,5,0,6,4984.81,830.8016666666667,656.73,897.38,91.13422220366321,6,1,0,0,0,0,0.0,79.38999999999999,0.9625563845892421,1.039693206043192,0,0.0
C-33262,Active,Calder Central,75+,English,No fixed abode,2,2024-01-28,,646.69,2024,1,23,2,22,0,6,3779.58,629.93,518.42,677.42,57.74891548765225,6,1,0,0,0,0,0.0,56.789999999999736,0.9740834093615177,1.0475189039570736,0,0.0
C-33263,Suspended,Calder Central,30-44,Spanish,No fixed abode,6,2025-03-20,,1368.13,2025,3,9,5,6,3,6,15128.2,2521.366666666667,2253.21,2729.07,187.07516058169418,6,1,0,0,0,0,0.0,6919.419999999999,1.842929156342355,1.9947446514585603,3,0.5
C-33264,Closed,Calder Central,60-74,English,Social tenancy,1,2024-07-08,2025-08,434.6,2024,7,17,3,19,1,6,2543.11,423.8516666666667,318.33,454.51,52.60408745208559,6,1,0,0,4,1,1634.25,56.8599999999999,0.9752684460806872,1.0458122411412794,2,0.3333333333333333
C-33265,Active,Calder Central,30-44,English,Owner-occupier,1,2022-04-25,,723.24,2022,4,44,0,14,1,6,4046.4900000000002,674.4150000000001,507.62,722.47,82.9087480908981,6,1,0,0,0,0,0.0,0.0,0.9324912891986062,0.9989353464963221,4,0.6666666666666666
C-33266,Active,Weybridge,75+,English,Social tenancy,4,2022-02-14,,1230.85,2022,2,46,3,13,0,6,7202.2699999999995,1200.3783333333333,1159.23,1267.31,42.17299108039014,6,1,0,0,0,0,0.0,36.460000000000036,0.9752433954855046,1.0296218060689768,0,0.0
C-33267,Active,Calder Central,60-74,English,Resident with family,5,2025-02-13,,1185.69,2025,2,10,2,7,0,6,7058.16,1176.36,1127.09,1207.56,30.509194679637144,6,1,0,0,0,0,0.0,38.669999999999845,0.9921311641322772,1.0184449561015103,0,0.0
C-33268,Active,Northgate,45-59,English,Owner-occupier,3,2025-06-02,,650.92,2025,6,6,2,22,0,6,3833.12,638.8533333333334,490.87,688.86,75.51546508276743,6,1,0,0,0,0,0.0,109.23000000000025,0.9814621356439092,1.058286732624593,0,0.0
C-33269,Active,Calder Central,30-44,English,Owner-occupier,1,2024-06-08,,752.66,2024,6,18,2,5,2,6,4543.9,757.3166666666666,739.19,779.91,14.249596017665397,6,1,0,0,0,0,0.0,47.88000000000011,1.0061869458542592,1.03620492652725,3,0.5
C-33270,Active,Calder Central,75+,English,Social tenancy,1,2025-01-06,,537.6,2025,1,11,2,11,2,6,3196.86,532.8100000000001,512.58,558.19,18.917886774161616,6,1,0,0,0,0,0.0,35.370000000000005,0.9910900297619047,1.0382998511904762,3,0.5
C-33271,Active,Calder Central,60-74,Other,Owner-occupier,2,2024-12-05,,1033.78,2024,12,12,2,9,2,6,5972.43,995.4050000000001,794.79,1083.37,106.30893052796648,6,1,0,0,0,0,0.0,91.73000000000002,0.9628789490994215,1.047969587339666,2,0.3333333333333333
C-33272,Active,Weybridge,75+,English,Owner-occupier,1,2025-05-30,,704.94,2025,5,7,1,14,1,6,4192.43,698.7383333333333,671.59,738.31,30.67488967651986,6,1,0,0,0,0,0.0,63.249999999999886,0.9912025609744565,1.0473373620449966,2,0.3333333333333333
C-33273,Active,Calder Central,45-59,English,Private tenancy,1,2021-11-16,,373.26,2021,11,49,3,21,0,6,2229.9700000000003,371.6616666666667,357.67,393.75,15.862795991459596,6,1,0,0,0,0,0.0,35.150000000000034,0.9957179088749576,1.05489471146118,0,0.0
C-33274,Active,Northgate,30-44,English,Resident with family,2,2022-05-20,,817.46,2022,5,43,2,20,2,6,4866.37,811.0616666666666,770.61,840.73,22.589565216414986,6,1,0,0,0,0,0.0,23.269999999999982,0.9921729095817123,1.0284662246470775,3,0.5
C-33275,Active,Ash Hill,30-44,English,Social tenancy,4,2024-10-12,,1027.79,2024,10,14,4,14,1,6,5942.709999999999,990.4516666666665,757.53,1052.6,114.88223420819541,6,1,0,0,0,0,0.0,56.3599999999999,0.9636712428284637,1.024139172399031,4,0.6666666666666666
C-33276,Active,Calder Central,30-44,English,Social tenancy,1,2021-09-02,,449.63,2021,9,51,0,14,2,6,2621.22,436.86999999999995,335.25,475.21,51.54471262893994,6,1,0,0,0,0,0.0,53.45999999999998,0.9716211106910126,1.056891221671152,1,0.16666666666666666
C-33277,Active,Ash Hill,45-59,English,Social tenancy,4,2021-01-06,,844.96,2021,1,59,1,18,1,6,4947.0599999999995,824.5099999999999,751.76,885.37,48.0874411879027,6,1,0,0,0,0,0.0,54.70999999999992,0.9757976708956636,1.047824749100549,2,0.3333333333333333
C-33278,Active,Ash Hill,30-44,English,No fixed abode,3,2025-04-18,,640.31,2025,4,8,1,9,1,6,3860.82,643.47,611.97,672.7,23.665799796330592,6,1,0,0,0,0,0.0,65.10000000000025,1.0049351095563088,1.0505848729521639,1,0.16666666666666666
C-33279,Active,Calder Central,30-44,Spanish,Social tenancy,1,2021-06-12,,665.39,2021,6,54,2,8,2,6,3928.4900000000002,654.7483333333333,598.2,694.7,34.853915944505665,6,1,0,0,0,0,0.0,52.24000000000012,0.9840068731621056,1.0440493545138942,1,0.16666666666666666
C-33280,Active,Ash Hill,30-44,English,Social tenancy,5,2022-01-23,,1421.31,2022,1,47,0,15,0,6,8115.16,1352.5266666666666,1115.83,1475.5,127.47074796464746,6,1,0,0,0,0,0.0,74.56000000000017,0.9516056783296162,1.0381267985168612,0,0.0
C-33281,Active,Ash Hill,60-74,English,No fixed abode,1,2022-10-14,,561.23,2022,10,38,3,22,2,6,3382.05,563.6750000000001,532.34,591.36,25.95594170898063,6,1,0,0,0,0,0.0,71.51999999999998,1.00435650268161,1.0536856547226627,1,0.16666666666666666
C-33282,Active,Northgate,18-29,English,No fixed abode,2,2022-06-27,,555.07,2022,6,42,0,12,1,6,3146.5299999999997,524.4216666666666,392.98,569.54,65.96421224168955,6,1,0,0,0,0,0.0,21.999999999999886,0.9447847418643893,1.0260687841173184,2,0.3333333333333333
C-33283,Closed,Calder Central,30-44,English,Social tenancy,4,2021-11-06,2025-07,761.86,2021,11,49,1,2,1,1,776.1,776.1,776.1,776.1,0.0,1,1,0,0,0,0,0.0,14.240000000000009,1.0186910981020134,1.0186910981020134,0,0.0
C-33284,Active,Weybridge,30-44,English,No fixed abode,3,2024-02-02,,665.92,2024,2,22,2,16,1,6,3917.6000000000004,652.9333333333334,590.58,686.94,36.546916513800014,6,1,0,0,0,0,0.0,44.650000000000205,0.9804981579368895,1.0315653531955793,1,0.16666666666666666
C-33285,Active,Northgate,30-44,English,Private tenancy,2,2023-02-17,,642.14,2023,2,34,4,5,0,6,3839.55,639.9250000000001,609.99,653.15,15.697047811610947,6,1,0,0,0,0,0.0,24.88000000000011,0.9965505964431434,1.0171457937521413,0,0.0
C-33286,Active,Calder Central,60-74,Spanish,Owner-occupier,5,2021-05-15,,1493.19,2021,5,55,3,15,2,6,8710.33,1451.7216666666666,1246.17,1558.83,112.47476559951859,6,1,0,0,0,0,0.0,107.9699999999998,0.972228361204312,1.0439595764772065,1,0.16666666666666666
C-33287,Active,Northgate,75+,Spanish,Resident with family,3,2022-07-30,,937.62,2022,7,41,3,18,3,6,5410.889999999999,901.8149999999999,729.69,983.29,92.93151559078326,6,1,0,0,0,0,0.0,88.63999999999987,0.9618128879503424,1.0487084319873723,1,0.16666666666666666
C-33288,Active,Northgate,45-59,English,Owner-occupier,1,2024-03-15,,538.86,2024,3,21,0,1,0,6,3280.63,546.7716666666666,525.96,563.76,15.695398582599504,6,1,0,0,0,0,0.0,69.64999999999998,1.0146822303876084,1.0462086627324352,0,0.0
C-33289,Active,Calder Central,45-59,English,No fixed abode,1,2024-08-29,,546.43,2024,8,16,2,11,0,6,3256.95,542.8249999999999,527.37,559.41,14.286829949292436,6,1,0,0,0,0,0.0,25.920000000000073,0.9934026316271068,1.0237541862635653,0,0.0
C-33290,Closed,Calder Central,45-59,Other,Resident with family,1,2021-11-14,2025-10,703.93,2021,11,49,2,22,0,4,2842.83,710.7075,679.25,743.27,32.80285391547513,4,1,0,0,0,0,0.0,69.83000000000004,1.0096280880201156,1.055886238688506,0,0.0
C-33291,Active,Northgate,30-44,Spanish,Owner-occupier,2,2022-08-31,,721.49,2022,8,40,5,7,2,6,4245.86,707.6433333333333,682.88,738.05,23.79138891840206,6,1,0,0,0,0,0.0,24.84999999999991,0.9808082348103694,1.0229525010741658,1,0.16666666666666666
C-33292,Closed,Northgate,45-59,English,Resident with family,6,2022-08-19,2025-08,1646.14,2022,8,40,2,16,1,2,3281.84,1640.92,1617.48,1664.36,33.14916590202519,2,1,0,0,0,0,0.0,18.2199999999998,0.996828945290194,1.011068317397062,1,0.5
C-33293,Active,Calder Central,45-59,English,Social tenancy,3,2023-11-16,,640.74,2023,11,25,1,10,1,6,3906.23,651.0383333333333,614.73,672.08,23.437972110800597,6,1,0,0,0,0,0.0,99.46000000000004,1.0160725619335975,1.0489121952742142,3,0.5
C-33294,Active,Weybridge,45-59,Other,Social tenancy,1,2022-10-20,,484.93,2022,10,38,3,4,2,6,2885.69,480.9483333333333,463.3,511.21,18.341158542105948,6,1,0,0,0,0,0.0,34.74999999999994,0.9917891929419366,1.0541933887365187,1,0.16666666666666666
C-33295,Active,Northgate,45-59,English,Private tenancy,1,2022-02-02,,515.05,2022,2,46,4,17,0,6,3136.73,522.7883333333333,514.22,534.55,7.56444688438397,6,1,0,0,0,0,0.0,47.260000000000105,1.0150244312849885,1.037860401902728,0,0.0
C-33296,Active,Calder Central,30-44,English,No fixed abode,6,2021-09-27,,947.13,2021,9,51,4,17,0,6,5693.08,948.8466666666667,898.07,984.6,34.138281542377996,6,1,0,0,0,0,0.0,91.34000000000003,1.0018124931811545,1.0395616230084572,0,0.0
C-33297,Active,Calder Central,18-29,English,Owner-occupier,2,2023-12-13,,769.85,2023,12,24,2,7,2,6,4486.82,747.8033333333333,727.94,782.01,19.199952777719712,6,1,0,0,0,0,0.0,12.159999999999968,0.9713623866121107,1.0157952847957394,2,0.3333333333333333
C-33298,Active,Weybridge,60-74,English,No fixed abode,2,2025-06-14,,748.26,2025,6,6,2,7,0,6,4328.0599999999995,721.3433333333332,510.24,781.79,105.7280560053322,6,1,0,0,0,0,0.0,98.05999999999995,0.9640276552713406,1.0448106273220539,0,0.0
C-33299,Active,Weybridge,45-59,Other,Resident with family,1,2022-03-21,,762.71,2022,3,45,5,20,1,6,4380.54,730.09,582.85,777.89,72.86113422120191,6,1,0,0,0,0,0.0,15.969999999999914,0.9572314510102137,1.0199027153177485,1,0.16666666666666666
C-33300,Active,Weybridge,60-74,English,Social tenancy,2,2023-10-31,,542.66,2023,10,26,0,10,1,6,3111.42,518.57,442.99,563.04,40.16388029062928,6,1,0,0,0,0,0.0,20.379999999999995,0.9556075627464712,1.037555743928058,1,0.16666666666666666
C-33301,Closed,Calder Central,60-74,English,Social tenancy,3,2022-02-22,2025-10,1125.03,2022,2,46,4,19,1,6,6725.28,1120.8799999999999,1067.96,1185.5,52.02384184198625,6,1,0,0,2,1,2211.02,121.16000000000008,0.9963112094788583,1.0537496777863702,1,0.16666666666666666
C-33302,Active,Northgate,30-44,English,No fixed abode,2,2022-09-01,,859.45,2022,9,39,1,10,2,6,4995.849999999999,832.6416666666665,694.92,909.18,73.59550051916665,6,1,0,0,0,0,0.0,62.399999999999864,0.9688075707332207,1.057862586537902,3,0.5
C-33303,Active,Calder Central,30-44,English,Social tenancy,2,2021-05-25,,622.33,2021,5,55,2,9,1,6,3748.59,624.765,587.12,659.22,25.15174407471579,6,1,0,0,0,0,0.0,61.88999999999987,1.0039127151189884,1.0592772323365416,3,0.5
C-33304,Active,Ash Hill,75+,English,Resident with family,1,2022-01-17,,766.81,2022,1,47,1,8,1,6,4527.64,754.6066666666667,695.38,799.88,36.186323751752774,6,1,0,0,0,0,0.0,44.81000000000006,0.9840855839995132,1.0431267197871703,2,0.3333333333333333
C-33305,Active,Calder Central,60-74,Other,Resident with family,5,2021-03-14,,1400.08,2021,3,57,4,7,2,6,7975.33,1329.2216666666666,1225.37,1426.86,82.83011298233674,6,1,0,0,0,0,0.0,26.779999999999973,0.9493897967735178,1.019127478429804,0,0.0
C-33306,Active,Ash Hill,45-59,English,No fixed abode,1,2022-10-26,,686.48,2022,10,38,0,8,1,6,4129.51,688.2516666666667,651.54,717.67,22.40038876150739,6,1,0,0,0,0,0.0,56.30999999999983,1.0025807986637143,1.0454346812725788,2,0.3333333333333333
C-33307,Active,Calder Central,30-44,English,Private tenancy,2,2021-12-16,,547.72,2021,12,48,3,4,1,6,3170.19,528.365,519.06,538.76,7.6248088500630695,6,1,0,0,0,0,0.0,0.0,0.9646626013291462,0.983641276564668,0,0.0
C-33308,Active,Northgate,18-29,English,Social tenancy,2,2022-12-31,,904.34,2022,12,36,3,22,0,6,5416.64,902.7733333333334,860.52,938.36,32.66638863827263,6,1,0,0,0,0,0.0,78.1099999999999,0.9982676132133195,1.037618594776301,0,0.0
C-33309,Active,Calder Central,30-44,English,Owner-occupier,2,2023-12-27,,734.14,2023,12,24,1,4,1,6,4322.83,720.4716666666667,704.4,740.33,14.008653635045272,6,1,0,0,0,0,0.0,6.830000000000041,0.9813818436083944,1.0084316342931867,3,0.5
C-33310,Active,Ash Hill,60-74,English,Private tenancy,4,2025-05-09,,1042.51,2025,5,7,3,8,0,6,6272.12,1045.3533333333332,987.61,1098.44,41.36269027356255,6,1,0,0,0,0,0.0,110.35000000000014,1.002727391903515,1.0536493654737125,0,0.0
C-33311,Active,Weybridge,45-59,Other,Resident with family,2,2022-08-02,,774.13,2022,8,40,3,16,0,6,4285.76,714.2933333333334,588.15,797.67,88.10405227154236,6,1,0,0,0,0,0.0,23.539999999999964,0.9227046275604011,1.0304083293503674,0,0.0
C-33312,Active,Calder Central,18-29,Other,Social tenancy,4,2022-10-07,,825.79,2022,10,38,4,20,2,6,5007.65,834.6083333333332,806.6,866.75,24.593963825838788,6,1,0,0,0,0,0.0,90.33000000000015,1.0106786632598281,1.0496009881446857,0,0.0
C-33313,Active,Weybridge,30-44,Other,Social tenancy,1,2022-02-12,,585.39,2022,2,46,2,13,3,6,3551.53,591.9216666666667,552.85,610.89,21.546652098798695,6,1,0,0,0,0,0.0,71.73000000000013,1.0111578036294893,1.0435607031209964,2,0.3333333333333333
C-33314,Active,Ash Hill,30-44,English,Social tenancy,3,2022-05-12,,964.55,2022,5,43,3,7,0,6,5812.5,968.75,919.35,1021.55,40.951425860401955,6,1,0,0,0,0,0.0,108.95000000000005,1.0043543621377846,1.0590949147270747,0,0.0
C-33315,Active,Weybridge,60-74,Other,Resident with family,6,2023-09-08,,1016.9,2023,9,27,3,22,1,6,6170.45,1028.4083333333333,964.35,1073.95,47.662481436310756,6,1,0,0,0,0,0.0,158.48000000000002,1.0113170747697249,1.0561018782574492,2,0.3333333333333333
C-33316,Suspended,Calder Central,30-44,Other,Resident with family,1,2022-01-24,,572.14,2022,1,47,6,12,0,6,3499.13,583.1883333333334,552.2,605.24,24.372484827498926,6,1,0,0,0,0,0.0,104.75000000000011,1.019310541708906,1.0578529730485546,0,0.0
C-33317,Closed,Calder Central,30-44,Spanish,Resident with family,1,2024-06-29,2025-12,512.39,2024,6,18,3,15,0,6,3007.56,501.26,482.95,522.09,16.362615927778776,6,1,0,0,0,0,0.0,17.720000000000027,0.9782782646031344,1.0189308924842406,0,0.0
C-33318,Active,Northgate,30-44,English,Owner-occupier,1,2021-07-05,,454.31,2021,7,53,2,10,0,6,2755.84,459.3066666666667,440.33,478.98,17.0168442041016,6,1,0,0,0,0,0.0,58.94999999999999,1.010998363819125,1.0543021285025644,0,0.0
C-33319,Active,Weybridge,75+,Spanish,Social tenancy,2,2022-05-28,,985.8,2022,5,43,6,5,3,6,5833.24,972.2066666666666,926.69,1037.29,49.34621917296874,6,1,0,0,0,0,0.0,90.46000000000004,0.9862108608913234,1.0522316899979711,1,0.16666666666666666
C-33320,Active,Weybridge,45-59,English,Private tenancy,1,2023-12-12,,461.22,2023,12,24,2,2,0,6,2761.81,460.3016666666667,433.86,488.17,18.74994764437135,6,1,0,0,0,0,0.0,37.48999999999984,0.9980089039214834,1.0584319847361345,0,0.0
C-33321,Active,Calder Central,18-29,English,Owner-occupier,1,2023-11-14,,432.13,2023,11,25,3,16,0,6,2538.52,423.08666666666664,349.35,454.64,39.00045264694587,6,1,0,0,0,0,0.0,49.06999999999999,0.9790726556051806,1.0520908060074514,0,0.0
C-33322,Active,Calder Central,60-74,English,Resident with family,1,2022-01-12,,562.67,2022,1,47,0,2,0,6,3387.19,564.5316666666666,532.48,589.4,23.851219186168766,6,1,0,0,0,0,0.0,66.13000000000011,1.003308629688213,1.0475056427390834,0,0.0
C-33323,Active,Northgate,75+,English,Resident with family,2,2022-06-07,,919.99,2022,6,42,0,9,0,6,5435.54,905.9233333333333,865.41,967.62,39.27374373123428,6,1,0,0,0,0,0.0,58.629999999999995,0.9847099787316528,1.0517723018728464,0,0.0
C-33324,Active,Weybridge,45-59,English,Social tenancy,4,2025-04-26,,1225.6,2025,4,8,0,0,1,6,7504.91,1250.8183333333334,1181.99,1288.42,36.64521928801446,6,1,0,0,0,0,0.0,194.92000000000053,1.020576316362054,1.0512565274151437,1,0.16666666666666666
C-33325,Active,Northgate,18-29,English,Social tenancy,1,2024-09-21,,688.05,2024,9,15,3,7,0,6,3963.94,660.6566666666666,572.26,693.99,44.93678745378522,6,1,0,0,0,0,0.0,5.940000000000055,0.9601870019136207,1.00863309352518,0,0.0
C-33326,Active,Northgate,60-74,English,No fixed abode,1,2021-02-15,,563.42,2021,2,58,2,19,0,6,3263.16,543.86,479.61,580.44,34.2149306589974,6,1,0,0,0,0,0.0,17.020000000000095,0.9652834475169502,1.0302083703098934,0,0.0
C-33327,Active,Northgate,18-29,Other,No fixed abode,2,2023-06-08,,976.63,2023,6,30,2,4,0,6,5851.73,975.2883333333333,933.29,1015.15,34.55167169134756,6,1,0,0,0,0,0.0,82.84000000000003,0.9986262282884341,1.0394417537859784,0,0.0
C-33328,Active,Weybridge,18-29,English,Social tenancy,1,2022-06-10,,600.39,2022,6,42,1,5,1,6,3521.09,586.8483333333334,565.7,611.41,16.654112304973363,6,1,0,0,0,0,0.0,11.019999999999982,0.9774452161650483,1.0183547360882093,3,0.5
C-33329,Active,Calder Central,45-59,English,Resident with family,2,2021-08-10,,754.98,2021,8,52,3,19,4,6,4366.32,727.7199999999999,594.84,787.74,70.59830564539065,6,1,0,0,0,0,0.0,58.309999999999945,0.9638930832604838,1.0433918779305411,0,0.0
C-33330,Active,Northgate,60-74,English,Resident with family,2,2025-08-28,,800.6,2025,8,4,0,23,0,6,4879.25,813.2083333333334,788.57,841.05,22.762445753184487,6,1,0,0,0,0,0.0,96.13999999999987,1.0157486052127571,1.050524606545091,0,0.0
C-33331,Suspended,Weybridge,60-74,English,Private tenancy,3,2021-11-12,,1186.85,2021,11,49,2,18,1,6,7028.74,1171.4566666666667,1121.0,1221.74,34.485996964951816,6,1,0,0,0,0,0.0,37.850000000000136,0.9870300936653046,1.0293971436997094,1,0.16666666666666666
C-33332,Active,Northgate,18-29,English,Owner-occupier,1,2023-10-03,,760.29,2023,10,26,2,21,0,6,4633.49,772.2483333333333,736.1,803.15,26.70687208691176,6,1,0,0,0,0,0.0,113.06000000000017,1.015728647402088,1.0563732260058663,0,0.0
C-33333,Closed,Northgate,60-74,English,Owner-occupier,4,2021-12-24,2025-10,1259.64,2021,12,48,3,1,2,6,7078.02,1179.67,951.67,1300.22,155.2836980497309,6,1,0,0,2,1,2246.5299999999997,93.55999999999972,0.9365136070623352,1.0322155536502493,1,0.16666666666666666
C-33334,Active,Calder Central,18-29,English,Social tenancy,1,2023-10-22,,420.33,2023,10,26,2,19,1,6,2442.42,407.07,350.52,443.15,32.24974728583157,6,1,0,0,0,0,0.0,29.960000000000036,0.9684533580757977,1.0542906763733257,0,0.0
C-33335,Active,Northgate,18-29,English,No fixed abode,3,2021-07-14,,882.61,2021,7,53,2,21,2,6,5311.82,885.3033333333333,852.4,932.41,33.747372440927364,6,1,0,0,0,0,0.0,92.57999999999993,1.0030515554246306,1.0564235619356228,1,0.16666666666666666
C-33336,Active,Weybridge,30-44,English,Social tenancy,5,2022-11-16,,1277.19,2022,11,37,0,4,0,6,7215.37,1202.5616666666667,938.13,1275.5,130.854415655975,6,1,0,0,0,0,0.0,0.0,0.9415683388271647,0.998676782624355,0,0.0
C-33337,Active,Weybridge,30-44,English,Private tenancy,2,2021-03-11,,534.67,2021,3,57,2,2,0,6,3029.2,504.8666666666666,383.52,562.15,62.86836300291798,6,1,0,0,0,0,0.0,30.340000000000032,0.9442584522540384,1.0513961883030656,0,0.0
C-33338,Active,Weybridge,45-59,English,Private tenancy,1,2021-08-01,,699.42,2021,8,52,2,4,0,6,4201.35,700.225,665.58,732.74,26.18028246600863,6,1,0,0,0,0,0.0,64.91000000000008,1.0011509536473078,1.0476394727059564,0,0.0
C-33339,Active,Weybridge,45-59,English,Resident with family,3,2021-08-10,,985.99,2021,8,52,1,10,1,6,5417.59,902.9316666666667,743.63,1023.8,122.85915813103497,6,1,0,0,0,0,0.0,37.809999999999945,0.9157614850725327,1.0383472449010638,2,0.3333333333333333
C-33340,Active,Northgate,30-44,English,Private tenancy,1,2023-03-29,,691.82,2023,3,33,1,0,0,6,3911.79,651.965,527.28,704.93,63.87876352904773,6,1,0,0,0,0,0.0,13.1099999999999,0.9423910843861117,1.0189500159000895,0,0.0
C-33341,Active,Northgate,60-74,English,Owner-occupier,2,2021-02-25,,987.6,2021,2,58,1,17,0,6,5759.889999999999,959.9816666666666,823.68,1046.83,74.70096048021516,6,1,0,0,0,0,0.0,64.00999999999988,0.972034899419468,1.0599736735520453,0,0.0
C-33342,Active,Ash Hill,30-44,English,Resident with family,1,2022-10-17,,571.11,2022,10,38,0,16,1,6,3455.99,575.9983333333333,538.74,601.6,28.459634865308235,6,1,0,0,0,0,0.0,91.63,1.0085593551738428,1.053387263399345,2,0.3333333333333333
C-33343,Active,Northgate,45-59,English,Resident with family,3,2025-08-26,,1029.71,2025,8,4,0,19,1,6,5960.05,993.3416666666667,833.15,1072.8,87.2558390978316,6,1,0,0,0,0,0.0,77.03999999999996,0.964680994325263,1.0418467335463382,1,0.16666666666666666
C-33344,Active,Calder Central,75+,English,No fixed abode,4,2025-06-02,,1243.66,2025,6,6,0,1,0,6,7091.05,1181.8416666666667,871.7,1314.95,159.32015458399061,6,1,0,0,0,0,0.0,109.63999999999987,0.9502932205479525,1.057322740942058,0,0.0
C-33345,Active,Ash Hill,60-74,English,Owner-occupier,6,2021-06-23,,1607.33,2021,6,54,2,7,0,6,9682.86,1613.8100000000002,1521.26,1687.03,72.30919194680577,6,1,0,0,0,0,0.0,201.25000000000023,1.0040315305506649,1.0495853371740713,0,0.0
C-33346,Active,Calder Central,75+,English,Owner-occupier,4,2024-06-28,,1133.49,2024,6,18,4,10,1,6,6800.9400000000005,1133.49,1133.49,1133.49,0.0,6,1,0,0,0,0,0.0,0.0,1.0,1.0,1,0.16666666666666666
C-33347,Active,Weybridge,60-74,English,Resident with family,1,2024-10-20,,693.7,2024,10,14,2,8,0,6,4008.35,668.0583333333333,495.71,733.91,86.92928676037016,6,1,0,0,0,0,0.0,69.8399999999998,0.9630363749939935,1.0579645379847196,0,0.0
C-33348,Active,Calder Central,18-29,English,No fixed abode,2,2022-08-30,,643.81,2022,8,40,1,21,1,6,3791.38,631.8966666666666,606.32,654.85,19.329388678038047,6,1,0,0,0,0,0.0,12.730000000000132,0.9814955758168818,1.0171479163107129,3,0.5
C-33349,Active,Northgate,30-44,English,No fixed abode,2,2022-06-26,,587.75,2022,6,42,1,20,2,6,3507.87,584.645,563.13,609.57,18.135442371224382,6,1,0,0,0,0,0.0,37.97000000000003,0.9947171416418544,1.0371246278179498,0,0.0
C-33350,Closed,Calder Central,75+,English,Owner-occupier,2,2024-09-03,2025-08,854.16,2024,9,15,3,23,2,6,4848.87,808.145,702.35,861.02,64.40285110148461,6,1,0,0,4,1,3163.7599999999998,6.860000000000014,0.9461283600262247,1.0080312821953732,3,0.5
C-33351,Active,Calder Central,18-29,English,Owner-occupier,3,2024-03-07,,1203.15,2024,3,21,2,16,1,6,7188.19,1198.0316666666665,1140.02,1256.91,59.96284029852713,6,1,0,0,0,0,0.0,148.60999999999967,0.9957458892629071,1.044682707891784,1,0.16666666666666666
C-33352,Suspended,Northgate,18-29,English,Social tenancy,3,2024-06-17,,1220.0,2024,6,18,2,16,0,6,7200.719999999999,1200.12,1152.59,1272.07,44.9399074320364,6,1,0,0,0,0,0.0,65.09999999999991,0.9837049180327869,1.0426803278688523,0,0.0
C-33353,Active,Northgate,45-59,English,Private tenancy,2,2022-07-08,,975.58,2022,7,41,0,12,0,6,5653.45,942.2416666666667,798.23,1028.19,80.20516552359125,6,1,0,0,0,0,0.0,79.86000000000001,0.9658271660618981,1.0539268947702904,0,0.0
C-33354,Active,Northgate,60-74,Spanish,Social tenancy,1,2023-12-06,,630.97,2023,12,24,2,23,1,6,3556.02,592.67,492.44,632.08,50.42488869596043,6,1,0,0,0,0,0.0,1.1100000000000136,0.9392998082317701,1.001759196158296,2,0.3333333333333333
C-33355,Active,Weybridge,60-74,English,Social tenancy,2,2021-12-30,,529.45,2021,12,48,3,0,1,6,3115.6499999999996,519.275,502.76,539.38,13.037456423704752,6,1,0,0,0,0,0.0,9.92999999999995,0.9807819435263007,1.018755312116347,2,0.3333333333333333
C-33356,Active,Weybridge,30-44,English,No fixed abode,1,2022-04-25,,474.01,2022,4,44,4,5,0,6,2853.5,475.5833333333333,448.6,500.49,19.49236842117105,6,1,0,0,0,0,0.0,50.62000000000006,1.003319198610437,1.055863800341765,0,0.0
C-33357,Active,Ash Hill,45-59,English,Owner-occupier,5,2024-06-07,,1615.32,2024,6,18,2,19,1,6,9251.32,1541.8866666666665,1241.65,1688.59,161.0215747863206,6,1,0,0,0,0,0.0,123.61000000000013,0.9545394514193267,1.045359433424956,2,0.3333333333333333
C-33358,Active,Ash Hill,18-29,Spanish,Private tenancy,3,2022-05-10,,993.25,2022,5,43,3,0,3,6,5820.34,970.0566666666667,949.72,1004.82,18.635796378654348,6,1,0,0,0,0,0.0,11.57000000000005,0.9766490477389042,1.0116486282406243,2,0.3333333333333333
C-33359,Active,Weybridge,18-29,English,Owner-occupier,1,2022-06-09,,661.4,2022,6,42,1,18,1,6,4050.75,675.125,637.04,699.9,23.90656792599055,6,1,0,0,0,0,0.0,112.97000000000003,1.0207514363471424,1.05820985787723,3,0.5
C-33360,Active,Ash Hill,75+,English,Resident with family,4,2024-11-25,,1343.97,2024,11,13,2,2,2,6,11896.07,1982.6783333333333,1760.31,2163.76,146.7923866440855,6,1,0,0,0,0,0.0,3832.25,1.4752400227187612,1.6099764131639844,0,0.0
C-33361,Closed,Northgate,30-44,English,Resident with family,1,2025-06-12,2025-12,629.84,2025,6,6,2,20,0,6,3580.42,596.7366666666667,440.71,648.02,77.88318628989616,6,1,0,0,0,0,0.0,29.889999999999873,0.9474416783098353,1.0288644735170835,0,0.0
C-33362,Active,Ash Hill,30-44,English,Social tenancy,1,2023-04-03,,475.56,2023,4,32,4,14,0,6,2864.76,477.46000000000004,461.08,503.75,15.104427165569703,6,1,0,0,0,0,0.0,38.0,1.003995289763647,1.0592774833880056,0,0.0
C-33363,Active,Northgate,45-59,English,Social tenancy,1,2021-05-15,,741.93,2021,5,55,2,19,0,6,4349.8,724.9666666666667,702.52,773.78,27.812536501848744,6,1,0,0,0,0,0.0,31.850000000000023,0.9771362078183476,1.0429285781677518,0,0.0
C-33364,Active,Northgate,45-59,English,Private tenancy,3,2025-04-15,,871.28,2025,4,8,3,5,4,7,5781.34,825.9057142857143,735.56,903.71,66.70940909575471,6,2,1,1,0,0,0.0,44.86000000000013,0.9479222687146661,1.0372210999908182,5,0.7142857142857143
C-33365,Active,Weybridge,60-74,English,Social tenancy,2,2021-05-27,,614.24,2021,5,55,1,13,0,6,3509.24,584.8733333333333,492.57,627.83,47.43665952263785,6,1,0,0,0,0,0.0,13.590000000000032,0.9521902405140228,1.022124902318312,0,0.0
C-33366,Active,Northgate,45-59,English,Resident with family,2,2022-10-04,,742.28,2022,10,38,3,23,1,7,4697.51,671.0728571428572,575.68,769.07,81.83503787381983,6,2,1,1,0,0,0.0,26.790000000000077,0.9040697003056221,1.0360915018591368,1,0.14285714285714285
C-33367,Active,Calder Central,75+,Spanish,No fixed abode,3,2023-12-22,,777.5,2023,12,24,3,12,1,6,4522.27,753.7116666666667,652.39,806.34,54.809875539602054,6,1,0,0,0,0,0.0,45.83000000000004,0.9694040728831727,1.0370932475884245,1,0.16666666666666666
C-33368,Active,Calder Central,60-74,Spanish,No fixed abode,2,2023-03-20,,925.65,2023,3,33,5,16,1,6,5485.7,914.2833333333333,807.66,979.52,65.60945440000752,6,1,0,0,0,0,0.0,114.23000000000013,0.9877203406615171,1.0581969426889213,3,0.5
C-33369,Active,Calder Central,45-59,English,Owner-occupier,1,2025-04-22,,378.66,2025,4,8,1,11,1,6,2196.09,366.01500000000004,332.81,400.04,22.8856074859288,6,1,0,0,0,0,0.0,23.66999999999996,0.9666059261606718,1.0564622616595363,2,0.3333333333333333
C-33370,Active,Ash Hill,60-74,English,Private tenancy,1,2021-09-05,,455.15,2021,9,51,4,21,1,6,2644.7,440.7833333333333,387.23,468.34,29.56264309338167,6,1,0,0,0,0,0.0,23.480000000000018,0.9684353143652276,1.028979457321762,2,0.3333333333333333
C-33371,Closed,Northgate,30-44,Other,Owner-occupier,3,2023-05-09,2025-09,1055.36,2023,5,31,6,16,1,3,3147.33,1049.11,1004.11,1091.43,43.72164681253436,3,1,0,0,0,0,0.0,36.070000000000164,0.9940778502122499,1.034177910855064,0,0.0
C-33372,Active,Calder Central,45-59,English,Resident with family,2,2024-07-27,,813.23,2024,7,17,5,5,1,6,4861.79,810.2983333333333,792.37,847.37,19.956039102654263,6,1,0,0,0,0,0.0,35.20999999999992,0.9963950337952773,1.0419807434551112,1,0.16666666666666666
C-33373,Active,Ash Hill,45-59,English,Owner-occupier,4,2021-04-28,,1026.87,2021,4,56,1,23,0,6,5938.27,989.7116666666667,749.39,1074.75,121.41713955066916,6,1,0,0,0,0,0.0,96.71000000000049,0.9638139848926026,1.0466271290426248,0,0.0
C-33374,Active,Northgate,60-74,Other,Social tenancy,2,2022-12-16,,542.2,2022,12,36,1,16,1,6,3349.2,558.1999999999999,528.05,572.72,16.916511460700175,6,1,0,0,0,0,0.0,110.14999999999986,1.0295094061232017,1.0562891921800073,2,0.3333333333333333
C-33375,Active,Weybridge,18-29,English,Social tenancy,1,2021-04-02,,733.28,2021,4,56,1,2,1,6,4251.49,708.5816666666666,536.86,760.26,87.69850840616772,6,1,0,0,0,0,0.0,86.8900000000001,0.9663180049458143,1.0367935849879992,1,0.16666666666666666
C-33376,Active,Northgate,18-29,English,Resident with family,2,2024-07-24,,1026.28,2024,7,17,1,14,3,6,6080.860000000001,1013.4766666666668,980.81,1066.92,29.941789303023786,6,1,0,0,0,0,0.0,40.6400000000001,0.9875245222226553,1.0395993296176482,0,0.0
C-33377,Active,Calder Central,75+,English,Private tenancy,1,2023-01-26,,762.6,2023,1,35,2,18,0,6,4489.9,748.3166666666666,723.01,783.09,24.13351832341619,6,1,0,0,0,0,0.0,26.399999999999977,0.9812702159279656,1.0268686073957514,0,0.0
C-33378,Active,Calder Central,60-74,English,Private tenancy,1,2022-04-04,,673.21,2022,4,44,1,21,2,6,4090.73,681.7883333333333,636.2,713.07,35.0112801346461,6,1,0,0,0,0,0.0,119.2199999999998,1.0127424330199095,1.059208864990122,2,0.3333333333333333
C-33379,Active,Northgate,30-44,English,Resident with family,2,2024-11-15,,625.25,2024,11,13,1,0,1,6,8233.23,1372.205,1219.59,1446.94,89.52485839139877,6,1,0,0,0,0,0.0,4481.73,2.1946501399440224,2.3141783286685325,2,0.3333333333333333
C-33380,Active,Northgate,45-59,English,Owner-occupier,1,2024-01-24,,672.55,2024,1,23,2,22,0,6,3899.91,649.985,556.31,711.66,53.224089940552304,6,1,0,0,0,0,0.0,47.8900000000001,0.9664485911828118,1.058151810274329,0,0.0
C-33381,Active,Weybridge,45-59,Spanish,Private tenancy,2,2022-12-22,,816.21,2022,12,36,3,23,1,6,4943.08,823.8466666666667,770.09,854.9,30.39299897454456,6,1,0,0,0,0,0.0,96.99999999999977,1.0093562522716784,1.047402016637875,2,0.3333333333333333
C-33382,Active,Weybridge,30-44,English,Resident with family,2,2022-11-30,,510.47,2022,11,37,3,16,0,6,3121.91,520.3183333333333,501.94,533.92,13.880928523217284,6,1,0,0,0,0,0.0,74.62999999999988,1.019292677989565,1.0459380570846473,0,0.0
C-33383,Active,Calder Central,18-29,English,Resident with family,5,2025-06-04,,1611.73,2025,6,6,2,11,1,6,9607.01,1601.1683333333333,1544.86,1646.71,45.52438002506646,6,1,0,0,0,0,0.0,87.56999999999994,0.9934470000144772,1.0217033870437355,1,0.16666666666666666
C-33384,Active,Calder Central,30-44,English,Private tenancy,1,2023-03-09,,607.72,2023,3,33,2,13,1,6,3685.66,614.2766666666666,575.13,638.05,25.568101741558095,6,1,0,0,0,0,0.0,88.0899999999998,1.0107889598279909,1.0499078523004013,1,0.16666666666666666
C-33385,Active,Weybridge,30-44,English,Social tenancy,2,2021-09-22,,771.81,2021,9,51,2,18,0,6,4491.0599999999995,748.5099999999999,549.38,812.22,99.73118890297052,6,1,0,0,0,0,0.0,103.54000000000019,0.9698112229693837,1.052357445485288,0,0.0
C-33386,Active,Northgate,18-29,English,No fixed abode,1,2023-01-18,,558.99,2023,1,35,0,4,0,6,3179.96,529.9933333333333,403.03,581.72,63.89632905470132,6,1,0,0,0,0,0.0,22.730000000000018,0.94812668085893,1.0406626236605305,0,0.0
C-33387,Active,Calder Central,75+,Spanish,Resident with family,4,2025-05-26,,1094.6,2025,5,7,3,19,2,6,6109.13,1018.1883333333334,890.15,1124.65,89.79890854941765,6,1,0,0,0,0,0.0,30.050000000000182,0.9301921554296851,1.0274529508496255,2,0.3333333333333333
C-33388,Active,Calder Central,18-29,English,Social tenancy,3,2024-05-07,,1058.98,2024,5,19,3,20,1,6,5850.639999999999,975.1066666666666,851.11,1099.1,98.82296892254689,6,1,0,0,0,0,0.0,40.11999999999989,0.9207980005917644,1.0378855124742676,1,0.16666666666666666
C-33389,Suspended,Calder Central,60-74,English,Resident with family,2,2023-07-05,,510.1,2023,7,29,0,16,1,6,3072.5699999999997,512.0949999999999,481.16,540.67,25.35386420252345,6,1,0,0,0,0,0.0,69.12999999999977,1.0039109978435599,1.0599294256028229,2,0.3333333333333333
C-33390,Active,Calder Central,75+,Spanish,Owner-occupier,4,2024-09-27,,1178.96,2024,9,15,5,4,2,6,7116.31,1186.0516666666667,1136.51,1222.9,33.67430083411782,6,1,0,0,0,0,0.0,104.77999999999997,1.006015188527742,1.0372701363913959,1,0.16666666666666666
C-33391,Active,Calder Central,45-59,Other,Resident with family,5,2025-07-23,,1297.92,2025,7,5,3,8,2,6,7798.41,1299.735,1236.81,1361.42,48.44899369439991,6,1,0,0,0,0,0.0,117.44999999999982,1.001398391272189,1.048924432938856,1,0.16666666666666666
C-33392,Active,Weybridge,45-59,English,Social tenancy,2,2021-12-25,,671.81,2021,12,48,3,20,0,6,4021.88,670.3133333333334,641.92,710.22,27.0051533353667,6,1,0,0,0,0,0.0,63.010000000000105,0.9977721875728753,1.0571739033357648,0,0.0
C-33393,Active,Calder Central,18-29,English,Resident with family,1,2023-04-08,,629.71,2023,4,32,4,8,2,6,6137.110000000001,1022.8516666666668,895.21,1101.55,76.69552722725533,6,1,0,0,0,0,0.0,2358.85,1.624321777749546,1.749297295580505,2,0.3333333333333333
C-33394,Active,Weybridge,18-29,English,Private tenancy,1,2025-05-16,,524.35,2025,5,7,1,6,0,6,3036.6099999999997,506.10166666666663,404.09,539.55,52.53799897851713,6,1,0,0,0,0,0.0,39.76999999999987,0.9651981818759734,1.0289882711929055,0,0.0
C-33395,Active,Calder Central,30-44,English,Private tenancy,2,2021-11-23,,700.4,2021,11,49,3,17,0,6,3968.83,661.4716666666667,488.25,741.48,88.43700479248871,6,1,0,0,0,0,0.0,43.91000000000008,0.9444198553207691,1.058652198743575,0,0.0
C-33396,Active,Weybridge,45-59,English,Social tenancy,2,2022-06-24,,961.18,2022,6,42,0,15,3,6,5578.53,929.755,748.97,1005.05,93.55332762654679,6,1,0,0,0,0,0.0,77.50000000000011,0.967305811606567,1.0456418152687321,2,0.3333333333333333
C-33397,Active,Calder Central,45-59,English,Resident with family,1,2024-03-06,,756.31,2024,3,21,4,1,2,6,4615.0,769.1666666666666,741.67,792.01,19.90594149159157,6,1,0,0,0,0,0.0,92.20000000000027,1.0169992022671481,1.0472028665494308,3,0.5
C-33398,Active,Northgate,45-59,English,No fixed abode,2,2025-06-13,,519.37,2025,6,6,1,5,0,6,3097.27,516.2116666666667,500.72,548.16,18.523789479117564,6,1,0,0,0,0,0.0,36.77999999999997,0.9939189145824107,1.0554325432735814,0,0.0
C-33399,Active,Weybridge,18-29,English,Private tenancy,4,2025-05-15,,1022.92,2025,5,7,0,6,0,6,6127.24,1021.2066666666666,976.12,1063.12,35.75666296883232,6,1,0,0,0,0,0.0,81.99000000000012,0.9983250563745617,1.0392992609392717,0,0.0
C-33400,Active,Weybridge,75+,English,Private tenancy,2,2024-10-01,,1026.15,2024,10,14,2,22,0,6,6016.469999999999,1002.7449999999999,970.49,1030.35,23.7443574349781,6,1,0,0,0,0,0.0,4.199999999999818,0.9771914437460408,1.0040929688642009,0,0.0
C-33401,Suspended,Calder Central,60-74,English,No fixed abode,1,2025-05-20,,755.52,2025,5,7,2,9,1,6,4483.49,747.2483333333333,732.76,767.51,12.72693115667192,6,1,0,0,0,0,0.0,11.990000000000009,0.9890516906677962,1.0158698644642101,1,0.16666666666666666
C-33402,Active,Weybridge,30-44,English,Resident with family,1,2025-04-15,,650.09,2025,4,8,4,21,1,6,3900.54,650.09,650.09,650.09,0.0,6,1,0,0,0,0,0.0,0.0,1.0,1.0,1,0.16666666666666666
C-33403,Active,Northgate,60-74,English,Private tenancy,2,2023-05-21,,800.32,2023,5,31,3,7,2,6,4519.32,753.2199999999999,615.12,848.25,94.23486637121103,6,1,0,0,0,0,0.0,62.169999999999845,0.9411485405837664,1.059888544582167,0,0.0
C-33404,Active,Weybridge,60-74,English,No fixed abode,1,2022-09-16,,631.08,2022,9,39,1,14,0,6,3835.75,639.2916666666666,603.66,665.88,28.01377191073473,6,1,0,0,0,0,0.0,98.50999999999988,1.0130120851027866,1.0551435634150979,0,0.0
C-33405,Active,Weybridge,30-44,English,Social tenancy,4,2024-12-17,,1273.61,2024,12,12,0,5,1,6,7146.51,1191.085,901.67,1347.32,177.3047514027755,6,1,0,0,0,0,0.0,143.21000000000026,0.9352038693163528,1.0578748596509135,2,0.3333333333333333
C-33406,Active,Northgate,75+,Other,Owner-occupier,1,2022-01-24,,600.03,2022,1,47,4,0,2,6,3460.38,576.73,477.0,613.31,50.50940070917492,6,1,0,0,0,0,0.0,20.039999999999964,0.9611686082362548,1.0221322267219972,1,0.16666666666666666
C-33407,Active,Northgate,75+,English,No fixed abode,1,2023-06-13,,569.54,2023,6,30,3,15,2,7,3907.44,558.2057142857143,542.97,584.48,14.984963415752071,6,2,1,1,0,0,0.0,14.940000000000055,0.9800992279483695,1.0262316957544686,0,0.0
C-33408,Active,Weybridge,45-59,English,No fixed abode,2,2021-08-20,,601.99,2021,8,52,2,11,1,6,3622.98,603.83,585.96,617.09,11.892257985765363,6,1,0,0,0,0,0.0,33.049999999999955,1.0030565291782256,1.0250834731473946,3,0.5
C-33409,Active,Weybridge,45-59,English,Owner-occupier,3,2023-12-21,,1232.85,2023,12,24,0,14,1,6,7444.44,1240.74,1202.87,1290.67,32.044798641901366,6,1,0,0,0,0,0.0,100.49000000000024,1.0063998053291154,1.0468994605994242,1,0.16666666666666666
C-33410,Active,Calder Central,30-44,English,Owner-occupier,1,2021-03-19,,461.16,2021,3,57,1,6,0,6,2675.5299999999997,445.9216666666666,359.33,476.69,44.09197360820523,6,1,0,0,0,0,0.0,33.87999999999994,0.9669565154537832,1.0336759476103738,0,0.0
C-33411,Active,Calder Central,60-74,English,Private tenancy,5,2023-08-28,,802.33,2023,8,28,4,1,3,6,4548.46,758.0766666666667,631.2,820.08,65.55066152730014,6,1,0,0,0,0,0.0,17.75,0.944843975255402,1.022123066568619,3,0.5
C-33412,Active,Weybridge,30-44,English,Social tenancy,1,2025-06-25,,721.12,2025,6,6,5,0,0,6,4057.24,676.2066666666666,573.01,728.59,53.82942565796768,6,1,0,0,0,0,0.0,7.470000000000027,0.9377172546409289,1.010358886177058,0,0.0
C-33413,Active,Calder Central,75+,Other,Private tenancy,5,2021-08-25,,1165.07,2021,8,52,3,9,3,6,6879.21,1146.535,1099.44,1214.76,47.4874980389576,6,1,0,0,0,0,0.0,78.15000000000009,0.9840910846558577,1.0426497978662226,2,0.3333333333333333
C-33414,Closed,Northgate,30-44,English,Social tenancy,1,2022-11-18,2025-12,568.29,2022,11,37,1,6,0,6,3265.8199999999997,544.3033333333333,414.97,588.52,65.91409945274731,6,1,0,0,0,0,0.0,45.270000000000095,0.9577915031644642,1.0355980221365853,0,0.0
C-33415,Active,Calder Central,75+,English,Social tenancy,1,2024-05-23,,487.25,2024,5,19,4,5,0,6,2930.91,488.48499999999996,466.41,509.87,17.083964118435738,6,1,0,0,0,0,0.0,44.55000000000001,1.0025346331452025,1.046423807080554,0,0.0
C-33416,Active,Calder Central,18-29,English,Private tenancy,3,2024-11-04,,1233.65,2024,11,13,4,12,0,6,7382.14,1230.3566666666668,1165.79,1297.68,49.05521283886826,6,1,0,0,0,0,0.0,98.11999999999989,0.997330415163674,1.0519028897985652,0,0.0
C-33417,Active,Calder Central,45-59,English,Owner-occupier,5,2021-07-25,,852.17,2021,7,53,1,15,0,6,5178.2,863.0333333333333,827.02,903.28,28.344345232632655,6,1,0,0,0,0,0.0,108.12000000000012,1.0127478476516814,1.0599762958095216,0,0.0
C-33418,Active,Ash Hill,18-29,Spanish,Social tenancy,4,2022-07-14,,929.7,2022,7,41,2,11,2,6,5441.05,906.8416666666667,712.52,971.18,98.55270395411108,6,1,0,0,0,0,0.0,106.44999999999982,0.9754132157326736,1.0446165429708507,2,0.3333333333333333
C-33419,Active,Weybridge,18-29,English,Owner-occupier,4,2024-10-06,,1061.91,2024,10,14,2,14,1,6,6345.63,1057.605,1041.32,1081.11,15.293288397202158,6,1,0,0,0,0,0.0,25.0799999999997,0.9959459841229482,1.0180806283018333,1,0.16666666666666666
C-33420,Active,Northgate,30-44,English,Private tenancy,1,2023-12-27,,722.38,2023,12,24,3,16,0,6,4267.52,711.2533333333334,597.11,761.24,61.38415387269475,6,1,0,0,0,0,0.0,91.22000000000003,0.9845972110708122,1.0537944018383676,0,0.0
C-33421,Active,Northgate,75+,English,Resident with family,5,2022-01-03,,1372.66,2022,1,47,2,13,1,6,7881.75,1313.625,1057.9,1420.87,132.08873725643676,6,1,0,0,0,0,0.0,64.01999999999975,0.9569922631970044,1.0351215887401104,0,0.0
C-33422,Active,Weybridge,45-59,English,Social tenancy,4,2022-07-02,,892.71,2022,7,41,4,19,1,6,5436.82,906.1366666666667,848.1,935.77,31.451330443506944,6,1,0,0,0,0,0.0,125.16999999999985,1.0150403453155745,1.0482351491525803,2,0.3333333333333333
C-33423,Active,Calder Central,60-74,English,Social tenancy,3,2024-11-21,,974.08,2024,11,13,0,8,0,6,5676.63,946.105,808.72,1028.0,78.69229511203741,6,1,0,0,0,0,0.0,93.37999999999988,0.9712805929697765,1.0553547963206307,0,0.0
C-33424,Active,Northgate,30-44,Other,No fixed abode,3,2023-07-08,,1095.55,2023,7,29,6,21,0,6,6178.15,1029.6916666666666,846.1,1139.18,117.14477938289293,6,1,0,0,0,0,0.0,75.63000000000011,0.9398855977971491,1.03982474556159,0,0.0
C-33425,Active,Calder Central,30-44,English,No fixed abode,1,2023-03-28,,431.77,2023,3,33,0,6,0,6,2614.13,435.68833333333333,418.05,455.91,13.780909137885887,6,1,0,0,0,0,0.0,46.11000000000013,1.0090750476719859,1.0559093962063137,0,0.0
C-33426,Active,Calder Central,18-29,English,Owner-occupier,4,2022-08-09,,1355.96,2022,8,40,0,16,1,6,7742.1,1290.3500000000001,1038.12,1424.48,151.8491633167599,6,1,0,0,0,0,0.0,155.30999999999995,0.9516136169208531,1.0505324640844862,3,0.5
C-33427,Active,Calder Central,45-59,English,No fixed abode,2,2025-02-08,,706.82,2025,2,10,0,3,1,6,4246.13,707.6883333333334,674.98,745.99,32.64988662563266,6,1,0,0,0,0,0.0,88.44999999999993,1.0012285070220612,1.055417220791715,1,0.16666666666666666
C-33428,Active,Weybridge,75+,English,Social tenancy,5,2021-02-25,,916.62,2021,2,58,0,1,2,6,5077.82,846.3033333333333,634.48,949.52,122.41445546448614,6,1,0,0,0,0,0.0,60.870000000000005,0.9232870037020066,1.0358927363574872,2,0.3333333333333333
C-33429,Active,Calder Central,30-44,English,Social tenancy,5,2023-11-05,,1196.67,2023,11,25,5,10,0,6,7004.77,1167.4616666666668,883.43,1234.29,139.56015210892633,6,1,0,0,0,0,0.0,137.98999999999978,0.9755919899944567,1.0314372383363835,0,0.0
C-33430,Closed,Weybridge,60-74,English,Owner-occupier,4,2021-09-22,2025-11,869.46,2021,9,51,1,12,0,5,4369.35,873.8700000000001,833.97,901.06,25.02130592115445,5,1,0,0,0,0,0.0,57.53999999999985,1.0050721137257608,1.0363443976721183,0,0.0
C-33431,Active,Weybridge,30-44,Other,No fixed abode,5,2021-07-21,,1587.58,2021,7,53,6,4,0,6,9233.97,1538.995,1308.99,1672.01,129.30303380044876,6,1,0,0,0,0,0.0,134.5400000000002,0.9693968177981582,1.0531815719522797,0,0.0
C-33432,Active,Northgate,45-59,English,Social tenancy,3,2025-05-05,,744.47,2025,5,7,2,21,3,6,4499.27,749.8783333333334,704.63,784.46,28.23266719009499,6,1,0,0,0,0,0.0,85.43999999999994,1.0072646759887347,1.05371606646339,2,0.3333333333333333
C-33433,Active,Calder Central,60-74,English,Private tenancy,1,2022-11-02,,383.09,2022,11,37,1,22,0,6,2239.54,373.25666666666666,279.54,404.88,46.73692444595244,6,1,0,0,0,0,0.0,48.12000000000006,0.9743315321899989,1.0568795844318568,0,0.0
C-33434,Active,Northgate,18-29,English,No fixed abode,3,2024-09-10,,1026.29,2024,9,15,1,8,0,6,6187.360000000001,1031.2266666666667,841.61,1085.99,93.38347384128879,6,1,0,0,0,0,0.0,214.30000000000018,1.004810206341937,1.0581706924943242,0,0.0
C-33435,Active,Weybridge,30-44,English,No fixed abode,1,2024-01-14,,454.18,2024,1,23,2,7,2,6,2695.79,449.29833333333335,436.5,476.09,14.473084559507896,6,1,0,0,0,0,0.0,21.909999999999968,0.9892516916934548,1.0482407855916156,2,0.3333333333333333
C-33436,Active,Weybridge,45-59,Spanish,Private tenancy,3,2024-12-16,,741.1,2024,12,12,3,21,1,6,4483.86,747.31,713.17,779.89,27.88757572827011,6,1,0,0,0,0,0.0,91.56999999999982,1.0083794359735527,1.0523411145594386,0,0.0
C-33437,Active,Weybridge,75+,English,No fixed abode,3,2021-02-07,,639.11,2021,2,58,3,12,0,6,3608.86,601.4766666666667,485.04,638.78,57.61995788497824,6,1,0,0,0,0,0.0,0.0,0.9411160311474811,0.9994836569604606,0,0.0
C-33438,Active,Calder Central,30-44,English,Resident with family,1,2023-10-21,,378.54,2023,10,26,1,13,2,6,2256.63,376.105,314.21,399.0,32.78282278877156,6,1,0,0,0,0,0.0,64.1099999999999,0.9935673905003434,1.054049770169599,2,0.3333333333333333
C-33439,Active,Calder Central,60-74,English,Social tenancy,3,2022-12-12,,781.41,2022,12,36,3,12,0,6,4237.79,706.2983333333333,590.82,798.95,82.78917596320588,6,1,0,0,0,0,0.0,17.540000000000077,0.9038767527077122,1.0224466029357189,0,0.0
C-33440,Active,Northgate,18-29,English,Resident with family,5,2025-03-15,,1187.64,2025,3,9,3,9,0,6,7148.4400000000005,1191.4066666666668,1119.26,1256.99,49.044830784361665,6,1,0,0,0,0,0.0,121.08999999999969,1.0031715559148113,1.058393115758984,0,0.0
C-33441,Active,Northgate,30-44,English,Private tenancy,3,2022-10-25,,975.15,2022,10,38,1,20,0,6,5857.79,976.2983333333333,874.15,1017.92,56.323616509122246,6,1,0,0,0,0,0.0,130.19000000000005,1.0011775966090688,1.0438599189868225,0,0.0
C-33442,Active,Northgate,45-59,English,Social tenancy,3,2022-04-15,,1229.92,2022,4,44,0,19,2,6,7610.88,1268.48,1183.23,1302.05,46.83710921907972,6,1,0,0,0,0,0.0,278.0499999999995,1.0313516326265122,1.0586460908026538,4,0.6666666666666666
C-33443,Active,Calder Central,75+,English,Private tenancy,1,2021-03-04,,617.61,2021,3,57,1,15,0,6,3656.54,609.4233333333333,581.35,641.17,25.491523035445805,6,1,0,0,0,0,0.0,46.67999999999995,0.986744601501487,1.0381470507278054,0,0.0
C-33444,Active,Weybridge,30-44,English,Social tenancy,5,2023-03-04,,1234.04,2023,3,33,0,2,1,6,7412.4,1235.3999999999999,1190.49,1281.02,38.532442434914486,6,1,0,0,0,0,0.0,105.11999999999989,1.0011020712456646,1.0380700787656802,0,0.0
C-33445,Active,Weybridge,18-29,English,Resident with family,4,2023-05-20,,1216.95,2023,5,31,0,6,1,6,7208.53,1201.4216666666666,1168.61,1254.77,33.64801950585901,6,1,0,0,0,0,0.0,48.72999999999979,0.9872399578180423,1.0310776942355888,0,0.0
C-33446,Active,Weybridge,30-44,Other,Resident with family,1,2023-06-21,,617.96,2023,6,30,2,0,2,6,3462.9,577.15,485.68,644.2,72.28529753691271,6,1,0,0,0,0,0.0,51.069999999999936,0.9339601268690529,1.0424622952941938,1,0.16666666666666666
C-33447,Active,Calder Central,30-44,English,Private tenancy,3,2023-02-12,,865.41,2023,2,34,1,21,1,7,6058.02,865.4314285714287,839.17,898.01,20.279165358047823,6,2,1,1,0,0,0.0,57.270000000000095,1.000024761178434,1.0376700061242647,0,0.0
C-33448,Active,Northgate,60-74,English,No fixed abode,3,2025-07-30,,676.35,2025,7,5,1,14,1,6,4006.03,667.6716666666667,639.63,689.64,21.124385355949805,6,1,0,0,0,0,0.0,23.519999999999982,0.9871688721322786,1.01964958970947,3,0.5
C-33449,Active,Weybridge,30-44,English,No fixed abode,3,2025-01-08,,1139.94,2025,1,11,2,22,0,6,6888.45,1148.075,1123.25,1165.39,17.02102435225333,6,1,0,0,0,0,0.0,70.7199999999998,1.0071363405091496,1.0223257364422689,0,0.0
C-33450,Active,Weybridge,75+,English,Private tenancy,1,2023-04-01,,618.8,2023,4,32,1,10,1,6,3688.56,614.76,586.65,649.11,25.432917253040408,6,1,0,0,0,0,0.0,51.25000000000023,0.9934712346477053,1.0489819004524887,3,0.5
C-33451,Active,Northgate,45-59,English,Social tenancy,1,2023-06-07,,754.29,2023,6,30,1,16,0,6,4394.37,732.395,712.58,753.73,15.540031853249209,6,1,0,0,0,0,0.0,0.0,0.970972702806613,0.9992575799758714,0,0.0
C-33452,Active,Ash Hill,30-44,English,No fixed abode,1,2021-02-27,,576.88,2021,2,58,2,6,2,6,3441.71,573.6183333333333,545.21,610.06,29.047922759926657,6,1,0,0,0,0,0.0,67.50999999999999,0.9943460222807747,1.057516294549993,2,0.3333333333333333
C-33453,Active,Northgate,30-44,English,No fixed abode,2,2022-12-26,,887.04,2022,12,36,4,21,3,6,5206.8,867.8000000000001,724.53,938.99,77.72927222095933,6,1,0,0,0,0,0.0,95.32000000000005,0.9783098845598847,1.0585655663780664,2,0.3333333333333333
C-33454,Active,Northgate,18-29,English,Owner-occupier,1,2025-05-21,,525.99,2025,5,7,1,13,0,6,3113.38,518.8966666666666,410.07,555.41,55.22247175441052,6,1,0,0,0,0,0.0,85.43999999999994,0.9865143190301463,1.0559326222931995,0,0.0
C-33455,Active,Ash Hill,60-74,Spanish,Private tenancy,4,2021-05-28,,849.94,2021,5,55,3,16,0,6,4928.83,821.4716666666667,645.29,896.92,92.36025907643756,6,1,0,0,0,0,0.0,91.63999999999976,0.9665054788181126,1.0552744899639974,0,0.0
C-33456,Active,Northgate,45-59,English,Owner-occupier,3,2021-03-17,,871.17,2021,3,57,2,4,0,6,5185.75,864.2916666666666,826.71,914.83,36.7618511050065,6,1,0,0,0,0,0.0,76.25000000000011,0.9921044878343684,1.0501165099808305,0,0.0
C-33457,Active,Calder Central,75+,English,Social tenancy,3,2021-08-01,,849.04,2021,8,52,2,5,0,6,5054.14,842.3566666666667,800.38,896.23,34.875755857997774,6,1,0,0,0,0,0.0,61.63000000000011,0.9921283645843149,1.0555804202393293,0,0.0
C-33458,Active,Calder Central,30-44,Spanish,Owner-occupier,4,2023-01-29,,1066.8,2023,1,35,4,10,1,6,6385.71,1064.285,930.34,1130.38,70.92021961330913,6,1,0,0,0,0,0.0,132.96000000000026,0.9976424821897263,1.0595988001499814,1,0.16666666666666666
C-33459,Active,Ash Hill,18-29,Spanish,Owner-occupier,1,2021-05-16,,760.39,2021,5,55,4,13,4,6,4399.75,733.2916666666666,570.16,777.28,81.05551342547074,6,1,0,0,0,0,0.0,47.50999999999999,0.9643625858660249,1.0222122858007074,1,0.16666666666666666
C-33460,Active,Calder Central,75+,Other,Social tenancy,5,2021-07-16,,1547.25,2021,7,53,5,6,0,6,9231.9,1538.6499999999999,1367.89,1618.62,92.28920001820357,6,1,0,0,0,0,0.0,167.2199999999998,0.9944417514945871,1.0461269995152689,0,0.0
C-33461,Active,Ash Hill,30-44,English,Resident with family,1,2021-05-06,,711.21,2021,5,55,1,9,1,6,4213.61,702.2683333333333,678.56,752.83,25.953464059093694,6,1,0,0,0,0,0.0,41.620000000000005,0.9874275296091638,1.058519987064299,2,0.3333333333333333
C-33462,Closed,Northgate,30-44,English,Resident with family,3,2022-04-11,2025-12,837.19,2022,4,44,2,11,0,6,4886.03,814.3383333333333,696.11,876.84,65.29580244293402,6,1,0,0,0,0,0.0,71.6099999999999,0.9727043243867382,1.047360814152104,0,0.0
C-33463,Active,Northgate,45-59,Other,Owner-occupier,3,2024-02-22,,723.27,2024,2,22,3,6,1,6,4037.58,672.93,502.99,724.78,84.69287408040893,6,1,0,0,0,0,0.0,1.509999999999991,0.9303994358953088,1.0020877404012334,1,0.16666666666666666
C-33464,Active,Calder Central,30-44,English,Owner-occupier,1,2025-01-06,,688.73,2025,1,11,1,20,2,6,3882.79,647.1316666666667,472.85,707.91,87.40767779014989,6,1,0,0,0,0,0.0,30.309999999999945,0.939601391933946,1.0278483585730256,2,0.3333333333333333
C-33465,Active,Weybridge,45-59,English,No fixed abode,2,2024-10-11,,637.27,2024,10,14,0,17,1,6,3672.93,612.155,476.54,657.94,69.31787669858328,6,1,0,0,0,0,0.0,54.020000000000095,0.9605897029516531,1.0324352315345144,0,0.0
C-33466,Active,Northgate,30-44,English,No fixed abode,1,2024-05-29,,670.31,2024,5,19,0,12,1,6,3949.99,658.3316666666666,557.04,705.54,52.3652901898449,6,1,0,0,0,0,0.0,57.86000000000024,0.9821301586827985,1.0525577717772374,1,0.16666666666666666
C-33467,Active,Weybridge,60-74,Spanish,Social tenancy,2,2023-09-26,,1027.08,2023,9,27,6,16,3,6,6037.79,1006.2983333333333,970.8,1063.95,34.96250644142478,6,1,0,0,0,0,0.0,37.12000000000012,0.9797662629331049,1.0358978852669705,1,0.16666666666666666
C-33468,Suspended,Calder Central,30-44,English,Social tenancy,2,2022-08-01,,587.78,2022,8,40,2,9,2,6,3451.45,575.2416666666667,557.4,619.16,23.36196773961187,6,1,0,0,0,0,0.0,31.379999999999995,0.9786683226150373,1.0533873217870633,2,0.3333333333333333
C-33469,Active,Ash Hill,18-29,English,Owner-occupier,2,2023-04-09,,956.08,2023,4,32,4,3,2,6,5643.03,940.505,901.14,992.1,31.6552319530279,6,1,0,0,0,0,0.0,38.889999999999986,0.9837095222157141,1.0376746715756004,3,0.5
C-33470,Suspended,Calder Central,60-74,English,Private tenancy,5,2025-03-11,,1333.13,2025,3,9,2,7,1,6,8190.54,1365.09,1262.67,1410.32,57.59787009950977,6,1,0,0,0,0,0.0,262.6899999999996,1.0239736559825372,1.0579013299528177,3,0.5
C-33471,Active,Weybridge,30-44,English,Social tenancy,3,2024-12-28,,834.52,2024,12,12,2,3,0,6,4848.27,808.0450000000001,790.12,826.75,14.332452337265927,6,1,0,0,0,0,0.0,0.0,0.9682751761491636,0.9906892584959018,0,0.0
C-33472,Active,Northgate,30-44,English,Social tenancy,2,2022-10-21,,921.12,2022,10,38,2,2,1,6,5521.77,920.2950000000001,890.7,959.27,30.730597618660116,6,1,0,0,0,0,0.0,72.99999999999989,0.9991043512245961,1.041416970644433,2,0.3333333333333333
C-33473,Active,Ash Hill,75+,English,No fixed abode,1,2024-02-17,,736.15,2024,2,22,1,10,0,6,4393.1,732.1833333333334,660.75,775.67,39.01460683726887,6,1,0,0,0,0,0.0,63.440000000000055,0.9946116054246191,1.0536847109964003,0,0.0
C-33474,Suspended,Calder Central,18-29,English,No fixed abode,2,2024-11-22,,940.98,2024,11,13,1,6,0,6,5276.34,879.39,761.6,966.14,94.51036937817985,6,1,0,0,0,0,0.0,48.719999999999914,0.9345469616782504,1.0267380815745286,0,0.0
C-33475,Active,Ash Hill,30-44,English,Private tenancy,2,2023-10-26,,597.69,2023,10,26,3,11,0,6,3508.35,584.725,505.1,632.27,46.501125900347816,6,1,0,0,0,0,0.0,67.53999999999985,0.978308153055932,1.057856079238401,0,0.0
C-33476,Active,Northgate,60-74,English,Owner-occupier,2,2022-06-13,,1008.33,2022,6,42,1,13,2,6,5715.43,952.5716666666667,679.67,1059.45,139.31061028028938,6,1,0,0,0,0,0.0,93.06999999999994,0.9447022965365175,1.0506976882568206,1,0.16666666666666666
C-33477,Active,Northgate,45-59,English,No fixed abode,4,2025-05-26,,1273.91,2025,5,7,2,6,0,6,7583.03,1263.8383333333334,1206.77,1306.42,39.421545589520804,6,1,0,0,0,0,0.0,65.72999999999979,0.9920938946498051,1.0255198561907828,0,0.0
C-33478,Active,Calder Central,75+,English,Owner-occupier,1,2022-12-23,,736.7,2022,12,36,2,16,1,6,4266.7,711.1166666666667,600.1,759.8,59.16964582171049,6,1,0,0,0,0,0.0,46.13999999999987,0.9652730645672141,1.0313560472376815,2,0.3333333333333333
C-33479,Active,Weybridge,60-74,English,Private tenancy,3,2022-08-22,,617.77,2022,8,40,2,17,1,6,3602.8599999999997,600.4766666666666,526.24,639.31,40.512082477535834,6,1,0,0,0,0,0.0,32.309999999999945,0.9720068418127567,1.0348673454521908,1,0.16666666666666666
C-33480,Active,Weybridge,75+,English,Private tenancy,3,2021-01-20,,1150.04,2021,1,59,1,7,1,6,6497.99,1082.9983333333332,883.36,1161.53,100.58695132404925,6,1,0,0,0,0,0.0,11.490000000000009,0.9417049262054653,1.009990956836284,2,0.3333333333333333
C-33481,Active,Northgate,30-44,Spanish,Private tenancy,4,2024-04-17,,1163.82,2024,4,20,4,16,0,6,6800.57,1133.4283333333333,1050.78,1199.33,52.102474957209694,6,1,0,0,0,0,0.0,48.570000000000164,0.9738862825293717,1.0305115911395233,0,0.0
C-33482,Active,Northgate,45-59,English,No fixed abode,2,2021-10-30,,780.84,2021,10,50,1,8,2,6,4634.03,772.3383333333333,741.0,790.61,20.46643243622755,6,1,0,0,0,0,0.0,19.55999999999983,0.9891121527244163,1.0125121663849188,0,0.0
C-33483,Active,Northgate,30-44,English,No fixed abode,2,2022-06-16,,749.87,2022,6,42,1,3,0,6,4436.84,739.4733333333334,718.68,757.51,15.527506775611695,6,1,0,0,0,0,0.0,7.639999999999986,0.9861353745760376,1.0101884326616613,0,0.0
C-33484,Active,Calder Central,30-44,English,Private tenancy,1,2021-01-28,,539.68,2021,1,59,1,4,0,6,3259.8399999999997,543.3066666666666,526.16,571.77,16.99957489664573,6,1,0,0,0,0,0.0,48.66000000000008,1.0067200316236782,1.059461162170175,0,0.0
C-33485,Active,Calder Central,18-29,Spanish,Owner-occupier,3,2025-06-22,,609.23,2025,6,6,4,1,2,6,3571.37,595.2283333333334,482.98,645.01,61.974963143729816,6,1,0,0,0,0,0.0,94.32999999999993,0.977017437311579,1.0587298721336769,1,0.16666666666666666
C-33486,Suspended,Weybridge,60-74,English,Private tenancy,4,2022-08-02,,1185.33,2022,8,40,4,22,2,6,7111.98,1185.33,1185.33,1185.33,0.0,6,1,0,0,0,0,0.0,0.0,1.0,1.0,1,0.16666666666666666
C-33487,Active,Calder Central,45-59,Spanish,No fixed abode,2,2023-03-13,,566.31,2023,3,33,5,4,0,6,3416.98,569.4966666666667,554.77,595.69,16.100097722270725,6,1,0,0,0,0,0.0,46.26000000000022,1.0056270711565516,1.0518797125249424,0,0.0
C-33488,Active,Northgate,18-29,English,Private tenancy,2,2025-03-09,,998.22,2025,3,9,0,19,0,6,6144.9400000000005,1024.1566666666668,943.52,1052.88,41.540140908122446,6,1,0,0,0,0,0.0,210.32000000000005,1.025982916257605,1.0547574682935625,0,0.0
C-33489,Active,Northgate,75+,English,Owner-occupier,5,2022-10-31,,981.05,2022,10,38,2,13,2,6,5895.62,982.6033333333334,926.21,1026.18,36.555663127163555,6,1,0,0,0,0,0.0,90.00000000000023,1.0015833375804835,1.0460017328372664,2,0.3333333333333333
C-33490,Active,Northgate,60-74,Spanish,Resident with family,3,2021-02-27,,1162.76,2021,2,58,6,18,0,6,6884.48,1147.4133333333332,1039.88,1221.22,61.083486366338526,6,1,0,0,0,0,0.0,83.25999999999999,0.9868015182267479,1.050276927310881,0,0.0
C-33491,Active,Ash Hill,30-44,English,Owner-occupier,1,2021-10-03,,376.99,2021,10,50,0,6,0,6,2298.16,383.02666666666664,362.34,392.81,11.042475567854648,6,1,0,0,0,0,0.0,50.86999999999995,1.016012803168961,1.0419639778243455,0,0.0
C-33492,Active,Weybridge,60-74,English,Social tenancy,2,2024-03-18,,760.64,2024,3,21,2,12,0,6,4429.57,738.2616666666667,592.63,796.46,73.4959779625162,6,1,0,0,0,0,0.0,52.12000000000012,0.9705795996353949,1.0470919225915019,0,0.0
C-33493,Closed,Calder Central,30-44,English,Private tenancy,2,2022-09-01,2025-09,719.64,2022,9,39,1,14,0,3,2129.27,709.7566666666667,677.52,725.97,27.91793390158616,3,1,0,0,0,0,0.0,12.470000000000027,0.9862662812887925,1.0087960646990162,0,0.0
C-33494,Active,Ash Hill,30-44,English,Social tenancy,4,2021-05-19,,1172.77,2021,5,55,1,15,1,6,6677.1,1112.8500000000001,900.32,1231.52,118.57576076078958,6,1,0,0,0,0,0.0,103.65000000000009,0.9489072878740078,1.0500950740554413,2,0.3333333333333333
C-33495,Active,Northgate,45-59,English,Private tenancy,2,2023-04-24,,960.7,2023,4,32,4,21,2,6,8161.73,1360.2883333333332,1293.19,1433.97,52.70559986060933,6,1,0,0,0,0,0.0,2397.5299999999997,1.4159345616043855,1.492630373685854,0,0.0
C-33496,Active,Calder Central,75+,English,Resident with family,2,2021-05-27,,997.77,2021,5,55,3,11,1,6,5860.7,976.7833333333333,837.76,1053.29,78.97412149980941,6,1,0,0,0,0,0.0,106.09000000000003,0.9789664284688188,1.0556440863124767,3,0.5
C-33497,Active,Ash Hill,18-29,English,No fixed abode,1,2022-03-08,,510.62,2022,3,45,2,18,0,6,2808.74,468.1233333333333,363.37,537.15,69.47209617297194,6,1,0,0,0,0,0.0,37.17999999999995,0.9167743788596869,1.0519564451059495,0,0.0
C-33498,Active,Weybridge,60-74,English,Private tenancy,4,2022-11-04,,1096.07,2022,11,37,2,19,0,6,6576.48,1096.08,1039.26,1120.94,30.586516637237402,6,1,0,0,0,0,0.0,64.63000000000034,1.0000091235048858,1.022690156650579,0,0.0
C-33499,Active,Northgate,30-44,English,Social tenancy,1,2022-04-09,,491.89,2022,4,44,2,7,1,6,2818.04,469.67333333333335,366.12,505.39,52.262123824684586,6,1,0,0,0,0,0.0,24.689999999999998,0.9548340753691543,1.0274451605033645,3,0.5
C-33500,Active,Calder Central,75+,English,Social tenancy,1,2023-07-12,,424.51,2023,7,29,2,4,1,6,2347.52,391.25333333333333,319.63,437.39,55.71784549555615,6,1,0,0,0,0,0.0,26.02000000000004,0.9216586966934427,1.0303408635838966,0,0.0
C-33501,Active,Northgate,30-44,English,No fixed abode,6,2021-12-25,,1404.48,2021,12,48,1,3,1,6,8401.85,1400.3083333333334,1329.6,1476.02,58.71485924931322,6,1,0,0,0,0,0.0,133.13999999999987,0.9970297429179008,1.0509370015948962,1,0.16666666666666666
C-33502,Active,Northgate,30-44,Spanish,Owner-occupier,6,2022-01-12,,1797.51,2022,1,47,2,22,1,6,10230.66,1705.11,1365.22,1868.7,173.35488155803398,6,1,0,0,0,0,0.0,71.19000000000005,0.9485955571874426,1.039604786621493,1,0.16666666666666666
C-33503,Closed,Calder Central,30-44,Spanish,Resident with family,1,2022-02-16,2025-07,720.69,2022,2,46,6,21,2,1,760.41,760.41,760.41,760.41,0.0,1,1,0,0,0,0,0.0,39.719999999999914,1.0551138492278231,1.0551138492278231,0,0.0
C-33504,Active,Ash Hill,45-59,English,No fixed abode,3,2023-06-27,,1107.97,2023,6,30,2,3,1,6,6764.5,1127.4166666666667,1082.38,1162.44,33.701567718233385,6,1,0,0,0,0,0.0,152.6500000000001,1.0175516184252882,1.049161980920061,1,0.16666666666666666
C-33505,Suspended,Northgate,60-74,English,No fixed abode,5,2022-03-02,,1621.18,2022,3,45,3,23,1,6,9806.28,1634.38,1528.44,1717.87,71.33635931276554,6,1,0,0,0,0,0.0,212.0899999999997,1.0081422173972046,1.0596417424345228,0,0.0
C-33506,Suspended,Northgate,30-44,English,Owner-occupier,3,2023-04-09,,1044.25,2023,4,32,2,21,1,6,6235.93,1039.3216666666667,984.4,1098.85,45.52969642625198,6,1,0,0,0,0,0.0,87.94999999999982,0.995280504349214,1.0522863299018432,1,0.16666666666666666
C-33507,Active,Ash Hill,45-59,Spanish,Resident with family,4,2024-11-21,,1057.91,2024,11,13,5,7,1,6,6210.150000000001,1035.025,999.2,1083.5,32.54441810817946,6,1,0,0,0,0,0.0,33.069999999999936,0.9783677250427729,1.0241892032403512,1,0.16666666666666666
C-33508,Active,Calder Central,18-29,Spanish,No fixed abode,1,2023-05-20,,539.41,2023,5,31,5,16,2,6,3224.75,537.4583333333334,511.2,560.45,21.764127748813348,6,1,0,0,0,0,0.0,50.47000000000014,0.9963818493044871,1.0390055801709277,2,0.3333333333333333
C-33509,Active,Ash Hill,30-44,English,Resident with family,2,2021-06-28,,507.05,2021,6,54,2,17,1,6,2872.22,478.7033333333333,377.28,522.72,52.68120676927083,6,1,0,0,0,0,0.0,22.16999999999996,0.9440949281793379,1.0309042500739571,1,0.16666666666666666
C-33510,Closed,Northgate,75+,English,No fixed abode,2,2024-06-27,2025-11,987.75,2024,6,18,3,14,0,5,4647.62,929.524,717.02,1034.42,124.12967223834922,5,1,0,0,0,0,0.0,56.770000000000095,0.9410518855985825,1.0472487977727158,0,0.0
C-33511,Active,Calder Central,18-29,English,Private tenancy,1,2024-04-29,,718.17,2024,4,20,0,13,0,6,4346.88,724.48,678.9,744.11,26.027993391731165,6,1,0,0,0,0,0.0,85.7800000000002,1.008786220532743,1.0361195817146358,0,0.0
C-33512,Active,Northgate,75+,English,Social tenancy,2,2025-08-22,,574.59,2025,8,4,2,10,0,6,3372.99,562.165,542.17,575.73,15.167828783316365,6,1,0,0,0,0,0.0,1.9399999999999409,0.9783758854139473,1.0019840233905914,0,0.0
C-33513,Active,Calder Central,75+,English,Resident with family,2,2022-07-26,,999.93,2022,7,41,1,23,1,6,5915.25,985.875,897.98,1057.19,61.285379251498505,6,1,0,0,0,0,0.0,111.9200000000003,0.9859440160811257,1.0572640084805938,1,0.16666666666666666
C-33514,Active,Weybridge,75+,English,Private tenancy,2,2025-05-29,,722.22,2025,5,7,3,4,0,6,4474.36,745.7266666666666,729.42,762.86,13.995421632329151,6,1,0,0,0,0,0.0,141.03999999999985,1.0325477924547461,1.0562709423721304,0,0.0
C-33515,Active,Northgate,75+,English,Social tenancy,1,2021-03-27,,592.33,2021,3,57,3,7,1,6,3674.35,612.3916666666667,580.31,627.11,17.614428650020596,6,1,0,0,0,0,0.0,132.38999999999987,1.033869070731968,1.0587172690898654,1,0.16666666666666666
C-33516,Active,Northgate,30-44,English,Owner-occupier,2,2022-11-10,,790.53,2022,11,37,3,5,2,6,4564.0,760.6666666666666,711.0,816.32,34.1269193843609,6,1,0,0,0,0,0.0,25.790000000000077,0.962223655859571,1.0326236828456858,4,0.6666666666666666
C-33517,Active,Calder Central,60-74,English,Social tenancy,2,2021-09-07,,810.82,2021,9,51,3,5,1,6,4688.57,781.4283333333333,626.01,841.17,79.11684635187797,6,1,0,0,0,0,0.0,52.339999999999804,0.9637506886033069,1.0374312424459189,2,0.3333333333333333
C-33518,Active,Calder Central,18-29,English,No fixed abode,1,2023-05-04,,678.16,2023,5,31,1,7,0,6,4105.14,684.19,646.72,718.58,30.74909949900974,6,1,0,0,0,0,0.0,97.11000000000013,1.008891706971806,1.0596024536982425,0,0.0
C-33519,Active,Ash Hill,30-44,Spanish,Resident with family,1,2023-07-30,,651.36,2023,7,29,4,13,1,6,3772.81,628.8016666666666,557.56,678.83,40.65981919126879,6,1,0,0,0,0,0.0,27.470000000000027,0.965367333988373,1.0421732989437484,1,0.16666666666666666
C-33520,Active,Calder Central,18-29,English,Resident with family,3,2025-03-22,,1154.94,2025,3,9,3,3,1,6,6623.91,1103.985,814.57,1213.93,146.3303164419458,6,1,0,0,0,0,0.0,102.22999999999979,0.9558808249779208,1.0510762463850936,1,0.16666666666666666
C-33521,Active,Calder Central,30-44,Spanish,No fixed abode,2,2021-05-19,,980.39,2021,5,55,5,19,1,6,5745.01,957.5016666666667,785.28,1035.24,90.97448860349074,6,1,0,0,0,0,0.0,105.38,0.9766538486384669,1.0559471230836708,3,0.5
C-33522,Active,Calder Central,30-44,English,Private tenancy,4,2023-12-27,,1417.76,2023,12,24,4,4,0,6,8336.47,1389.4116666666666,1335.05,1482.11,60.48812591465091,6,1,0,0,0,0,0.0,94.27999999999997,0.9800048433209194,1.045388500169281,0,0.0
C-33523,Suspended,Weybridge,60-74,English,Social tenancy,5,2021-02-06,,1061.22,2021,2,58,3,14,0,6,5973.6,995.6,809.66,1062.06,92.56299908710822,6,1,0,0,0,0,0.0,0.8399999999999181,0.9381655076233014,1.0007915418103692,0,0.0
C-33524,Active,Weybridge,60-74,Spanish,Owner-occupier,1,2025-04-10,,653.35,2025,4,8,5,1,3,6,3725.14,620.8566666666667,519.37,676.26,65.53652681266125,6,1,0,0,0,0,0.0,41.70999999999992,0.9502665748322746,1.0350654320042856,1,0.16666666666666666
C-33525,Suspended,Calder Central,18-29,English,Private tenancy,2,2022-09-20,,797.18,2022,9,39,2,15,1,6,4671.11,778.5183333333333,751.21,843.75,36.490626970040765,6,1,0,0,0,0,0.0,48.760000000000105,0.9765903978189786,1.0584184249479416,1,0.16666666666666666
C-33526,Active,Northgate,60-74,English,Social tenancy,2,2024-07-26,,984.73,2024,7,17,2,12,2,6,5984.18,997.3633333333333,941.88,1041.79,41.421130195428866,6,1,0,0,0,0,0.0,143.68000000000006,1.012829235763441,1.057944817361104,1,0.16666666666666666
C-33527,Active,Northgate,60-74,English,Resident with family,1,2021-07-29,,637.95,2021,7,53,1,1,1,6,3696.87,616.145,468.27,666.6,75.42275167348377,6,1,0,0,0,0,0.0,68.65999999999985,0.9658202053452465,1.044909475664237,2,0.3333333333333333
C-33528,Active,Calder Central,45-59,Spanish,No fixed abode,2,2024-02-22,,708.88,2024,2,22,4,3,2,6,4163.9,693.9833333333332,667.53,721.47,24.024893478778743,6,1,0,0,0,0,0.0,22.710000000000036,0.9789856299138547,1.01776041078885,2,0.3333333333333333
C-33529,Active,Ash Hill,18-29,English,No fixed abode,5,2025-01-02,,1465.19,2025,1,11,1,7,2,6,8689.04,1448.1733333333334,1210.75,1552.43,123.19267018238816,6,1,0,0,0,0,0.0,183.4599999999998,0.988386034120717,1.0595417659143183,2,0.3333333333333333
C-33530,Active,Northgate,18-29,English,Social tenancy,1,2023-09-27,,442.18,2023,9,27,1,0,0,6,2523.93,420.655,324.27,464.34,49.429426357181214,6,1,0,0,0,0,0.0,22.91999999999996,0.9513207291148401,1.0501153376453027,0,0.0
C-33531,Active,Calder Central,60-74,English,Resident with family,3,2021-10-26,,847.94,2021,10,50,1,14,0,6,5052.07,842.0116666666667,784.89,882.41,36.763844965763134,6,1,0,0,0,0,0.0,65.74999999999977,0.9930085462021684,1.0406514611882915,0,0.0
C-33532,Active,Ash Hill,30-44,English,Owner-occupier,3,2025-03-23,,693.78,2025,3,9,0,7,0,6,4333.47,722.245,689.7,732.66,16.162398027520506,6,1,0,0,0,0,0.0,174.87000000000012,1.041028856409813,1.0560408198564386,0,0.0
C-33533,Closed,Calder Central,60-74,English,No fixed abode,3,2024-09-04,2025-09,671.75,2024,9,15,2,11,1,3,2035.5300000000002,678.5100000000001,648.73,703.59,27.730351602531144,3,1,0,0,0,0,0.0,43.30000000000007,1.010063267584667,1.0473985857834016,1,0.3333333333333333
C-33534,Active,Ash Hill,60-74,English,Private tenancy,1,2021-12-23,,576.74,2021,12,48,3,15,0,6,3303.9,550.65,451.88,607.86,75.01458151586262,6,1,0,0,0,0,0.0,87.93999999999994,0.9547629781183895,1.053958456150085,0,0.0
C-33535,Active,Northgate,18-29,English,Social tenancy,2,2021-08-24,,940.01,2021,8,52,1,6,1,6,5826.0,971.0,957.76,980.36,9.271334316051792,6,1,0,0,0,0,0.0,185.94000000000005,1.0329677343858044,1.0429250752651569,1,0.16666666666666666
C-33536,Active,Calder Central,18-29,English,No fixed abode,4,2024-01-09,,1248.96,2024,1,23,1,13,0,6,7636.63,1272.7716666666668,1198.83,1317.65,44.65632784574512,6,1,0,0,0,0,0.0,200.91999999999985,1.0190651955760526,1.0549977581347683,0,0.0
C-33537,Active,Northgate,18-29,Other,Resident with family,1,2024-01-04,,711.86,2024,1,23,4,0,1,6,4304.01,717.335,687.96,750.75,26.42116783944267,6,1,0,0,0,0,0.0,84.01999999999998,1.0076911190402607,1.054631528671368,3,0.5
C-33538,Active,Northgate,45-59,English,Resident with family,4,2022-11-07,,1152.13,2022,11,37,0,15,1,6,6864.74,1144.1233333333332,1083.55,1213.51,45.37767498083907,6,1,0,0,0,0,0.0,82.09999999999968,0.9930505527443372,1.0532752380373742,1,0.16666666666666666
C-33539,Active,Calder Central,30-44,English,Resident with family,3,2025-05-03,,1086.2,2025,5,7,1,1,0,6,6531.139999999999,1088.5233333333333,1022.2,1137.08,47.095639996359154,6,1,0,0,0,0,0.0,123.25999999999976,1.0021389553796107,1.0468422021727122,0,0.0
C-33540,Active,Weybridge,18-29,English,Owner-occupier,1,2023-12-13,,398.07,2023,12,24,1,5,0,6,2336.77,389.46166666666664,334.04,411.78,30.099384988179846,6,1,0,0,0,0,0.0,37.64999999999998,0.9783748251982481,1.0344411786871655,0,0.0
C-33541,Active,Northgate,18-29,English,No fixed abode,3,2025-05-04,,985.68,2025,5,7,0,17,1,6,5880.68,980.1133333333333,932.61,1029.74,42.97595498260238,6,1,0,0,0,0,0.0,95.92000000000019,0.9943524605686768,1.0447001055109164,2,0.3333333333333333
C-33542,Active,Weybridge,45-59,English,No fixed abode,3,2022-04-23,,1108.88,2022,4,44,2,15,0,6,6432.55,1072.0916666666667,844.74,1170.7,119.37209798217779,6,1,0,0,0,0,0.0,115.98999999999955,0.9668238823557703,1.0557499458913497,0,0.0
C-33543,Active,Northgate,18-29,Other,Private tenancy,2,2022-05-09,,742.5,2022,5,43,1,22,3,6,4461.38,743.5633333333334,721.96,777.81,23.913306477078088,6,1,0,0,0,0,0.0,61.90999999999997,1.001432098765432,1.0475555555555556,2,0.3333333333333333
C-33544,Active,Calder Central,30-44,English,Social tenancy,2,2025-01-29,,703.44,2025,1,11,2,15,0,6,4057.3599999999997,676.2266666666666,531.93,735.42,75.59181613552266,6,1,0,0,0,0,0.0,68.52999999999975,0.9613139239546608,1.0454622995564653,0,0.0
C-33545,Active,Calder Central,60-74,English,Private tenancy,2,2023-08-07,,939.12,2023,8,28,1,19,3,6,5362.97,893.8283333333334,775.08,961.41,62.56227726567074,6,1,0,0,0,0,0.0,22.289999999999964,0.9517722264815288,1.0237349859442881,2,0.3333333333333333
C-33546,Active,Northgate,30-44,English,Social tenancy,1,2022-05-20,,741.5,2022,5,43,1,4,0,6,4217.22,702.87,579.42,780.7,66.8511534679844,6,1,0,0,0,0,0.0,39.200000000000045,0.9479028995279838,1.0528658125421444,0,0.0
C-33547,Suspended,Calder Central,30-44,English,Resident with family,3,2022-07-14,,881.32,2022,7,41,0,12,1,6,5253.86,875.6433333333333,836.46,931.13,31.679392460504456,6,1,0,0,0,0,0.0,55.069999999999936,0.9935589040681402,1.0565174964825488,0,0.0
C-33548,Active,Calder Central,45-59,English,Owner-occupier,2,2022-07-14,,717.66,2022,7,41,1,17,1,6,4316.29,719.3816666666667,701.4,745.88,16.725641891020715,6,1,0,0,0,0,0.0,43.750000000000114,1.002399000455183,1.0393222417300672,0,0.0
C-33549,Active,Calder Central,45-59,Spanish,Resident with family,1,2024-10-27,,741.44,2024,10,14,4,15,3,6,4355.16,725.86,565.15,768.3,79.36949691159694,6,1,0,0,0,0,0.0,82.80999999999972,0.9789868364264134,1.0362268018990073,1,0.16666666666666666
C-33550,Active,Weybridge,30-44,English,Resident with family,3,2024-12-08,,761.69,2024,12,12,1,11,0,6,4631.55,771.9250000000001,718.39,796.13,28.453824171805103,6,1,0,0,0,0,0.0,104.7099999999997,1.01343722511783,1.0452152450471976,0,0.0
C-33551,Active,Calder Central,45-59,English,No fixed abode,1,2025-01-27,,541.83,2025,1,11,2,12,0,6,3103.57,517.2616666666667,402.68,561.83,59.48391964780622,6,1,0,0,0,0,0.0,39.379999999999995,0.9546567496570265,1.0369119465515013,0,0.0
C-33552,Active,Calder Central,75+,English,Owner-occupier,3,2023-01-05,,906.79,2023,1,35,3,20,1,6,5479.46,913.2433333333333,869.32,940.47,25.035613566810486,6,1,0,0,0,0,0.0,79.2700000000001,1.007116678981168,1.0371420064182446,1,0.16666666666666666
C-33553,Active,Northgate,30-44,English,Resident with family,2,2022-11-11,,975.77,2022,11,37,2,22,0,6,5762.77,960.4616666666667,920.58,1005.63,32.73669831651731,6,1,0,0,0,0,0.0,48.870000000000005,0.9843115351636827,1.0306014737079434,0,0.0
C-33554,Active,Ash Hill,60-74,English,Private tenancy,4,2022-10-24,,750.44,2022,10,38,3,14,0,6,4183.04,697.1733333333333,574.67,773.06,83.62871054049958,6,1,0,0,0,0,0.0,29.70999999999981,0.9290194197182097,1.0301423165076486,0,0.0
C-33555,Active,Weybridge,60-74,English,Resident with family,1,2021-01-12,,763.06,2021,1,59,1,22,1,6,4503.4,750.5666666666666,721.24,779.68,19.401207866178467,6,1,0,0,0,0,0.0,16.620000000000005,0.983627325068365,1.0217807249757556,0,0.0
C-33556,Active,Northgate,60-74,English,No fixed abode,2,2022-12-03,,1028.47,2022,12,36,2,21,1,6,6218.88,1036.48,967.63,1081.86,48.24823644445464,6,1,0,0,0,0,0.0,154.04999999999995,1.007788268009762,1.051912063550711,1,0.16666666666666666
C-33557,Active,Weybridge,30-44,English,Owner-occupier,2,2022-04-25,,929.48,2022,4,44,0,19,1,6,4991.38,831.8966666666666,643.38,962.86,137.9911657558797,6,1,0,0,0,0,0.0,45.02999999999997,0.8950129821692415,1.0359125532555837,1,0.16666666666666666
C-33558,Active,Calder Central,45-59,English,Private tenancy,2,2021-02-14,,1026.38,2021,2,58,3,5,2,6,6256.0,1042.6666666666667,979.92,1086.35,45.05314136291352,6,1,0,0,0,0,0.0,177.16999999999962,1.0158680670576847,1.0584286521561213,1,0.16666666666666666
C-33559,Active,Calder Central,60-74,English,Private tenancy,2,2022-03-13,,656.94,2022,3,45,1,4,0,6,3987.31,664.5516666666666,630.78,690.51,23.01260386541833,6,1,0,0,0,0,0.0,83.22999999999968,1.011586547731401,1.0511005571285048,0,0.0
C-33560,Active,Weybridge,18-29,Spanish,Social tenancy,3,2023-01-21,,779.25,2023,1,35,4,8,3,6,4496.04,749.34,685.42,784.03,36.20137732186447,6,1,0,0,0,0,0.0,8.870000000000005,0.9616169393647738,1.0061341033044593,1,0.16666666666666666
C-33561,Active,Weybridge,75+,English,Owner-occupier,3,2023-12-27,,799.63,2023,12,24,3,5,0,6,4313.98,718.9966666666666,528.9,822.66,127.99182109285996,6,1,0,0,0,0,0.0,31.029999999999973,0.8991616956175564,1.0288008203794254,0,0.0
C-33562,Active,Northgate,18-29,English,Owner-occupier,2,2021-05-12,,615.45,2021,5,55,1,0,1,6,3705.8,617.6333333333333,593.76,647.77,20.420636294363277,6,1,0,0,0,0,0.0,56.809999999999945,1.003547539740569,1.0525144203428385,0,0.0
C-33563,Closed,Northgate,45-59,English,Private tenancy,2,2021-03-10,2025-09,1009.3,2021,3,57,3,7,1,3,2979.61,993.2033333333334,973.93,1012.46,19.265005407041375,3,1,0,0,0,0,0.0,3.160000000000082,0.984051652960798,1.0031308827900527,1,0.3333333333333333
C-33564,Closed,Calder Central,30-44,English,Resident with family,2,2024-06-02,2025-10,630.98,2024,6,18,2,10,1,4,2533.36,633.34,607.13,665.36,27.392764251410178,4,1,0,0,0,0,0.0,49.99000000000001,1.0037402136359315,1.0544866715268313,2,0.5
C-33565,Active,Weybridge,60-74,English,Resident with family,5,2023-05-29,,1162.59,2023,5,31,0,19,0,6,6581.16,1096.86,896.3,1212.01,109.4575570712228,6,1,0,0,0,0,0.0,63.320000000000164,0.9434624416174232,1.0425085369734817,0,0.0
C-33566,Active,Weybridge,75+,English,Private tenancy,2,2022-05-23,,599.69,2022,5,43,2,12,1,6,3709.75,618.2916666666666,601.92,625.68,8.946108464950962,6,1,0,0,0,0,0.0,111.60999999999956,1.0310188041599269,1.0433390585135651,1,0.16666666666666666
C-33567,Active,Northgate,30-44,English,Owner-occupier,1,2024-08-31,,423.25,2024,8,16,1,7,1,6,2329.54,388.25666666666666,315.53,428.26,42.90727754899706,6,1,0,0,0,0,0.0,5.009999999999991,0.9173223075408545,1.0118369757826344,1,0.16666666666666666
C-33568,Active,Weybridge,45-59,English,No fixed abode,1,2025-05-05,,696.33,2025,5,7,3,19,1,6,4033.83,672.305,489.49,723.53,90.39397009756787,6,1,0,0,0,0,0.0,69.80999999999983,0.9654976806973705,1.0390619390231641,1,0.16666666666666666
C-33569,Active,Weybridge,75+,English,Owner-occupier,2,2024-05-12,,595.17,2024,5,19,0,10,2,6,3500.44,583.4066666666666,561.9,621.67,25.808977249528215,6,1,0,0,0,0,0.0,42.04000000000008,0.9802353389227729,1.044525093670716,3,0.5
C-33570,Active,Ash Hill,75+,English,Resident with family,4,2024-08-21,,965.11,2024,8,16,1,13,2,6,5609.0,934.8333333333334,794.58,1014.95,75.85049048402166,6,1,0,0,0,0,0.0,62.15999999999997,0.9686287918820997,1.051641781765809,1,0.16666666666666666
C-33571,Active,Weybridge,45-59,Spanish,Private tenancy,2,2021-12-03,,658.31,2021,12,48,5,21,0,6,3746.32,624.3866666666667,487.43,684.9,70.68746300912679,6,1,0,0,0,0,0.0,32.06000000000006,0.9484690596628743,1.040391305008279,0,0.0
C-33572,Active,Weybridge,30-44,English,Private tenancy,5,2023-06-30,,853.66,2023,6,30,5,19,0,6,5118.95,853.1583333333333,824.86,894.68,25.138199153214313,6,1,0,0,0,0,0.0,55.440000000000055,0.9994123343407603,1.048051917625284,0,0.0
C-33573,Active,Weybridge,30-44,English,Private tenancy,3,2021-08-30,,1114.81,2021,8,52,2,16,0,6,6575.43,1095.905,937.4,1173.81,83.30206161914604,6,1,0,0,0,0,0.0,103.66000000000031,0.9830419533373399,1.0529238166144903,0,0.0
C-33574,Active,Weybridge,75+,English,Private tenancy,5,2022-12-03,,1453.72,2022,12,36,0,2,1,6,8656.32,1442.72,1376.35,1509.45,61.86286769945277,6,1,0,0,0,0,0.0,133.62999999999988,0.9924332058443167,1.038336130754203,2,0.3333333333333333
C-33575,Suspended,Calder Central,30-44,English,Private tenancy,1,2021-11-09,,608.61,2021,11,49,2,10,2,6,3666.99,611.165,574.06,632.05,20.690632421460695,6,1,0,0,0,0,0.0,51.50999999999988,1.0041980907313386,1.0385139908972905,0,0.0
C-33576,Closed,Northgate,18-29,English,Private tenancy,1,2025-08-28,2025-10,442.82,2025,8,4,4,13,1,6,2665.74,444.28999999999996,419.07,460.52,17.49617558210941,6,1,0,0,2,1,887.89,48.01999999999998,1.0033196332595635,1.0399710943498486,2,0.3333333333333333
C-33577,Active,Northgate,45-59,English,Resident with family,3,2021-03-17,,935.05,2021,3,57,2,13,1,6,5522.16,920.36,892.15,977.12,30.329156928605855,6,1,0,0,0,0,0.0,42.07000000000005,0.9842896101812738,1.0449922464039356,2,0.3333333333333333
C-33578,Suspended,Weybridge,30-44,Spanish,No fixed abode,2,2024-12-03,,611.47,2024,12,12,8,5,1,6,3471.23,578.5383333333333,469.27,624.04,55.676720599067885,6,1,0,0,0,0,0.0,13.999999999999886,0.9461434466667756,1.0205570183328698,0,0.0
C-33579,Active,Calder Central,18-29,English,Resident with family,4,2025-04-10,,1160.09,2025,4,8,0,11,0,6,7070.360000000001,1178.3933333333334,1124.07,1223.77,34.62049084959175,6,1,0,0,0,0,0.0,145.8400000000006,1.0157775115149112,1.0548922928393487,0,0.0
C-33580,Closed,Weybridge,75+,Spanish,Resident with family,2,2023-01-15,2025-09,640.42,2023,1,35,6,3,4,3,1835.08,611.6933333333333,522.87,665.29,77.46968848093638,3,1,0,0,0,0,0.0,31.370000000000005,0.9551440200701623,1.0388338902595171,1,0.3333333333333333
C-33581,Active,Ash Hill,60-74,English,Private tenancy,3,2021-12-25,,835.63,2021,12,48,2,0,2,6,4943.39,823.8983333333334,793.98,864.25,29.7223070549153,6,1,0,0,0,0,0.0,42.23000000000002,0.9859606923319332,1.034249608080131,2,0.3333333333333333
C-33582,Active,Northgate,30-44,English,No fixed abode,1,2023-05-20,,554.48,2023,5,31,1,19,1,6,3110.2799999999997,518.38,381.59,573.12,76.55843363078951,6,1,0,0,0,0,0.0,44.70999999999992,0.9348939546962919,1.033617082672053,1,0.16666666666666666
C-33583,Active,Weybridge,60-74,Spanish,Private tenancy,2,2023-12-23,,922.9,2023,12,24,3,16,2,6,5424.71,904.1183333333333,749.03,971.76,80.02206731062793,6,1,0,0,0,0,0.0,90.94000000000005,0.9796492938924405,1.052941813847654,3,0.5
C-33584,Active,Northgate,18-29,Other,Social tenancy,1,2024-12-16,,709.78,2024,12,12,3,2,2,6,4121.94,686.9899999999999,589.01,739.42,54.47276750817788,6,1,0,0,0,0,0.0,50.760000000000105,0.967891459325425,1.0417594184113388,0,0.0
C-33585,Active,Calder Central,60-74,English,No fixed abode,1,2023-05-25,,434.96,2023,5,31,3,7,0,6,2579.25,429.875,371.67,455.67,29.937556179487995,6,1,0,0,0,0,0.0,39.840000000000146,0.9883092698179144,1.047613573661946,0,0.0
C-33586,Active,Northgate,30-44,English,Resident with family,2,2021-11-13,,804.47,2021,11,49,2,8,1,6,4206.49,701.0816666666666,622.85,846.06,105.7494127485664,6,1,0,0,0,0,0.0,65.42999999999984,0.8714826738929564,1.0516986338831777,3,0.5
C-33587,Active,Calder Central,18-29,English,Owner-occupier,4,2021-10-16,,1325.37,2021,10,50,2,13,0,6,7914.73,1319.1216666666667,1246.97,1389.02,64.58820369592779,6,1,0,0,0,0,0.0,152.75000000000023,0.9952855932054194,1.0480243252827512,0,0.0
C-33588,Active,Calder Central,18-29,Other,Private tenancy,3,2023-04-22,,1161.02,2023,4,32,5,18,2,6,7091.18,1181.8633333333335,1122.7,1221.49,37.3887494664727,6,1,0,0,0,0,0.0,172.16000000000008,1.0179526048933984,1.052083512773251,1,0.16666666666666666
C-33589,Active,Calder Central,30-44,Spanish,Social tenancy,5,2024-06-27,,1526.15,2024,6,18,5,5,1,6,9104.95,1517.4916666666668,1453.3,1603.75,54.779625196478484,6,1,0,0,0,0,0.0,97.05999999999972,0.9943266826109273,1.0508469023359432,1,0.16666666666666666
C-33590,Active,Northgate,18-29,English,Owner-occupier,3,2022-10-26,,1067.48,2022,10,38,2,6,1,6,6419.38,1069.8966666666668,1014.27,1126.54,46.248262525922684,6,1,0,0,0,0,0.0,117.51999999999998,1.0022638987771824,1.0553265634953348,1,0.16666666666666666
C-33591,Active,Calder Central,60-74,English,Owner-occupier,3,2021-09-10,,850.93,2021,9,51,3,0,0,6,4940.8,823.4666666666667,700.23,884.81,66.51095779393549,6,1,0,0,0,0,0.0,58.59000000000003,0.967725508169493,1.0398152609497844,0,0.0
C-33592,Active,Northgate,30-44,English,Social tenancy,1,2022-04-10,,498.39,2022,4,44,2,23,0,6,2935.89,489.315,478.59,499.99,8.593662199551487,6,1,0,0,0,0,0.0,1.6000000000000227,0.9817913682056222,1.0032103372860612,0,0.0
C-33593,Active,Northgate,30-44,English,Private tenancy,3,2024-09-10,,637.84,2024,9,15,3,9,0,6,3710.3599999999997,618.3933333333333,462.98,673.52,78.56249223813272,6,1,0,0,0,0,0.0,72.90999999999985,0.9695116852711232,1.0559387934278188,0,0.0
C-33594,Active,Calder Central,60-74,English,Private tenancy,1,2022-04-29,,554.1,2022,4,44,1,14,1,6,3332.87,555.4783333333334,523.91,581.27,22.67748259103437,6,1,0,0,0,0,0.0,59.08999999999992,1.0024875172953136,1.0490344703122179,3,0.5
C-33595,Active,Weybridge,45-59,English,Private tenancy,2,2024-04-20,,655.16,2024,4,20,1,9,1,6,3936.17,656.0283333333333,628.86,691.24,23.182528263040393,6,1,0,0,0,0,0.0,54.48000000000013,1.0013253759895802,1.0550705171255876,3,0.5
C-33596,Active,Calder Central,18-29,English,Private tenancy,4,2022-05-06,,846.03,2022,5,43,1,8,0,6,5058.13,843.0216666666666,826.55,867.41,15.230062923923406,6,1,0,0,0,0,0.0,30.180000000000064,0.9964441765264431,1.0252709714785528,0,0.0
C-33597,Suspended,Northgate,18-29,English,Owner-occupier,4,2023-12-28,,1189.77,2023,12,24,3,16,1,6,7138.62,1189.77,1189.77,1189.77,0.0,6,1,0,0,0,0,0.0,0.0,1.0,1.0,3,0.5
C-33598,Active,Calder Central,60-74,English,Private tenancy,3,2024-10-27,,948.49,2024,10,14,2,7,0,6,5427.43,904.5716666666667,742.41,961.55,82.16563111585444,6,1,0,0,0,0,0.0,15.739999999999895,0.9536965773668321,1.0137692542883951,0,0.0
C-33599,Active,Weybridge,30-44,English,Social tenancy,2,2025-06-03,,774.85,2025,6,6,2,11,3,6,4659.3,776.5500000000001,728.6,820.94,38.899737274177056,6,1,0,0,0,0,0.0,104.08999999999992,1.0021939730270375,1.0594824804800929,4,0.6666666666666666
C-33600,Active,Northgate,30-44,English,Social tenancy,2,2024-08-08,,567.64,2024,8,16,3,9,0,6,3395.29,565.8816666666667,533.78,585.52,17.588608150353068,6,1,0,0,0,0,0.0,28.24000000000001,0.9969023794423695,1.0314988372912408,0,0.0
C-33601,Active,Northgate,45-59,English,Social tenancy,4,2022-06-16,,1059.16,2022,6,42,3,6,0,6,6407.51,1067.9183333333333,1006.77,1107.55,38.56575445478365,6,1,0,0,0,0,0.0,118.6899999999996,1.0082691315130228,1.0456871483062047,0,0.0
C-33602,Active,Northgate,18-29,English,Owner-occupier,2,2022-01-14,,858.04,2022,1,47,1,11,1,6,5023.35,837.225,691.66,894.01,75.20714799804603,6,1,0,0,0,0,0.0,78.19000000000005,0.9757412241853527,1.0419211225583889,0,0.0
C-33603,Active,Weybridge,75+,English,Private tenancy,1,2022-11-10,,560.38,2022,11,37,1,7,0,6,3026.67,504.445,421.04,575.44,66.43422453826041,6,1,0,0,0,0,0.0,15.06000000000006,0.9001838038473894,1.0268746207930335,0,0.0
C-33604,Active,Weybridge,45-59,Spanish,Social tenancy,1,2024-06-04,,712.13,2024,6,18,3,10,1,6,4202.46,700.41,593.11,753.43,60.43611602345073,6,1,0,0,0,0,0.0,98.91999999999996,0.9835423307542163,1.0579950289975144,2,0.3333333333333333
C-33605,Active,Northgate,45-59,English,Private tenancy,4,2021-07-25,,1424.65,2021,7,53,2,19,1,6,8154.9,1359.1499999999999,1080.79,1480.9,146.35052128366334,6,1,0,0,0,0,0.0,102.75,0.9540237953181482,1.0394833818832696,1,0.16666666666666666
C-33606,Active,Weybridge,18-29,English,Social tenancy,6,2022-01-06,,1089.58,2022,1,47,2,16,1,6,6311.71,1051.9516666666666,914.76,1087.84,67.74186841729909,6,1,0,0,0,0,0.0,0.0,0.9654652863182757,0.9984030543879293,2,0.3333333333333333
C-33607,Active,Northgate,18-29,Other,Owner-occupier,1,2024-11-12,,423.17,2024,11,13,4,20,3,6,2345.73,390.955,330.5,446.97,46.603607049240324,6,1,0,0,0,0,0.0,27.70999999999998,0.9238722026608691,1.0562421721766666,3,0.5
C-33608,Active,Weybridge,45-59,English,No fixed abode,3,2022-11-30,,1237.44,2022,11,37,1,3,2,6,7469.73,1244.955,1182.47,1298.45,49.09547260186017,6,1,0,0,0,0,0.0,152.98999999999955,1.0060730217222653,1.0493034005689164,3,0.5
C-33609,Active,Weybridge,30-44,English,No fixed abode,2,2025-01-02,,577.53,2025,1,11,0,16,0,6,3499.26,583.21,567.45,608.14,13.889724259322055,6,1,0,0,0,0,0.0,44.42000000000007,1.0098349869270862,1.0530015756757225,0,0.0
C-33610,Active,Weybridge,45-59,English,Owner-occupier,2,2021-04-07,,825.49,2021,4,56,2,22,1,6,4729.25,788.2083333333334,681.69,837.78,54.98269051862292,6,1,0,0,0,0,0.0,12.289999999999964,0.9548369251394121,1.0148881270518115,0,0.0
C-33611,Active,Northgate,60-74,English,No fixed abode,2,2024-07-08,,851.42,2024,7,17,1,20,1,6,5108.8,851.4666666666667,811.97,892.82,33.37623326061029,6,1,0,0,0,0,0.0,79.82000000000016,1.000054810395183,1.0486246505837309,1,0.16666666666666666
C-33612,Active,Calder Central,30-44,English,No fixed abode,5,2024-04-25,,1003.42,2024,4,20,2,6,0,6,5946.61,991.1016666666666,947.59,1042.49,37.1001829734931,6,1,0,0,0,0,0.0,57.770000000000095,0.9877236517775874,1.0389368360208089,0,0.0
C-33613,Active,Weybridge,60-74,Other,Private tenancy,4,2025-06-06,,1241.41,2025,6,6,2,9,4,6,7403.7699999999995,1233.9616666666666,1187.25,1293.53,48.281624834575126,6,1,0,0,0,0,0.0,107.46999999999957,0.9940001020345144,1.0419845176049813,2,0.3333333333333333
C-33614,Closed,Calder Central,75+,English,Private tenancy,3,2024-06-12,2025-10,825.26,2024,6,18,3,18,1,4,3326.78,831.695,786.95,874.66,36.62920920067297,4,1,0,0,0,0,0.0,66.09000000000003,1.0077975425926375,1.0598599229333785,4,1.0
C-33615,Suspended,Ash Hill,18-29,English,Private tenancy,1,2021-01-25,,453.19,2021,1,59,1,4,0,6,2734.34,455.72333333333336,439.12,480.07,16.076093638277513,6,1,0,0,0,0,0.0,48.23000000000002,1.0055900027214488,1.059312870981266,0,0.0
C-33616,Active,Northgate,75+,English,Owner-occupier,2,2022-09-09,,756.52,2022,9,39,2,7,4,6,4539.12,756.52,756.52,756.52,0.0,6,1,0,0,0,0,0.0,0.0,1.0,1.0,0,0.0
C-33617,Active,Calder Central,60-74,English,Social tenancy,1,2024-01-19,,462.73,2024,1,23,2,22,0,6,2768.82,461.47,375.47,488.51,43.08901762630471,6,1,0,0,0,0,0.0,79.69999999999993,0.997277029801396,1.0557128346984201,0,0.0
C-33618,Active,Northgate,30-44,English,No fixed abode,4,2022-01-09,,989.76,2022,1,47,3,17,0,6,5584.5,930.75,750.15,999.61,90.70500846149567,6,1,0,0,0,0,0.0,9.850000000000023,0.9403794859359844,1.0099519075331393,0,0.0
C-33619,Active,Ash Hill,45-59,English,Resident with family,3,2025-07-10,,773.01,2025,7,5,0,20,3,6,4435.9400000000005,739.3233333333334,574.23,800.05,84.28516729927435,6,1,0,0,0,0,0.0,47.370000000000005,0.9564214348240428,1.0349801425596046,0,0.0
C-33620,Active,Calder Central,60-74,English,No fixed abode,1,2023-08-22,,733.72,2023,8,28,1,4,0,6,4462.61,743.7683333333333,716.05,771.04,23.80191960045803,6,1,0,0,0,0,0.0,90.93999999999994,1.0136950517000127,1.0508640898435369,0,0.0
C-33621,Active,Northgate,60-74,English,No fixed abode,3,2023-07-12,,722.95,2023,7,29,0,10,0,6,4078.34,679.7233333333334,524.22,757.83,107.1531352162253,6,1,0,0,0,0,0.0,100.36999999999989,0.9402079443022799,1.0482467667196902,0,0.0
C-33622,Active,Weybridge,45-59,English,Resident with family,1,2023-01-31,,444.2,2023,1,35,3,8,0,6,2468.14,411.3566666666666,333.64,468.78,51.78248494101714,6,1,0,0,0,0,0.0,24.579999999999984,0.9260618340087049,1.055335434488969,0,0.0
C-33623,Active,Calder Central,18-29,English,Social tenancy,4,2021-10-15,,1279.83,2021,10,50,0,14,2,6,7452.67,1242.1116666666667,1098.01,1352.24,113.40822552472405,6,1,0,0,0,0,0.0,138.3900000000001,0.9705286379180569,1.0565778267426142,2,0.3333333333333333
C-33624,Active,Calder Central,75+,Spanish,Owner-occupier,4,2024-08-28,,1039.76,2024,8,16,4,19,2,6,6297.92,1049.6533333333334,1008.53,1097.61,36.53192229635155,6,1,0,0,0,0,0.0,121.3900000000001,1.0095150162858095,1.0556378395014234,2,0.3333333333333333
C-33625,Active,Ash Hill,18-29,English,Social tenancy,3,2022-01-08,,952.88,2022,1,47,3,8,0,6,5770.07,961.6783333333333,906.15,994.71,32.8324823409176,6,1,0,0,0,0,0.0,103.38,1.0092334116922732,1.0438984971874739,0,0.0
C-33626,Active,Weybridge,18-29,English,Private tenancy,2,2024-03-08,,856.64,2024,3,21,1,22,2,6,5201.9,866.9833333333332,826.18,899.73,31.269822939483813,6,1,0,0,0,0,0.0,117.95000000000016,1.012074305814967,1.050301176690325,2,0.3333333333333333
C-33627,Active,Calder Central,45-59,Spanish,Private tenancy,4,2023-06-04,,985.93,2023,6,30,5,19,1,6,6030.35,1005.0583333333334,947.43,1039.47,35.77477290866667,6,1,0,0,0,0,0.0,158.1400000000002,1.0194013097616803,1.054304058097431,0,0.0
C-33628,Active,Ash Hill,18-29,English,Resident with family,4,2024-07-30,,1011.03,2024,7,17,1,2,0,6,5644.02,940.6700000000001,769.91,1062.34,118.83329499765621,6,1,0,0,0,0,0.0,67.55999999999995,0.9304076041264849,1.050750225018051,0,0.0
C-33629,Active,Weybridge,30-44,English,No fixed abode,1,2022-03-19,,757.61,2022,3,45,2,8,0,6,4606.55,767.7583333333333,733.86,798.65,26.453433362546093,6,1,0,0,0,0,0.0,99.64999999999986,1.0133951945372068,1.0541703515001122,0,0.0
C-33630,Suspended,Calder Central,45-59,English,No fixed abode,1,2025-08-03,,461.87,2025,8,4,1,10,2,8,3580.2400000000002,447.53000000000003,382.33,475.05,29.382784075032795,6,2,2,1,0,0,0.0,28.380000000000052,0.9689523025959685,1.0285361681858531,2,0.25
C-33631,Active,Ash Hill,30-44,Spanish,Owner-occupier,4,2021-10-27,,1340.6,2021,10,50,6,6,2,6,7959.51,1326.585,1271.78,1399.17,51.83945360437364,6,1,0,0,0,0,0.0,98.85000000000036,0.9895457257944203,1.04368939280919,1,0.16666666666666666
C-33632,Active,Calder Central,60-74,English,No fixed abode,2,2024-06-25,,512.65,2024,6,18,1,17,1,6,2895.35,482.55833333333334,398.78,538.96,62.89212046565667,6,1,0,0,0,0,0.0,47.40000000000009,0.9413017328261648,1.0513215644201699,1,0.16666666666666666
C-33633,Active,Northgate,60-74,Other,Social tenancy,4,2022-10-28,,1443.28,2022,10,38,4,22,0,6,8092.75,1348.7916666666667,1024.06,1489.73,165.12284849973574,6,1,0,0,0,0,0.0,46.450000000000045,0.9345322228996915,1.0321836372706612,0,0.0
C-33634,Active,Northgate,18-29,Other,Resident with family,1,2025-06-15,,749.16,2025,6,6,1,18,2,6,4480.74,746.79,711.19,792.37,29.841156143822563,6,1,0,0,0,0,0.0,63.030000000000086,0.9968364568316516,1.0576779326178654,1,0.16666666666666666
C-33635,Active,Northgate,60-74,English,No fixed abode,2,2021-09-29,,856.5,2021,9,51,0,4,0,6,5207.45,867.9083333333333,851.14,888.71,15.27650407215827,6,1,0,0,0,0,0.0,75.56000000000006,1.013319712006227,1.0376065382370112,0,0.0
C-33636,Active,Calder Central,60-74,English,Owner-occupier,1,2024-09-10,,737.73,2024,9,15,1,10,0,6,4437.49,739.5816666666666,694.93,772.38,31.512687868010683,6,1,0,0,0,0,0.0,82.62,1.0025099516986793,1.0469684030742954,0,0.0
C-33637,Closed,Calder Central,30-44,English,No fixed abode,3,2024-04-29,2025-11,783.76,2024,4,20,2,14,1,5,3690.96,738.192,602.82,802.78,79.3635959996773,5,1,0,0,0,0,0.0,19.409999999999968,0.9418597529856079,1.0242676329488618,1,0.2
C-33638,Active,Weybridge,30-44,English,Private tenancy,1,2024-02-10,,739.59,2024,2,22,4,0,1,6,4215.14,702.5233333333334,644.24,737.22,32.117745043303785,6,1,0,0,0,0,0.0,0.0,0.9498821419074531,0.9967955218431834,0,0.0
C-33639,Active,Northgate,18-29,English,No fixed abode,1,2025-04-02,,527.98,2025,4,8,3,4,1,6,3097.25,516.2083333333334,496.65,548.06,20.606584789010174,6,1,0,0,0,0,0.0,26.999999999999886,0.9777043322348068,1.0380317436266524,2,0.3333333333333333
C-33640,Active,Weybridge,18-29,English,Owner-occupier,5,2025-02-10,,1077.39,2025,2,10,0,17,1,6,6598.28,1099.7133333333334,1056.61,1120.81,22.361900336658977,6,1,0,0,0,0,0.0,154.71999999999935,1.0207198259992512,1.040301098023928,1,0.16666666666666666
C-33641,Active,Calder Central,30-44,English,Resident with family,3,2024-05-10,,850.04,2024,5,19,3,7,2,6,5171.24,861.8733333333333,803.6,895.55,34.083171018358414,6,1,0,0,0,0,0.0,123.22000000000003,1.013920913525638,1.0535386570043763,2,0.3333333333333333
C-33642,Active,Ash Hill,45-59,English,No fixed abode,2,2021-11-05,,664.05,2021,11,49,3,13,0,6,4009.6,668.2666666666667,632.07,695.48,24.990406692702432,6,1,0,0,0,0,0.0,74.48000000000013,1.0063499234495394,1.0473307732851442,0,0.0
C-33643,Active,Northgate,45-59,Spanish,Social tenancy,2,2022-01-24,,641.63,2022,1,47,4,11,2,6,3602.1400000000003,600.3566666666667,476.59,669.72,91.0522438310373,6,1,0,0,0,0,0.0,70.93000000000006,0.935674246320569,1.0437791250409114,2,0.3333333333333333
C-33644,Active,Calder Central,30-44,English,Private tenancy,2,2023-08-23,,597.76,2023,8,28,3,0,1,6,3543.33,590.555,574.53,619.9,17.461336432243673,6,1,0,0,0,0,0.0,27.730000000000018,0.9879466675588865,1.0370382762312633,1,0.16666666666666666
C-33645,Active,Northgate,75+,English,Resident with family,1,2025-01-21,,586.25,2025,1,11,1,13,0,6,3363.54,560.59,451.49,613.46,59.28447655162355,6,1,0,0,0,0,0.0,49.97000000000003,0.956230277185501,1.0464136460554372,0,0.0
C-33646,Active,Weybridge,18-29,English,Private tenancy,3,2021-06-22,,980.93,2021,6,54,0,14,1,6,5780.2,963.3666666666667,804.91,1020.01,81.9548989790523,6,1,0,0,0,0,0.0,105.6400000000001,0.9820952225609031,1.0398397439164875,1,0.16666666666666666
C-33647,Active,Calder Central,30-44,English,Resident with family,3,2024-03-22,,1188.67,2024,3,21,2,11,0,6,6899.83,1149.9716666666666,952.18,1258.87,108.48520496669889,6,1,0,0,0,0,0.0,108.5799999999997,0.9674440060459729,1.0590576021940488,0,0.0
C-33648,Closed,Calder Central,18-29,English,Private tenancy,2,2021-07-12,2025-08,517.28,2021,7,53,2,11,2,2,875.4100000000001,437.70500000000004,378.42,496.99,83.84165104528896,2,1,0,0,0,0,0.0,0.0,0.8461664862356946,0.9607755954222086,1,0.5
C-33649,Active,Northgate,30-44,English,Social tenancy,1,2023-03-31,,750.8,2023,3,33,1,23,1,6,4605.84,767.64,725.8,792.41,22.574350931975918,6,1,0,0,0,0,0.0,126.04000000000019,1.022429408630794,1.055420884389984,2,0.3333333333333333
C-33650,Active,Calder Central,60-74,English,No fixed abode,1,2024-08-27,,572.78,2024,8,16,1,1,1,6,3351.99,558.665,539.67,571.97,11.316896659420394,6,1,0,0,0,0,0.0,0.0,0.9753570306225776,0.9985858444778101,2,0.3333333333333333
C-33651,Active,Ash Hill,75+,Other,No fixed abode,2,2022-07-29,,804.84,2022,7,41,3,13,0,6,4480.34,746.7233333333334,687.39,784.7,40.880777716020376,6,1,0,0,0,0,0.0,0.0,0.927791030929543,0.9749763928234183,0,0.0
C-33652,Active,Weybridge,75+,English,No fixed abode,3,2023-10-03,,894.32,2023,10,26,2,15,3,6,5173.64,862.2733333333334,845.78,890.33,16.347799444165783,6,1,0,0,0,0,0.0,0.0,0.964166443033068,0.9955385097056981,2,0.3333333333333333
C-33653,Active,Calder Central,30-44,Spanish,Owner-occupier,3,2024-08-07,,844.06,2024,8,16,2,21,3,6,4674.69,779.1149999999999,645.3,856.86,87.90998003639862,6,1,0,0,0,0,0.0,20.730000000000132,0.9230564177902045,1.0151647987109922,2,0.3333333333333333
C-33654,Active,Calder Central,30-44,English,No fixed abode,1,2025-06-18,,397.05,2025,6,6,3,7,0,6,2390.89,398.4816666666666,374.02,418.73,15.829023237921767,6,1,0,0,0,0,0.0,40.29000000000002,1.0036057591403267,1.054602694874701,0,0.0
C-33655,Active,Calder Central,45-59,English,Social tenancy,3,2025-04-06,,1214.35,2025,4,8,2,19,0,6,7151.5599999999995,1191.9266666666665,1143.39,1257.36,43.47753749543159,6,1,0,0,0,0,0.0,61.67000000000007,0.9815347030647398,1.0354181249227983,0,0.0
C-33656,Active,Calder Central,60-74,English,Resident with family,4,2022-03-01,,1044.73,2022,3,45,0,21,0,6,6160.54,1026.7566666666667,986.49,1071.51,38.28920822721026,6,1,0,0,0,0,0.0,47.319999999999936,0.9827961929557557,1.0256334172465613,0,0.0
C-33657,Active,Ash Hill,60-74,English,Social tenancy,1,2022-02-26,,695.14,2022,2,46,3,7,1,6,4189.07,698.1783333333333,655.14,734.61,33.353726278583416,6,1,0,0,0,0,0.0,92.21000000000004,1.0043708221845,1.0567799292228903,2,0.3333333333333333
C-33658,Active,Northgate,30-44,English,Resident with family,3,2021-05-28,,1052.93,2021,5,55,0,23,0,6,6064.63,1010.7716666666666,842.65,1097.53,88.05926173132872,6,1,0,0,0,0,0.0,44.59999999999991,0.9599609344084286,1.042357991509407,0,0.0
C-33659,Active,Calder Central,60-74,English,Resident with family,6,2024-04-02,,1207.33,2024,4,20,3,23,0,6,7249.33,1208.2216666666666,1143.45,1264.59,46.62632707673492,6,1,0,0,0,0,0.0,113.20000000000005,1.0007385442809065,1.0474269669435863,0,0.0
C-33660,Active,Ash Hill,18-29,English,Owner-occupier,5,2024-07-07,,1405.15,2024,7,17,3,8,0,6,8388.72,1398.12,1324.77,1465.04,48.945540348432154,6,1,0,0,0,0,0.0,85.94999999999982,0.9949969754118776,1.0426217841511582,0,0.0
C-33661,Active,Northgate,60-74,English,Resident with family,3,2023-09-09,,1038.65,2023,9,27,3,20,0,6,6340.4400000000005,1056.74,1009.36,1076.15,23.94161481604779,6,1,0,0,0,0,0.0,137.8299999999997,1.0174168391662255,1.0361045588022915,0,0.0
C-33662,Active,Weybridge,30-44,Other,No fixed abode,3,2023-10-05,,822.33,2023,10,26,5,10,1,6,4746.15,791.025,776.0,816.89,15.629578049326845,6,1,0,0,0,0,0.0,0.0,0.9619313414322717,0.9933846509308915,1,0.16666666666666666
C-33663,Active,Northgate,60-74,English,Private tenancy,1,2024-09-16,,577.87,2024,9,15,2,23,1,6,3460.23,576.705,556.29,599.39,15.617977782030543,6,1,0,0,0,0,0.0,31.799999999999955,0.9979839756346583,1.0372402097357536,3,0.5
C-33664,Active,Weybridge,75+,Other,Owner-occupier,3,2023-10-21,,774.36,2023,10,26,2,15,1,6,4519.5,753.25,643.5,799.97,58.89224566952768,6,1,0,0,0,0,0.0,58.73000000000002,0.9727387778294333,1.0330724727516918,2,0.3333333333333333
C-33665,Active,Calder Central,75+,English,No fixed abode,2,2021-12-20,,849.34,2021,12,48,3,16,0,6,4845.03,807.505,658.27,878.81,76.21371339857413,6,1,0,0,0,0,0.0,29.469999999999914,0.9507441071891115,1.0346975298467045,0,0.0
C-33666,Active,Weybridge,75+,English,Owner-occupier,2,2025-08-12,,719.1,2025,8,4,0,0,2,6,4068.12,678.02,568.28,743.94,59.13951132703077,6,1,0,0,0,0,0.0,24.840000000000032,0.9428730357391183,1.0345431789737172,0,0.0
C-33667,Active,Calder Central,18-29,English,Social tenancy,1,2024-07-22,,604.47,2024,7,17,4,2,2,6,3531.97,588.6616666666666,469.78,639.07,61.4296239339512,6,1,0,0,0,0,0.0,67.30999999999995,0.9738476130604772,1.0572402269756977,0,0.0
C-33668,Active,Weybridge,45-59,Spanish,Social tenancy,3,2021-11-23,,1125.66,2021,11,49,5,21,3,6,6340.2300000000005,1056.7050000000002,842.25,1189.96,132.0922069995047,6,1,0,0,0,0,0.0,77.75,0.9387426043387879,1.0571220439564344,0,0.0
C-33669,Active,Northgate,60-74,English,Resident with family,3,2024-08-01,,724.33,2024,8,16,3,1,1,6,4106.71,684.4516666666667,548.28,740.8,69.76090980389135,6,1,0,0,0,0,0.0,19.649999999999864,0.9449445234446544,1.0227382546629298,1,0.16666666666666666
C-33670,Active,Calder Central,30-44,Spanish,Private tenancy,3,2024-01-29,,1206.0,2024,1,23,5,7,1,6,7285.4800000000005,1214.2466666666667,1138.63,1247.38,45.7969460408297,6,1,0,0,0,0,0.0,146.00000000000023,1.0068380320619126,1.0343117744610282,2,0.3333333333333333
C-33671,Active,Weybridge,60-74,English,Private tenancy,2,2021-07-02,,745.02,2021,7,53,4,17,0,6,4549.79,758.2983333333333,733.57,782.83,21.468445138543824,6,1,0,0,0,0,0.0,98.32000000000016,1.0178227877551385,1.0507503154277738,0,0.0
C-33672,Active,Calder Central,30-44,English,No fixed abode,1,2024-06-19,,626.84,2024,6,18,1,21,1,6,3727.0299999999997,621.1716666666666,591.71,649.2,22.11843160503626,6,1,0,0,0,0,0.0,39.489999999999895,0.9909572884095889,1.035670984621275,2,0.3333333333333333
C-33673,Active,Northgate,75+,English,Social tenancy,5,2024-12-22,,1304.86,2024,12,12,3,15,0,6,7289.72,1214.9533333333334,908.26,1309.99,152.89470450825516,6,1,0,0,0,0,0.0,5.130000000000109,0.9310986108343681,1.00393145624818,0,0.0
C-33674,Active,Ash Hill,60-74,Other,No fixed abode,2,2023-08-27,,831.4,2023,8,28,4,17,3,6,4957.07,826.1783333333333,790.6,874.75,37.908284802489625,6,1,0,0,0,0,0.0,85.0200000000001,0.9937194290754551,1.052140967043541,1,0.16666666666666666
C-33675,Active,Calder Central,60-74,English,Private tenancy,2,2024-06-20,,898.03,2024,6,18,2,2,0,6,5374.9400000000005,895.8233333333334,856.58,932.91,29.664432350319192,6,1,0,0,0,0,0.0,61.67000000000007,0.9975427695437049,1.038840573254791,0,0.0
C-33676,Active,Northgate,60-74,English,Private tenancy,2,2022-06-29,,773.01,2022,6,42,0,18,0,6,4691.76,781.96,751.28,817.98,31.65665364500803,6,1,0,0,0,0,0.0,112.7700000000001,1.011578116712591,1.0581751853145496,0,0.0
C-33677,Closed,Weybridge,30-44,Other,Owner-occupier,3,2023-07-04,2025-11,1102.85,2023,7,29,6,20,1,5,5638.97,1127.794,1063.6,1154.93,37.970398733750656,5,1,0,0,0,0,0.0,163.97000000000048,1.0226177630684137,1.047223103776579,1,0.2
C-33678,Active,Northgate,30-44,English,No fixed abode,4,2023-11-14,,833.54,2023,11,25,3,21,0,6,5065.45,844.2416666666667,802.94,879.07,29.851257539116617,6,1,0,0,0,0,0.0,103.43000000000029,1.0128388159736386,1.0546224536314994,0,0.0
C-33679,Closed,Weybridge,60-74,English,No fixed abode,2,2021-02-06,2025-08,749.97,2021,2,58,0,19,1,2,1505.01,752.505,749.95,755.06,3.613315651863187,2,1,0,0,0,0,0.0,5.089999999999918,1.0033801352054081,1.0067869381441923,0,0.0
C-33680,Active,Weybridge,45-59,English,Owner-occupier,1,2023-01-31,,453.44,2023,1,35,1,15,2,6,2616.95,436.1583333333333,334.15,474.32,51.9083127896358,6,1,0,0,0,0,0.0,37.81999999999999,0.9618876440837449,1.0460479887085392,1,0.16666666666666666
C-33681,Active,Ash Hill,30-44,English,Social tenancy,5,2021-12-21,,1116.18,2021,12,48,2,8,2,6,6814.97,1135.8283333333334,1082.12,1178.41,46.030574802696876,6,1,0,0,0,0,0.0,182.93999999999983,1.017603194227932,1.055752656381587,0,0.0
C-33682,Active,Ash Hill,30-44,Other,Private tenancy,1,2021-08-25,,404.77,2021,8,52,6,2,4,6,2428.62,404.77,404.77,404.77,0.0,6,1,0,0,0,0,0.0,0.0,1.0,1.0,2,0.3333333333333333
C-33683,Active,Ash Hill,18-29,English,Social tenancy,2,2024-02-12,,988.89,2024,2,22,2,12,1,6,5914.98,985.8299999999999,936.86,1029.7,33.373194033535356,6,1,0,0,0,0,0.0,65.66000000000008,0.996905621454358,1.0412684929567495,2,0.3333333333333333
C-33684,Active,Calder Central,18-29,English,Private tenancy,3,2023-03-09,,1040.75,2023,3,33,2,7,2,6,5822.7699999999995,970.4616666666666,824.17,1056.22,108.66129493369138,6,1,0,0,0,0,0.0,21.519999999999982,0.9324637681159421,1.0148642805668988,1,0.16666666666666666
C-33685,Suspended,Weybridge,60-74,Spanish,Private tenancy,4,2022-10-18,,1408.24,2022,10,38,3,14,2,6,7556.2,1259.3666666666666,1009.64,1457.33,192.5736842527209,6,1,0,0,0,0,0.0,49.08999999999992,0.8942841182374216,1.0348591149235926,1,0.16666666666666666
C-33686,Active,Calder Central,60-74,English,Resident with family,3,2024-03-12,,1145.07,2024,3,21,1,3,1,6,6898.82,1149.8033333333333,1079.34,1193.31,47.43605787443424,6,1,0,0,0,0,0.0,137.01000000000022,1.0041336628619504,1.0421284288296786,0,0.0
C-33687,Active,Weybridge,30-44,Spanish,Resident with family,4,2022-08-20,,903.09,2022,8,40,2,21,2,6,5414.49,902.415,873.0,929.27,23.505227290966587,6,1,0,0,0,0,0.0,55.69999999999993,0.9992525661894164,1.028989358757156,2,0.3333333333333333
C-33688,Active,Calder Central,30-44,English,Owner-occupier,4,2022-09-17,,1026.59,2022,9,39,3,18,2,6,6010.93,1001.8216666666667,847.0,1080.81,86.2967302779582,6,1,0,0,0,0,0.0,103.91000000000008,0.9758731983232515,1.052815632336181,1,0.16666666666666666
C-33689,Active,Northgate,45-59,English,No fixed abode,4,2022-08-17,,747.75,2022,8,40,1,2,1,6,4491.64,748.6066666666667,710.07,778.52,29.879397361169545,6,1,0,0,0,0,0.0,77.49000000000001,1.0011456591998218,1.0411501170177198,0,0.0
C-33690,Active,Calder Central,30-44,Spanish,Social tenancy,5,2024-11-13,,814.56,2024,11,13,3,12,0,6,4453.91,742.3183333333333,627.96,823.08,87.99464152246237,6,1,0,0,0,0,0.0,8.520000000000095,0.9113120375826623,1.0104596346493815,0,0.0
C-33691,Active,Calder Central,18-29,English,Owner-occupier,2,2023-12-11,,697.74,2023,12,24,1,0,1,6,4178.9400000000005,696.4900000000001,660.25,737.69,29.009014461025743,6,1,0,0,0,0,0.0,69.34000000000003,0.9982085017341703,1.0572562845759166,4,0.6666666666666666
C-33692,Active,Weybridge,75+,English,No fixed abode,4,2023-10-12,,982.76,2023,10,26,0,2,0,6,5494.58,915.7633333333333,780.56,1041.38,103.13711469042885,6,1,0,0,0,0,0.0,82.04000000000008,0.9318280488963057,1.059648337335667,0,0.0
C-33693,Active,Northgate,60-74,English,No fixed abode,1,2023-07-07,,502.09,2023,7,29,3,0,1,6,2971.83,495.305,475.06,526.66,20.97355644615379,6,1,0,0,0,0,0.0,37.65999999999997,0.9864864864864865,1.0489354498197534,1,0.16666666666666666
C-33694,Suspended,Calder Central,60-74,English,Social tenancy,2,2023-09-02,,578.35,2023,9,27,2,8,2,6,3290.4,548.4,452.27,608.23,51.37425775619537,6,1,0,0,0,0,0.0,29.879999999999995,0.9482147488544999,1.051664217169534,2,0.3333333333333333
C-33695,Active,Ash Hill,75+,English,Owner-occupier,1,2023-12-20,,406.13,2023,12,24,2,2,1,6,2431.06,405.1766666666667,389.6,422.44,14.218054250377115,6,1,0,0,0,0,0.0,31.69999999999999,0.9976526399592905,1.0401595548223475,2,0.3333333333333333
C-33696,Active,Calder Central,30-44,Other,Owner-occupier,2,2023-09-10,,687.32,2023,9,27,3,19,3,6,4101.82,683.6366666666667,656.16,714.33,27.924930557956056,6,1,0,0,0,0,0.0,63.37999999999988,0.994641021164329,1.039297561543386,2,0.3333333333333333
C-33697,Active,Northgate,75+,Other,Resident with family,3,2024-06-22,,1034.33,2024,6,18,5,13,0,6,5861.96,976.9933333333333,783.04,1056.4,98.66053246697324,6,1,0,0,0,0,0.0,22.070000000000164,0.9445663698561712,1.0213374841684957,0,0.0
C-33698,Active,Northgate,45-59,Other,Private tenancy,4,2023-11-07,,709.04,2023,11,25,6,11,1,6,4024.15,670.6916666666667,568.14,709.07,52.24288407684502,6,1,0,0,0,0,0.0,0.030000000000086402,0.9459151340780023,1.0000423107300012,0,0.0
C-33699,Active,Calder Central,30-44,English,Social tenancy,4,2023-11-14,,1131.9,2023,11,25,0,1,0,6,6818.79,1136.465,1064.96,1187.73,45.33663937699839,6,1,0,0,0,0,0.0,115.1099999999999,1.0040330417881438,1.0493241452425126,0,0.0
C-33700,Active,Calder Central,45-59,Other,Owner-occupier,1,2022-12-26,,407.4,2022,12,36,3,3,2,6,2389.37,398.2283333333333,383.89,413.0,14.95482987755684,6,1,0,0,0,0,0.0,13.330000000000098,0.9774873179512356,1.013745704467354,0,0.0
C-33701,Active,Calder Central,18-29,English,Resident with family,1,2021-03-30,,461.29,2021,3,57,3,4,1,6,2666.84,444.47333333333336,437.02,450.97,6.548895072198579,6,1,0,0,0,0,0.0,0.0,0.963544263550767,0.9776279563831863,0,0.0
C-33702,Closed,Ash Hill,60-74,English,Owner-occupier,4,2022-11-08,2025-09,1291.6,2022,11,37,5,8,3,6,7980.900000000001,1330.15,1260.83,1360.38,36.34356669343299,6,1,0,0,3,1,4062.5,262.07000000000085,1.0298467017652524,1.0532517807370705,2,0.3333333333333333
C-33703,Active,Weybridge,18-29,Spanish,Resident with family,6,2025-02-15,,1578.08,2025,2,10,4,0,3,6,9376.3,1562.7166666666665,1508.14,1638.35,59.07722527900798,6,1,0,0,0,0,0.0,112.25999999999999,0.9902645408766771,1.0381919801277502,2,0.3333333333333333
C-33704,Active,Calder Central,45-59,English,No fixed abode,2,2022-10-21,,950.17,2022,10,38,2,19,0,6,5496.53,916.0883333333333,708.27,1006.24,108.67634175231824,6,1,0,0,0,0,0.0,101.3900000000001,0.964130980070233,1.0590104928591726,0,0.0
C-33705,Active,Calder Central,30-44,English,Social tenancy,5,2025-04-20,,1331.48,2025,4,8,2,7,2,6,7285.67,1214.2783333333334,899.63,1374.74,175.02682919103194,6,1,0,0,0,0,0.0,43.25999999999999,0.911976397192097,1.0324901613242408,2,0.3333333333333333
C-33706,Active,Calder Central,18-29,English,Private tenancy,4,2023-10-23,,776.05,2023,10,26,1,17,2,6,4737.78,789.63,763.42,810.13,20.456038717210152,6,1,0,0,0,0,0.0,105.27000000000021,1.0174988724953289,1.0439146962180272,4,0.6666666666666666
C-33707,Active,Calder Central,45-59,English,Owner-occupier,5,2021-09-08,,1102.13,2021,9,51,0,9,1,6,6676.74,1112.79,1040.7,1150.2,43.081830973160834,6,1,0,0,0,0,0.0,134.87999999999965,1.009672180232822,1.0436155444457549,0,0.0
C-33708,Closed,Weybridge,45-59,English,Social tenancy,2,2023-10-24,2025-10,880.19,2023,10,26,3,8,0,4,3359.97,839.9925,762.79,874.86,52.16390730188839,4,1,0,0,0,0,0.0,0.0,0.9543308831047841,0.993944489258001,0,0.0
C-33709,Active,Weybridge,18-29,English,Private tenancy,5,2021-09-16,,1545.38,2021,9,51,2,3,0,6,9459.84,1576.64,1507.34,1630.76,54.941999599577784,6,1,0,0,0,0,0.0,260.6099999999997,1.0202280345287242,1.0552485472828688,0,0.0
C-33710,Active,Calder Central,60-74,English,Resident with family,1,2023-12-12,,739.95,2023,12,24,3,10,0,6,4500.62,750.1033333333334,713.72,769.06,20.199588774692074,6,1,0,0,0,0,0.0,87.14999999999975,1.0137216478590896,1.0393404959794579,0,0.0
C-33711,Active,Northgate,45-59,Other,Social tenancy,1,2024-06-23,,462.13,2024,6,18,3,7,0,6,2760.59,460.09833333333336,442.19,485.72,18.923505401131877,6,1,0,0,0,0,0.0,42.67000000000007,0.9956036901593347,1.051046242399325,0,0.0
C-33712,Closed,Calder Central,30-44,English,Owner-occupier,3,2021-03-13,2025-10,787.86,2021,3,57,4,12,0,6,4521.74,753.6233333333333,584.89,834.83,89.38809823833745,6,1,0,0,2,1,1501.1599999999999,74.5,0.9565447329897867,1.0596171908714747,0,0.0
C-33713,Active,Northgate,30-44,Spanish,Owner-occupier,3,2024-07-19,,1046.66,2024,7,17,4,18,0,6,5915.31,985.8850000000001,842.73,1059.49,74.53793738761487,6,1,0,0,0,0,0.0,12.829999999999927,0.9419343435308504,1.0122580398601264,0,0.0
C-33714,Active,Northgate,45-59,English,No fixed abode,3,2024-02-10,,1168.45,2024,2,22,0,6,1,6,6880.26,1146.71,935.23,1238.52,115.9455434244887,6,1,0,0,0,0,0.0,188.69999999999982,0.9813941546493217,1.0599683341178483,1,0.16666666666666666
C-33715,Active,Weybridge,75+,English,No fixed abode,2,2022-10-18,,675.96,2022,10,38,4,1,0,6,4010.56,668.4266666666666,639.75,712.08,28.853849425452204,6,1,0,0,0,0,0.0,50.10000000000002,0.9888553563327217,1.0534351145038168,0,0.0
C-33716,Active,Ash Hill,75+,Spanish,Private tenancy,3,2022-12-24,,1113.13,2022,12,36,5,18,2,6,6677.04,1112.84,1053.35,1159.89,39.40446015364251,6,1,0,0,0,0,0.0,88.17999999999961,0.9997394733768741,1.0420076720598672,1,0.16666666666666666
C-33717,Active,Northgate,45-59,English,Owner-occupier,4,2023-12-07,,809.72,2023,12,24,2,17,0,6,4946.88,824.48,801.31,850.13,20.975976735303664,6,1,0,0,0,0,0.0,98.21999999999991,1.0182285234402015,1.0499061403942103,0,0.0
C-33718,Closed,Calder Central,60-74,English,No fixed abode,6,2022-08-13,2025-10,1390.72,2022,8,40,0,12,0,4,5499.61,1374.9025,1204.73,1468.46,119.05430620099392,4,1,0,0,0,0,0.0,130.8499999999999,0.9886263949608836,1.0558991026231017,0,0.0
C-33719,Active,Weybridge,18-29,English,Resident with family,2,2022-10-06,,677.43,2022,10,38,3,22,1,6,3935.55,655.9250000000001,578.29,705.33,42.87726658731875,6,1,0,0,0,0,0.0,30.54000000000019,0.9682550226591679,1.041185067091803,1,0.16666666666666666
C-33720,Active,Calder Central,30-44,English,Social tenancy,3,2025-05-19,,642.27,2025,5,7,4,1,2,6,3879.5699999999997,646.5949999999999,605.27,680.8,27.038482760687568,6,1,0,0,0,0,0.0,80.5,1.0067339280987746,1.0599903467389105,1,0.16666666666666666
C-33721,Active,Ash Hill,75+,Other,No fixed abode,2,2024-10-14,,594.59,2024,10,14,4,14,3,6,3551.87,591.9783333333334,559.3,620.51,22.942702034997264,6,1,0,0,0,0,0.0,43.94999999999982,0.9956076175740144,1.0435930641282227,2,0.3333333333333333
C-33722,Active,Northgate,45-59,Other,Social tenancy,3,2021-05-29,,1140.79,2021,5,55,6,5,1,6,6865.4,1144.2333333333333,1073.9,1203.48,51.171122194717086,6,1,0,0,0,0,0.0,129.21000000000004,1.0030183761545362,1.0549531465037387,2,0.3333333333333333
C-33723,Closed,Calder Central,75+,English,Resident with family,2,2022-11-14,2025-09,631.57,2022,11,37,1,21,2,6,3837.54,639.59,624.32,655.07,12.09258119675035,6,1,0,0,3,1,1929.88,58.97999999999979,1.0126985132289372,1.0372088604588565,4,0.6666666666666666
C-33724,Active,Weybridge,30-44,English,No fixed abode,2,2022-03-12,,1021.63,2022,3,45,0,14,0,6,6011.16,1001.86,886.14,1057.15,65.55071929429918,6,1,0,0,0,0,0.0,88.87000000000023,0.9806485714006049,1.034767968834118,0,0.0
C-33725,Active,Calder Central,60-74,English,Social tenancy,2,2022-10-14,,838.85,2022,10,38,2,13,1,6,4829.1,804.85,653.87,887.69,79.81237097092155,6,1,0,0,0,0,0.0,48.84000000000003,0.9594683197234309,1.0582225666090481,3,0.5
C-33726,Active,Calder Central,18-29,Spanish,Private tenancy,2,2024-07-07,,614.77,2024,7,17,2,0,1,6,3724.9700000000003,620.8283333333334,590.62,646.99,27.03032994002604,6,1,0,0,0,0,0.0,90.08000000000015,1.0098546339823566,1.0524098443320267,0,0.0
C-33727,Active,Weybridge,18-29,Spanish,Social tenancy,1,2021-03-04,,389.29,2021,3,57,3,12,1,6,2374.38,395.73,380.69,407.11,9.311006390288869,6,1,0,0,0,0,0.0,47.23999999999995,1.0165429371419765,1.0457756428369596,2,0.3333333333333333
C-33728,Closed,Calder Central,30-44,English,Resident with family,5,2021-05-12,2025-09,1063.56,2021,5,55,2,15,4,6,6415.7,1069.2833333333333,1016.08,1105.59,36.951140532690815,6,1,0,0,3,1,3212.1800000000003,110.15000000000009,1.005381298030514,1.0395182218210537,1,0.16666666666666666
C-33729,Active,Weybridge,30-44,English,Social tenancy,1,2024-05-21,,710.58,2024,5,19,3,18,1,6,3804.91,634.1516666666666,482.26,707.81,92.72803921504362,6,1,0,0,0,0,0.0,0.0,0.8924423241108203,0.9961017760139603,0,0.0
C-33730,Active,Calder Central,18-29,English,Owner-occupier,1,2021-05-13,,551.3,2021,5,55,1,21,1,6,3240.06,540.01,519.55,565.95,17.07244446469224,6,1,0,0,0,0,0.0,16.260000000000105,0.9795211318701252,1.026573553419191,0,0.0
C-33731,Active,Northgate,60-74,English,No fixed abode,3,2025-08-16,,725.2,2025,8,4,3,12,0,6,4195.49,699.2483333333333,588.09,741.15,56.95710751668018,6,1,0,0,0,0,0.0,26.95999999999981,0.9642144695716124,1.0219939327082184,0,0.0
C-33732,Active,Northgate,30-44,Other,Social tenancy,2,2022-06-18,,947.77,2022,6,42,5,8,2,6,5236.01,872.6683333333334,727.46,953.79,93.05593552625574,6,1,0,0,0,0,0.0,6.019999999999982,0.9207596076403911,1.0063517520073435,1,0.16666666666666666
C-33733,Active,Calder Central,45-59,Spanish,Social tenancy,5,2024-02-10,,1294.28,2024,2,22,4,5,2,6,7553.57,1258.9283333333333,1036.4,1364.3,115.33262841306737,6,1,0,0,0,0,0.0,92.51000000000022,0.9726862296669448,1.0540995765985721,1,0.16666666666666666
C-33734,Active,Northgate,75+,English,Private tenancy,3,2022-06-12,,667.58,2022,6,42,2,10,0,6,4102.08,683.68,648.94,706.11,23.697944214636053,6,1,0,0,0,0,0.0,123.92999999999984,1.0241169597651216,1.0577159291770275,0,0.0
C-33735,Active,Calder Central,60-74,English,Social tenancy,1,2023-05-07,,394.63,2023,5,31,1,14,0,6,2266.29,377.715,287.02,414.18,45.691175843919815,6,1,0,0,0,0,0.0,26.110000000000014,0.9571370650989536,1.0495400755137725,0,0.0
C-33736,Active,Ash Hill,60-74,Other,Resident with family,2,2022-07-03,,626.3,2022,7,41,5,12,1,6,3651.55,608.5916666666667,518.73,646.08,45.772997025174845,6,1,0,0,0,0,0.0,24.770000000000095,0.9717254776731067,1.031582308797701,3,0.5
C-33737,Active,Weybridge,75+,English,Private tenancy,2,2021-01-30,,1031.42,2021,1,59,1,5,1,6,5788.18,964.6966666666667,823.43,1033.89,87.31373767435839,6,1,0,0,0,0,0.0,2.4700000000000273,0.935309250030702,1.0023947567431308,1,0.16666666666666666
C-33738,Active,Calder Central,30-44,English,Owner-occupier,1,2025-04-05,,523.61,2025,4,8,2,20,0,6,2892.04,482.00666666666666,401.86,553.5,57.75304309442633,6,1,0,0,0,0,0.0,29.889999999999986,0.9205451894858131,1.0570844712667824,0,0.0
C-33739,Active,Northgate,60-74,English,Resident with family,2,2025-04-21,,813.36,2025,4,8,0,17,1,6,4680.43,780.0716666666667,665.44,841.66,63.6508624974294,6,1,0,0,0,0,0.0,42.82999999999993,0.9590730631782565,1.0347939411822562,2,0.3333333333333333
C-33740,Active,Calder Central,18-29,English,Private tenancy,5,2021-10-28,,1307.25,2021,10,50,2,0,1,6,7765.61,1294.2683333333332,1241.33,1360.33,49.197619623988565,6,1,0,0,0,0,0.0,87.51999999999998,0.9900694842863517,1.0406043220501051,1,0.16666666666666666
C-33741,Active,Northgate,18-29,English,Resident with family,2,2021-11-19,,793.96,2021,11,49,0,4,0,6,4760.33,793.3883333333333,753.18,817.26,23.379903692416466,6,1,0,0,0,0,0.0,52.429999999999836,0.9992799805195896,1.0293465665776613,0,0.0
C-33742,Active,Weybridge,60-74,Other,Private tenancy,1,2023-03-03,,686.89,2023,3,33,4,13,1,6,4081.8,680.3000000000001,656.85,718.43,21.25431532654011,6,1,0,0,0,0,0.0,31.539999999999964,0.9904060329892704,1.045917104631018,0,0.0
C-33743,Active,Calder Central,60-74,English,Resident with family,3,2023-10-24,,654.1,2023,10,26,5,9,2,6,9868.07,1644.6783333333333,1466.9,1825.22,130.95812650105626,6,1,0,0,0,0,0.0,5943.47,2.514414207817357,2.790429597920807,1,0.16666666666666666
C-33744,Active,Weybridge,30-44,Spanish,Social tenancy,2,2023-05-13,,649.54,2023,5,31,7,1,2,6,3937.46,656.2433333333333,624.7,681.18,19.787986928100224,6,1,0,0,0,0,0.0,66.28000000000009,1.0103201239851793,1.0487113957569973,0,0.0
C-33745,Active,Calder Central,30-44,English,Private tenancy,4,2025-03-12,,1254.19,2025,3,9,3,18,1,6,6909.77,1151.6283333333333,930.23,1298.14,151.45538648944344,6,1,0,0,0,0,0.0,55.190000000000055,0.9182247772134472,1.0350425374145864,2,0.3333333333333333
C-33746,Suspended,Weybridge,45-59,Spanish,Owner-occupier,6,2023-06-19,,1415.49,2023,6,30,5,4,2,6,8352.03,1392.005,1352.28,1464.68,40.93038077027876,6,1,0,0,0,0,0.0,49.190000000000055,0.9834085722965192,1.0347512168930901,0,0.0
C-33747,Active,Northgate,18-29,Spanish,Owner-occupier,3,2023-06-27,,1082.66,2023,6,30,2,1,1,6,6421.47,1070.2450000000001,1018.48,1115.49,39.21096466551166,6,1,0,0,0,0,0.0,65.1099999999999,0.9885328727393642,1.0303234625828976,2,0.3333333333333333
C-33748,Active,Northgate,30-44,English,Owner-occupier,2,2023-07-09,,588.17,2023,7,29,0,23,0,6,3309.7999999999997,551.6333333333333,432.33,598.54,60.92085740258964,6,1,0,0,0,0,0.0,16.460000000000036,0.9378807714322956,1.017630957036231,0,0.0
C-33749,Active,Calder Central,18-29,Other,Owner-occupier,3,2021-07-06,,726.61,2021,7,53,5,2,1,6,4359.66,726.61,726.61,726.61,0.0,6,1,0,0,0,0,0.0,0.0,1.0,1.0,2,0.3333333333333333
C-33750,Active,Ash Hill,18-29,English,No fixed abode,1,2021-10-08,,689.31,2021,10,50,4,23,0,6,3952.13,658.6883333333334,557.24,704.66,52.11684235126555,6,1,0,0,0,0,0.0,15.350000000000023,0.9555763492961562,1.0222686454570513,0,0.0
C-33751,Active,Ash Hill,18-29,English,No fixed abode,1,2022-09-20,,627.82,2022,9,39,1,2,1,6,3839.71,639.9516666666667,625.27,661.54,16.57251027052527,6,1,0,0,0,0,0.0,77.2199999999998,1.0193234791288373,1.0537096620050332,0,0.0
C-33752,Active,Northgate,45-59,English,Social tenancy,6,2023-08-08,,1215.95,2023,8,28,1,12,0,6,7330.280000000001,1221.7133333333334,1173.94,1268.93,41.7275758541838,6,1,0,0,0,0,0.0,126.81999999999994,1.00473977822553,1.0435708705127678,0,0.0
C-33753,Active,Weybridge,75+,English,Resident with family,1,2022-10-02,,720.11,2022,10,38,2,11,0,6,4102.83,683.805,565.73,748.42,62.1794560124162,6,1,0,0,0,0,0.0,28.309999999999945,0.9495840913193817,1.0393134382247156,0,0.0
C-33754,Active,Northgate,30-44,Spanish,Resident with family,1,2022-02-09,,751.5,2022,2,46,5,7,1,6,4140.24,690.04,553.31,778.18,99.25322604328788,6,1,0,0,0,0,0.0,41.539999999999964,0.9182168995342647,1.0355023286759812,1,0.16666666666666666
C-33755,Active,Northgate,60-74,English,Private tenancy,2,2025-02-22,,602.91,2025,2,10,0,11,1,6,3580.13,596.6883333333334,581.65,621.78,14.577628636601602,6,1,0,0,0,0,0.0,20.050000000000068,0.9896806046231333,1.0312982037119969,2,0.3333333333333333
C-33756,Active,Northgate,45-59,English,No fixed abode,3,2022-01-28,,798.21,2022,1,47,1,2,0,6,4785.88,797.6466666666666,757.89,815.64,20.65253463056451,6,1,0,0,0,0,0.0,37.769999999999754,0.9992942542271667,1.0218363588529333,0,0.0
C-33757,Active,Ash Hill,60-74,Spanish,Owner-occupier,1,2021-12-01,,551.85,2021,12,48,3,9,1,6,3325.81,554.3016666666666,521.96,582.68,24.609072649465407,6,1,0,0,0,0,0.0,69.4899999999999,1.0044426323578266,1.0558666304249342,0,0.0
C-33758,Active,Ash Hill,60-74,English,Owner-occupier,2,2022-03-07,,798.31,2022,3,45,3,13,2,6,4588.87,764.8116666666666,603.73,838.86,84.23200233086392,6,1,0,0,0,0,0.0,68.3900000000001,0.9580384395368551,1.0507948040234998,1,0.16666666666666666
C-33759,Active,Northgate,60-74,English,No fixed abode,1,2023-07-07,,400.21,2023,7,29,1,1,1,6,2391.5,398.5833333333333,379.29,412.93,14.0624971703701,6,1,0,0,0,0,0.0,31.660000000000082,0.9959354672130466,1.0317833137602759,0,0.0
C-33760,Suspended,Northgate,30-44,English,Private tenancy,4,2021-03-05,,1231.13,2021,3,57,0,3,2,6,7434.47,1239.0783333333334,1176.16,1294.65,45.83839238745907,6,1,0,0,0,0,0.0,134.4399999999996,1.0064561283807016,1.0515948762518987,2,0.3333333333333333
C-33761,Active,Northgate,45-59,English,Private tenancy,4,2021-06-04,,1264.79,2021,6,54,2,19,0,6,7486.58,1247.7633333333333,1210.98,1314.47,39.022454390602675,6,1,0,0,0,0,0.0,49.680000000000064,0.98653794964645,1.039279247938393,0,0.0
C-33762,Closed,Calder Central,30-44,English,Social tenancy,3,2023-04-20,2025-09,876.49,2023,4,32,4,11,2,6,5296.87,882.8116666666666,828.3,916.2,30.666797952617564,6,1,0,0,3,1,2584.76,87.83000000000004,1.0072124800815374,1.0453057079943868,1,0.16666666666666666
C-33763,Suspended,Northgate,30-44,English,Social tenancy,3,2025-06-20,,912.69,2025,6,6,2,7,0,6,5411.68,901.9466666666667,792.19,966.09,60.800707452024454,6,1,0,0,0,0,0.0,95.75999999999988,0.9882289349797485,1.0585083653814549,0,0.0
C-33764,Active,Northgate,60-74,English,Private tenancy,4,2023-03-16,,1191.59,2023,3,33,2,13,0,6,7055.69,1175.9483333333333,1138.99,1227.08,29.16121082305508,6,1,0,0,0,0,0.0,35.49000000000001,0.9868732813579616,1.0297837343381533,0,0.0
C-33765,Active,Calder Central,45-59,English,Private tenancy,3,2022-09-11,,776.81,2022,9,39,0,7,0,6,4662.2,777.0333333333333,750.54,806.66,27.573882328512695,6,1,0,0,0,0,0.0,74.61000000000013,1.00028750059002,1.0384263848302675,0,0.0
C-33766,Active,Northgate,18-29,English,No fixed abode,1,2025-05-05,,406.81,2025,5,7,5,19,0,6,2412.38,402.06333333333333,356.47,427.36,26.65447704733046,6,1,0,0,0,0,0.0,44.29000000000002,0.9883319813508353,1.0505149824242275,0,0.0
C-33767,Active,Calder Central,75+,Spanish,Owner-occupier,2,2022-12-28,,504.07,2022,12,36,7,22,2,6,2920.01,486.66833333333335,434.38,520.96,30.077036035265643,6,1,0,0,0,0,0.0,21.62000000000006,0.9654776783647775,1.0335072509770469,2,0.3333333333333333
C-33768,Active,Northgate,45-59,Spanish,No fixed abode,3,2024-11-29,,1135.44,2024,11,13,5,10,2,6,7001.82,1166.97,1101.75,1195.62,34.415201873590654,6,1,0,0,0,0,0.0,222.86999999999966,1.0277689706193194,1.0530014796026208,2,0.3333333333333333
C-33769,Active,Calder Central,30-44,English,Social tenancy,1,2021-08-07,,607.56,2021,8,52,0,15,1,6,3471.59,578.5983333333334,497.75,608.29,40.83810887720764,6,1,0,0,0,0,0.0,0.7300000000000182,0.9523311826541138,1.00120152742116,1,0.16666666666666666
C-33770,Active,Northgate,75+,English,Social tenancy,3,2025-05-31,,695.95,2025,5,7,2,9,2,6,4184.77,697.4616666666667,669.6,734.22,22.448721492919525,6,1,0,0,0,0,0.0,53.249999999999886,1.0021720909069138,1.0549895825849558,4,0.6666666666666666
C-33771,Active,Northgate,18-29,English,Resident with family,3,2022-02-26,,1166.43,2022,2,46,0,12,0,6,6911.4,1151.8999999999999,1098.68,1192.61,38.05920440576758,6,1,0,0,0,0,0.0,48.29999999999973,0.9875431873322874,1.0224445530379018,0,0.0
C-33772,Active,Ash Hill,60-74,English,Social tenancy,1,2024-10-05,,401.25,2024,10,14,2,7,0,6,2291.81,381.9683333333333,300.82,408.77,40.31859988475128,6,1,0,0,0,0,0.0,9.25,0.9519460020768431,1.0187414330218068,0,0.0
C-33773,Active,Weybridge,75+,English,No fixed abode,1,2021-11-06,,509.82,2021,11,49,5,15,1,6,3090.6800000000003,515.1133333333333,487.97,538.76,20.362413085552166,6,1,0,0,0,0,0.0,68.42000000000007,1.0103827494671322,1.0567651327919658,1,0.16666666666666666
C-33774,Active,Calder Central,30-44,English,Resident with family,1,2024-05-19,,681.75,2024,5,19,2,2,1,6,4136.4,689.4,644.96,715.84,29.11429957941631,6,1,0,0,0,0,0.0,102.45000000000005,1.0112211221122112,1.0500036670333701,2,0.3333333333333333
C-33775,Active,Ash Hill,60-74,English,No fixed abode,2,2025-02-21,,842.51,2025,2,10,2,4,1,6,4489.42,748.2366666666667,620.33,878.31,120.3094160349333,6,1,0,0,0,0,0.0,47.25,0.888104196587182,1.0424920772453738,1,0.16666666666666666
C-33776,Active,Weybridge,18-29,Spanish,Social tenancy,3,2024-06-08,,1022.02,2024,6,18,6,1,1,6,6207.94,1034.6566666666665,995.91,1071.42,30.82578379646921,6,1,0,0,0,0,0.0,111.42000000000007,1.0123644025231078,1.0483356490088258,1,0.16666666666666666
C-33777,Active,Northgate,75+,English,Owner-occupier,4,2022-05-03,,817.15,2022,5,43,2,16,1,6,4425.67,737.6116666666667,550.39,846.86,135.2793791258175,6,1,0,0,0,0,0.0,37.8900000000001,0.902663729629403,1.0363580737930613,1,0.16666666666666666
C-33778,Suspended,Calder Central,60-74,Other,Private tenancy,1,2023-09-05,,743.64,2023,9,27,3,10,2,6,4442.82,740.4699999999999,705.6,773.62,26.622998328512885,6,1,0,0,0,0,0.0,58.98000000000002,0.9957371846592437,1.04031520628261,1,0.16666666666666666
C-33779,Active,Ash Hill,30-44,English,Resident with family,2,2021-01-22,,835.85,2021,1,59,3,13,0,6,4833.11,805.5183333333333,691.22,877.56,67.48258958180745,6,1,0,0,0,0,0.0,70.64999999999986,0.9637115909951944,1.0499012980797988,0,0.0
C-33780,Active,Calder Central,60-74,English,Social tenancy,2,2022-04-14,,634.1,2022,4,44,3,7,0,6,3790.46,631.7433333333333,608.83,664.29,23.377803717771798,6,1,0,0,0,0,0.0,53.51999999999987,0.996283446354413,1.0476107869421225,0,0.0
C-33781,Suspended,Weybridge,45-59,English,Owner-occupier,6,2024-09-15,,1757.34,2024,9,15,3,8,1,6,10706.36,1784.3933333333334,1722.34,1853.42,60.55763524665295,6,1,0,0,0,0,0.0,240.56000000000017,1.015394478776636,1.0546735406921826,1,0.16666666666666666
C-33782,Active,Calder Central,30-44,English,Owner-occupier,5,2021-10-04,,1203.97,2021,10,50,4,9,1,6,7167.9,1194.6499999999999,1136.68,1255.36,54.34277284055345,6,1,0,0,0,0,0.0,118.10999999999967,0.9922589433291527,1.0426837878020216,2,0.3333333333333333
C-33783,Active,Weybridge,30-44,Other,Private tenancy,2,2023-03-25,,762.41,2023,3,33,3,19,1,6,4256.93,709.4883333333333,583.63,781.39,81.12615839953635,6,1,0,0,0,0,0.0,20.110000000000014,0.9305863424316749,1.0248947416744272,3,0.5
C-33784,Active,Calder Central,60-74,English,Private tenancy,3,2022-05-16,,735.79,2022,5,43,0,10,1,6,4448.4,741.4,712.97,777.8,25.039985622999048,6,1,0,0,0,0,0.0,72.64999999999998,1.0076244580654807,1.0570950950678861,0,0.0
C-33785,Active,Calder Central,30-44,English,No fixed abode,2,2024-03-15,,811.97,2024,3,21,0,22,2,6,4825.75,804.2916666666666,775.02,844.48,27.4623694656282,6,1,0,0,0,0,0.0,46.710000000000036,0.9905435750910337,1.0400384250649655,0,0.0
C-33786,Active,Ash Hill,45-59,Spanish,Owner-occupier,1,2021-06-08,,649.55,2021,6,54,5,1,1,6,3950.48,658.4133333333333,618.1,685.85,27.32713206076821,6,1,0,0,0,0,0.0,96.24000000000012,1.0136453442126603,1.0558848433530907,1,0.16666666666666666
C-33787,Active,Calder Central,60-74,Spanish,Owner-occupier,3,2025-06-01,,1116.71,2025,6,6,4,21,3,6,6394.13,1065.6883333333333,992.98,1111.25,41.88685493883097,6,1,0,0,0,0,0.0,0.0,0.9543107282403965,0.9951106374976493,2,0.3333333333333333
C-33788,Active,Ash Hill,18-29,Spanish,No fixed abode,5,2024-08-02,,1545.97,2024,8,16,5,13,2,6,9403.85,1567.3083333333334,1521.88,1620.86,38.70250866115355,6,1,0,0,0,0,0.0,175.02999999999975,1.0138025533052604,1.048442078436192,0,0.0
C-33789,Active,Calder Central,45-59,English,Resident with family,1,2021-05-16,,457.96,2021,5,55,2,19,0,6,2734.7,455.7833333333333,447.57,476.48,10.893639734572984,6,1,0,0,0,0,0.0,19.180000000000064,0.9952470375869801,1.0404402131190498,0,0.0
C-33790,Active,Northgate,60-74,English,Private tenancy,4,2024-07-19,,888.75,2024,7,17,3,8,0,6,5137.09,856.1816666666667,709.08,928.68,79.0807745072509,6,1,0,0,0,0,0.0,69.66999999999996,0.9633548992030004,1.044928270042194,0,0.0
C-33791,Active,Weybridge,60-74,English,No fixed abode,6,2021-03-10,,1510.97,2021,3,57,3,15,1,6,8926.49,1487.7483333333332,1425.18,1565.94,52.42658768856381,6,1,0,0,0,0,0.0,70.50999999999999,0.9846312854215062,1.0363806031886802,0,0.0
C-33792,Active,Weybridge,18-29,English,Owner-occupier,2,2023-12-15,,837.55,2023,12,24,0,4,0,6,4985.5,830.9166666666666,787.83,885.29,38.63111164161169,6,1,0,0,0,0,0.0,75.97000000000003,0.9920800748214038,1.0569995821145006,0,0.0
C-33793,Active,Northgate,18-29,English,Resident with family,1,2021-11-06,,555.47,2021,11,49,5,17,1,6,3289.52,548.2533333333333,497.9,583.02,31.434791341229975,6,1,0,0,0,0,0.0,52.729999999999905,0.9870079992318815,1.0495976380362575,3,0.5
C-33794,Active,Calder Central,60-74,English,Private tenancy,2,2022-10-28,,761.54,2022,10,38,1,0,0,6,4412.03,735.3383333333333,632.71,792.12,54.013343320578315,6,1,0,0,0,0,0.0,30.58000000000004,0.9655938405511639,1.040155474433385,0,0.0
C-33795,Active,Ash Hill,75+,English,Private tenancy,4,2022-06-04,,1084.24,2022,6,42,2,13,1,6,6579.51,1096.585,1022.62,1144.47,44.24693876416761,6,1,0,0,0,0,0.0,151.59000000000015,1.011385855530141,1.0555504316387516,1,0.16666666666666666
C-33796,Active,Calder Central,18-29,English,Resident with family,3,2024-07-31,,820.79,2024,7,17,2,23,0,6,4985.84,830.9733333333334,790.12,856.38,28.79657178670169,6,1,0,0,0,0,0.0,112.61000000000013,1.012406746346,1.0433606647254474,0,0.0
C-33797,Active,Weybridge,45-59,Other,No fixed abode,6,2021-05-24,,1233.91,2021,5,55,4,13,2,6,7313.8099999999995,1218.9683333333332,1053.02,1282.6,85.25783633582704,6,1,0,0,0,0,0.0,120.12999999999965,0.9878907970057242,1.0394599281957353,1,0.16666666666666666
C-33798,Active,Northgate,30-44,Spanish,Owner-occupier,5,2025-07-02,,924.55,2025,7,5,7,18,2,6,5354.29,892.3816666666667,757.2,963.79,72.18127829753819,6,1,0,0,0,0,0.0,51.33000000000004,0.9652064968543256,1.0424422692120492,2,0.3333333333333333
C-33799,Active,Calder Central,60-74,English,Resident with family,4,2024-06-10,,1363.26,2024,6,18,0,14,0,6,7950.55,1325.0916666666667,1033.57,1431.55,145.91471665554047,6,1,0,0,0,0,0.0,122.74000000000001,0.9720021614854589,1.0500931590452298,0,0.0
C-33800,Active,Ash Hill,45-59,English,Private tenancy,3,2025-05-07,,1220.87,2025,5,7,1,17,0,6,6988.639999999999,1164.7733333333333,931.65,1289.66,121.95041265476172,6,1,0,0,0,0,0.0,72.21000000000026,0.9540518919568286,1.056345065404179,0,0.0
C-33801,Active,Weybridge,60-74,Spanish,Owner-occupier,6,2021-01-03,,1206.36,2021,1,59,5,9,2,6,6753.88,1125.6466666666668,872.98,1234.52,148.3357084004612,6,1,0,0,0,0,0.0,63.36000000000013,0.9330934933740068,1.0233429490367718,0,0.0
C-33802,Active,Ash Hill,30-44,English,Owner-occupier,1,2025-07-30,,636.9,2025,7,5,3,8,0,6,3631.39,605.2316666666667,446.57,668.56,82.05039412864913,6,1,0,0,0,0,0.0,59.68999999999994,0.9502773852514785,1.049709530538546,0,0.0
C-33803,Active,Northgate,60-74,English,Resident with family,2,2024-05-21,,991.61,2024,5,19,3,2,3,6,5949.66,991.61,991.61,991.61,0.0,6,1,0,0,0,0,0.0,0.0,1.0,1.0,1,0.16666666666666666
C-33804,Active,Ash Hill,18-29,Spanish,Owner-occupier,1,2024-03-01,,443.62,2024,3,21,4,23,2,6,2701.58,450.2633333333333,427.27,469.26,16.07004998955094,6,1,0,0,0,0,0.0,56.20999999999998,1.01497527914281,1.0577972138316576,0,0.0
C-33805,Active,Calder Central,18-29,English,Private tenancy,1,2023-05-24,,708.76,2023,5,31,1,0,1,6,4343.66,723.9433333333333,713.87,737.01,9.327247539690758,6,1,0,0,0,0,0.0,91.10000000000002,1.0214223902778563,1.039858344150347,1,0.16666666666666666
C-33806,Active,Northgate,75+,English,No fixed abode,3,2025-07-22,,1238.54,2025,7,5,1,15,0,6,7325.66,1220.9433333333334,1051.72,1308.23,112.9076751450789,6,1,0,0,0,0,0.0,217.31000000000017,0.9857924114952552,1.05626786377509,0,0.0
C-33807,Active,Calder Central,45-59,Spanish,Private tenancy,3,2021-05-25,,1163.74,2021,5,55,6,19,1,6,7140.34,1190.0566666666666,1149.95,1233.21,32.27766141879966,6,1,0,0,0,0,0.0,180.8900000000001,1.0226138713687478,1.0596954646226822,1,0.16666666666666666
C-33808,Active,Weybridge,18-29,English,No fixed abode,1,2022-05-01,,377.13,2022,5,43,1,15,1,6,2198.43,366.405,354.78,384.97,11.294123693319472,6,1,0,0,0,0,0.0,7.840000000000032,0.9715615305067219,1.0207885874897251,3,0.5
C-33809,Active,Calder Central,30-44,English,Private tenancy,2,2023-10-30,,583.64,2023,10,26,1,8,1,6,3560.87,593.4783333333334,557.84,618.12,28.10981210656998,6,1,0,0,0,0,0.0,105.04999999999995,1.0168568523975967,1.0590775135357413,3,0.5
C-33810,Active,Weybridge,60-74,English,Resident with family,3,2023-01-26,,891.77,2023,1,35,4,7,1,6,5349.17,891.5283333333333,797.36,945.15,56.51935364692934,6,1,0,0,0,0,0.0,133.25,0.999729003367834,1.0598584836897407,4,0.6666666666666666
C-33811,Active,Calder Central,60-74,English,No fixed abode,2,2022-09-01,,1010.73,2022,9,39,3,0,0,6,5601.18,933.5300000000001,714.87,1064.43,138.2684598887252,6,1,0,0,0,0,0.0,63.80000000000007,0.9236195620986812,1.0531299160013061,0,0.0
C-33812,Active,Ash Hill,60-74,English,Resident with family,4,2021-12-29,,726.71,2021,12,48,3,2,0,6,4206.75,701.125,631.51,741.23,40.34701463553405,6,1,0,0,0,0,0.0,20.199999999999932,0.9647933838807777,1.0199804598808329,0,0.0
C-33813,Active,Northgate,75+,English,Private tenancy,1,2023-02-22,,543.71,2023,2,34,3,6,0,6,3224.99,537.4983333333333,515.81,559.97,20.399046464643067,6,1,0,0,0,0,0.0,34.419999999999845,0.9885754047807347,1.029905648231594,0,0.0
C-33814,Active,Weybridge,75+,English,Resident with family,4,2022-11-19,,953.27,2022,11,37,3,4,0,6,5412.01,902.0016666666667,761.29,1007.26,100.32552385443432,6,1,0,0,0,0,0.0,96.85000000000002,0.9462184550721902,1.0566366297061693,0,0.0
C-33815,Active,Calder Central,60-74,English,Owner-occupier,2,2021-06-25,,978.15,2021,6,54,2,15,2,6,5740.62,956.77,803.33,1030.09,84.79806365713779,6,1,0,0,0,0,0.0,113.93999999999994,0.9781424116955476,1.0531002402494505,3,0.5
C-33816,Active,Weybridge,18-29,English,Social tenancy,1,2022-09-26,,493.93,2022,9,39,2,14,3,6,2974.55,495.7583333333334,465.57,520.69,22.73422742621064,6,1,0,0,0,0,0.0,61.260000000000105,1.0037016041409377,1.0541777174903328,0,0.0
C-33817,Active,Calder Central,60-74,Other,Social tenancy,2,2022-01-01,,716.5,2022,1,47,5,8,1,6,4217.72,702.9533333333334,675.64,729.6,25.872715873419022,6,1,0,0,0,0,0.0,29.620000000000005,0.9810932775063969,1.0182833217027216,0,0.0
C-33818,Closed,Weybridge,18-29,English,Social tenancy,6,2022-03-04,2025-09,1788.56,2022,3,45,3,10,1,3,5330.01,1776.67,1685.91,1845.93,82.1479616302194,3,1,0,0,0,0,0.0,66.98000000000025,0.9933521939437314,1.0320760835532496,1,0.3333333333333333
C-33819,Active,Ash Hill,30-44,English,Owner-occupier,2,2021-04-22,,722.79,2021,4,56,0,11,0,6,4241.88,706.98,560.78,756.74,73.48649481367306,6,1,0,0,0,0,0.0,69.85000000000014,0.9781264267629602,1.046970766059298,0,0.0
C-33820,Active,Northgate,18-29,English,Social tenancy,3,2021-01-01,,962.6,2021,1,59,4,23,0,6,5833.38,972.23,912.87,1005.2,33.492978368607346,6,1,0,0,0,0,0.0,111.74999999999989,1.0100041554124246,1.0442551423228756,0,0.0
C-33821,Active,Northgate,45-59,English,Owner-occupier,2,2025-05-02,,755.07,2025,5,7,2,8,1,6,4349.18,724.8633333333333,588.57,765.18,68.35789161952452,6,1,0,0,0,0,0.0,21.039999999999736,0.9599948790619854,1.013389487067424,2,0.3333333333333333
C-33822,Active,Calder Central,45-59,English,Owner-occupier,1,2021-09-29,,694.2,2021,9,51,0,23,1,6,4044.18,674.03,655.98,716.76,25.125147561755725,6,1,0,0,0,0,0.0,22.559999999999945,0.9709449726303658,1.0324978392394122,2,0.3333333333333333
C-33823,Active,Weybridge,30-44,English,Private tenancy,2,2024-11-25,,765.45,2024,11,13,4,0,1,6,4433.57,738.9283333333333,623.58,810.83,64.57107507751957,6,1,0,0,0,0,0.0,65.7399999999999,0.9653515361334292,1.0592853876804493,4,0.6666666666666666
C-33824,Active,Calder Central,45-59,English,Social tenancy,1,2025-05-09,,382.2,2025,5,7,3,10,0,6,2252.25,375.375,363.42,394.12,11.22643264799642,6,1,0,0,0,0,0.0,12.580000000000041,0.9821428571428572,1.0311878597592883,0,0.0
C-33825,Closed,Ash Hill,18-29,English,Private tenancy,6,2022-05-30,2025-10,1479.44,2022,5,43,0,21,0,4,5848.55,1462.1375,1438.77,1487.05,21.72435403719371,4,1,0,0,0,0,0.0,7.6099999999999,0.9883046963716,1.005143838209052,0,0.0
C-33826,Suspended,Calder Central,18-29,English,Owner-occupier,5,2022-07-21,,1136.39,2022,7,41,2,17,0,6,6485.969999999999,1080.995,930.12,1199.54,87.2803161657885,6,1,0,0,0,0,0.0,63.149999999999864,0.9512535309180826,1.0555707107595103,0,0.0
C-33827,Active,Ash Hill,60-74,English,Resident with family,3,2022-03-31,,1056.06,2022,3,45,1,10,1,6,6119.51,1019.9183333333334,842.61,1113.2,102.15109405516259,6,1,0,0,0,0,0.0,111.00000000000023,0.9657768813640639,1.0541067742363124,0,0.0
C-33828,Active,Northgate,60-74,English,Private tenancy,1,2021-02-18,,513.79,2021,2,58,4,4,1,6,3039.55,506.5916666666667,458.11,538.57,30.19341346497058,6,1,0,0,0,0,0.0,45.94000000000017,0.9859897364033295,1.048229821522412,3,0.5
C-33829,Active,Weybridge,30-44,Other,Resident with family,2,2021-09-30,,592.24,2021,9,51,4,23,2,6,3461.83,576.9716666666667,487.43,618.65,46.6937059641518,6,1,0,0,0,0,0.0,42.299999999999955,0.9742193480120672,1.0445934080778063,1,0.16666666666666666
C-33830,Active,Calder Central,18-29,English,Owner-occupier,2,2025-06-17,,870.69,2025,6,6,3,11,1,6,5121.93,853.6550000000001,834.63,865.22,11.52867511902393,6,1,0,0,0,0,0.0,0.0,0.9804350572534427,0.993717626250445,1,0.16666666666666666
C-33831,Active,Calder Central,75+,English,Owner-occupier,1,2021-10-16,,577.98,2021,10,50,2,20,0,6,3542.45,590.4083333333333,572.51,610.56,17.297136660923567,6,1,0,0,0,0,0.0,84.18999999999983,1.0215030508552776,1.0563687324820927,0,0.0
C-33832,Active,Ash Hill,75+,English,Owner-occupier,4,2024-03-20,,1151.95,2024,3,21,0,3,1,6,6915.73,1152.6216666666667,1099.38,1200.78,39.843656165902544,6,1,0,0,0,0,0.0,96.13999999999987,1.0005830692883082,1.0423889925778027,1,0.16666666666666666
C-33833,Active,Calder Central,45-59,English,No fixed abode,3,2021-03-29,,785.57,2021,3,57,2,6,1,6,4667.93,777.9883333333333,742.29,806.05,26.576419936979207,6,1,0,0,0,0,0.0,46.25999999999976,0.9903488337555321,1.0260702419898926,3,0.5
C-33834,Suspended,Ash Hill,45-59,Other,No fixed abode,1,2021-10-03,,555.52,2021,10,50,6,4,1,6,3340.95,556.8249999999999,528.32,588.66,21.365218229636678,6,1,0,0,0,0,0.0,52.700000000000045,1.002349150345622,1.0596558179723503,0,0.0
C-33835,Active,Weybridge,45-59,English,No fixed abode,5,2025-07-16,,1639.18,2025,7,5,0,15,0,6,9784.18,1630.6966666666667,1555.44,1695.16,58.03113704440637,6,1,0,0,0,0,0.0,108.41999999999985,0.9948246480964059,1.0341512219524396,0,0.0
C-33836,Active,Northgate,60-74,English,Resident with family,4,2023-05-10,,949.65,2023,5,31,2,8,1,6,5634.360000000001,939.0600000000001,903.69,977.59,33.196401612223,6,1,0,0,0,0,0.0,53.92000000000007,0.9888485231401044,1.029421365766335,3,0.5
C-33837,Active,Ash Hill,30-44,Other,No fixed abode,3,2024-11-18,,723.09,2024,11,13,3,16,0,6,4108.85,684.8083333333334,496.75,761.98,107.03102716813785,6,1,0,0,0,0,0.0,105.42999999999984,0.9470582269611435,1.0537830698806512,0,0.0
C-33838,Active,Ash Hill,30-44,Other,Social tenancy,3,2023-06-14,,745.83,2023,6,30,3,14,1,6,4199.89,699.9816666666667,536.04,770.8,83.13985889251116,6,1,0,0,0,0,0.0,24.969999999999914,0.9385270995624561,1.0334794792378958,1,0.16666666666666666
C-33839,Active,Northgate,60-74,English,Social tenancy,1,2022-09-09,,546.7,2022,9,39,2,7,1,6,3300.98,550.1633333333333,515.64,573.39,23.774348922034996,6,1,0,0,0,0,0.0,69.99999999999989,1.006334979574416,1.0488201938906163,2,0.3333333333333333
C-33840,Active,Northgate,60-74,English,Resident with family,3,2023-06-16,,824.32,2023,6,30,2,21,0,6,4906.71,817.785,735.9,866.0,51.423307458777884,6,1,0,0,0,0,0.0,100.63999999999987,0.9920722534937888,1.0505628881987576,0,0.0
C-33841,Suspended,Ash Hill,45-59,English,Owner-occupier,4,2024-06-06,,1310.53,2024,6,18,0,7,0,6,7241.25,1206.875,891.04,1360.81,186.0276406075183,6,1,0,0,0,0,0.0,95.50999999999999,0.9209060456456548,1.038366157203574,0,0.0
C-33842,Active,Calder Central,60-74,English,Resident with family,4,2021-08-20,,871.34,2021,8,52,2,1,1,6,5279.31,879.8850000000001,853.6,918.71,22.258590925752692,6,1,0,0,0,0,0.0,69.27999999999986,1.0098067344549773,1.0543645419698395,2,0.3333333333333333
C-33843,Active,Ash Hill,30-44,Spanish,Owner-occupier,4,2021-04-13,,1106.2,2021,4,56,6,8,2,6,6598.64,1099.7733333333333,1047.6,1154.0,40.749995173823855,6,1,0,0,0,0,0.0,83.37999999999988,0.9941903212197915,1.0432109925872355,0,0.0
C-33844,Active,Calder Central,18-29,English,Owner-occupier,1,2021-11-02,,379.16,2021,11,49,2,11,0,6,2094.37,349.06166666666667,261.52,379.51,43.411414359205885,6,1,0,0,0,0,0.0,0.3499999999999659,0.920618384499068,1.0009230931532862,0,0.0
C-33845,Suspended,Ash Hill,30-44,English,Social tenancy,3,2023-08-11,,1225.32,2023,8,28,0,1,0,6,7036.26,1172.71,1152.76,1214.11,23.433226837121634,6,1,0,0,0,0,0.0,0.0,0.9570642770868019,0.9908513694381875,0,0.0
C-33846,Active,Ash Hill,60-74,English,Private tenancy,3,2022-10-19,,1003.09,2022,10,38,1,12,0,6,5943.25,990.5416666666666,948.8,1055.99,48.6410490909342,6,1,0,0,0,0,0.0,89.45000000000005,0.9874903215730061,1.0527370425385558,0,0.0
C-33847,Active,Calder Central,60-74,English,Owner-occupier,1,2023-01-02,,572.82,2023,1,35,0,12,2,6,3323.4,553.9,462.67,589.02,47.371071763260765,6,1,0,0,0,0,0.0,32.579999999999814,0.9669704270102301,1.028281135435215,1,0.16666666666666666
C-33848,Active,Calder Central,30-44,English,Private tenancy,1,2022-04-13,,420.28,2022,4,44,1,2,0,6,2377.11,396.185,284.3,438.4,56.11517896255879,6,1,0,0,0,0,0.0,23.55000000000001,0.942669172932331,1.0431141143999239,0,0.0
C-33849,Active,Ash Hill,75+,English,Social tenancy,3,2022-12-03,,951.85,2022,12,36,0,14,2,6,5754.599999999999,959.0999999999999,904.5,985.92,29.775794195957193,6,1,0,0,0,0,0.0,90.84999999999968,1.0076167463360823,1.0357934548510794,2,0.3333333333333333
C-33850,Active,Ash Hill,18-29,English,No fixed abode,3,2024-10-16,,726.06,2024,10,14,1,10,1,6,4311.41,718.5683333333333,683.29,768.13,28.24171624860405,6,1,0,0,0,0,0.0,43.8900000000001,0.9896817526558871,1.0579428697352837,2,0.3333333333333333
C-33851,Active,Calder Central,75+,Other,Resident with family,4,2024-03-25,,1059.67,2024,3,21,4,4,1,6,5910.820000000001,985.1366666666668,830.43,1087.26,118.25767115357331,6,1,0,0,0,0,0.0,54.549999999999955,0.929663637421713,1.0260364075608444,4,0.6666666666666666
C-33852,Active,Ash Hill,45-59,English,Private tenancy,4,2021-06-22,,1359.49,2021,6,54,3,19,0,6,8046.4,1341.0666666666666,1187.97,1420.6,84.61201514363465,6,1,0,0,0,0,0.0,125.72999999999979,0.9864483495036128,1.0449506800344246,0,0.0
C-33853,Active,Northgate,30-44,Spanish,Owner-occupier,1,2022-02-03,,595.44,2022,2,46,5,23,2,6,3487.42,581.2366666666667,491.7,622.1,48.48387347012064,6,1,0,0,0,0,0.0,52.91999999999973,0.9761464911102152,1.0447736127905414,2,0.3333333333333333
C-33854,Active,Weybridge,60-74,English,Private tenancy,2,2022-08-12,,974.68,2022,8,40,2,19,0,6,5955.12,992.52,963.95,1026.37,27.177403849521724,6,1,0,0,0,0,0.0,126.13000000000011,1.0183034431813518,1.0530327902491072,0,0.0
C-33855,Active,Weybridge,30-44,English,Social tenancy,1,2021-02-17,,523.26,2021,2,58,2,22,0,6,3205.76,534.2933333333334,517.46,552.29,12.817493774785522,6,1,0,0,0,0,0.0,72.89999999999998,1.021085757239868,1.0554791117226616,0,0.0
C-33856,Active,Ash Hill,30-44,English,Owner-occupier,6,2025-07-14,,1667.84,2025,7,5,3,11,1,6,9625.03,1604.1716666666669,1190.65,1746.58,209.28700317188034,6,1,0,0,0,0,0.0,172.70000000000027,0.9618258745842926,1.0472107636224097,1,0.16666666666666666
C-33857,Active,Calder Central,60-74,English,No fixed abode,2,2024-09-14,,726.9,2024,9,15,2,16,0,6,4218.32,703.0533333333333,556.19,759.39,76.51619166337711,6,1,0,0,0,0,0.0,70.85000000000002,0.967194020268721,1.0446966570367313,0,0.0
C-33858,Active,Ash Hill,60-74,English,Owner-occupier,3,2024-12-15,,971.33,2024,12,12,0,2,1,6,5716.66,952.7766666666666,725.17,1029.33,119.22441791288668,6,1,0,0,0,0,0.0,189.2199999999998,0.9808990422067336,1.0597119413587555,3,0.5
C-33859,Active,Ash Hill,75+,English,Social tenancy,1,2024-05-28,,413.31,2024,5,19,0,10,2,6,2453.96,408.99333333333334,316.31,433.54,46.32876931957795,6,1,0,0,0,0,0.0,75.11000000000001,0.9895558620244692,1.048946311485326,2,0.3333333333333333
C-33860,Active,Northgate,45-59,Other,Private tenancy,5,2021-11-13,,962.56,2021,11,49,4,17,0,6,5585.44,930.9066666666666,675.55,1013.31,127.35931794205977,6,1,0,0,0,0,0.0,114.04000000000008,0.9671154698581561,1.052723986037234,0,0.0
C-33861,Active,Weybridge,30-44,English,No fixed abode,4,2022-08-13,,1178.57,2022,8,40,2,9,0,6,7272.48,1212.08,1149.85,1246.57,46.93195670329554,6,1,0,0,0,0,0.0,254.74000000000024,1.028432761736681,1.0576970396327754,0,0.0
C-33862,Active,Calder Central,60-74,English,Owner-occupier,1,2023-02-22,,497.61,2023,2,34,2,16,4,6,2985.66,497.60999999999996,497.61,497.61,0.0,6,1,0,0,0,0,0.0,0.0,1.0,1.0,2,0.3333333333333333
C-33863,Active,Weybridge,60-74,English,Private tenancy,1,2025-01-06,,655.14,2025,1,11,3,2,0,6,3473.34,578.89,474.64,679.79,90.85510464470339,6,1,0,0,0,0,0.0,27.75999999999999,0.8836126629422719,1.0376255456848917,0,0.0
C-33864,Active,Northgate,75+,English,Resident with family,2,2024-04-07,,530.34,2024,4,20,0,7,0,6,2938.13,489.68833333333333,388.6,532.68,57.85858118435558,6,1,0,0,0,0,0.0,2.949999999999932,0.9233479151739136,1.00441226383075,0,0.0
C-33865,Active,Calder Central,30-44,English,Resident with family,1,2023-09-26,,393.53,2023,9,27,5,2,2,6,2192.11,365.3516666666667,307.8,406.47,40.63257482201524,6,1,0,0,0,0,0.0,12.940000000000055,0.9283959715057727,1.0328818641526696,0,0.0
C-33866,Active,Weybridge,60-74,English,Social tenancy,1,2021-05-18,,637.99,2021,5,55,4,6,0,6,3794.37,632.395,609.14,661.66,19.776580847052383,6,1,0,0,0,0,0.0,33.489999999999895,0.991230270066929,1.0371008949983542,0,0.0
C-33867,Active,Northgate,75+,English,Social tenancy,4,2022-08-01,,1326.51,2022,8,40,2,18,2,6,7869.99,1311.665,1279.27,1346.81,25.93146100781822,6,1,0,0,0,0,0.0,28.0,0.9888089799549192,1.015303314713044,0,0.0
C-33868,Active,Northgate,60-74,English,No fixed abode,3,2021-03-21,,644.8,2021,3,57,2,19,0,6,3868.7999999999997,644.8,644.8,644.8,0.0,6,1,0,0,0,0,0.0,0.0,1.0,1.0,0,0.0
C-33869,Active,Ash Hill,60-74,English,Owner-occupier,2,2025-08-19,,983.46,2025,8,4,0,15,0,6,5860.52,976.7533333333334,935.87,1035.45,34.65492846142768,6,1,0,0,0,0,0.0,64.72000000000003,0.9931805394559344,1.052864376792142,0,0.0
C-33870,Active,Weybridge,18-29,English,Private tenancy,4,2023-05-04,,1405.28,2023,5,31,0,20,0,6,8262.26,1377.0433333333333,1328.46,1429.6,41.29644569047887,6,1,0,0,0,0,0.0,38.789999999999964,0.9799067327033284,1.0173061596265514,0,0.0
C-33871,Suspended,Weybridge,45-59,Spanish,Social tenancy,1,2021-05-09,,442.48,2021,5,55,3,4,2,6,2575.91,429.3183333333333,356.72,461.46,37.22728322973173,6,1,0,0,0,0,0.0,26.64999999999992,0.970254776110408,1.0428945941059482,2,0.3333333333333333
C-33872,Active,Calder Central,30-44,Spanish,Social tenancy,4,2021-09-24,,835.54,2021,9,51,4,9,3,6,5106.46,851.0766666666667,796.48,874.04,28.470491156049004,6,1,0,0,0,0,0.0,132.2800000000002,1.0185947610726795,1.046077985494411,2,0.3333333333333333
C-33873,Active,Weybridge,45-59,English,Private tenancy,1,2024-10-26,,648.93,2024,10,14,1,1,2,6,3751.52,625.2533333333333,554.56,671.78,42.757484802858414,6,1,0,0,0,0,0.0,39.04000000000008,0.96351429789551,1.0352118102106544,2,0.3333333333333333
C-33874,Active,Ash Hill,45-59,English,No fixed abode,2,2025-08-06,,1002.92,2025,8,4,5,5,0,6,5530.74,921.79,719.44,1048.71,123.6988913450723,6,1,0,0,0,0,0.0,49.320000000000164,0.9191062098671878,1.0456566824871376,0,0.0
C-33875,Active,Calder Central,45-59,English,Social tenancy,3,2021-04-06,,615.55,2021,4,56,3,18,1,6,3642.17,607.0283333333333,581.93,629.37,17.97374242239682,6,1,0,0,0,0,0.0,23.670000000000073,0.9861560122383777,1.0224514661684674,0,0.0
C-33876,Active,Calder Central,45-59,Spanish,Social tenancy,1,2022-05-16,,504.43,2022,5,43,5,1,2,6,2908.39,484.7316666666666,348.32,533.67,70.62876621226417,6,1,0,0,0,0,0.0,77.52999999999992,0.9609493223374237,1.0579664175405903,2,0.3333333333333333
C-33877,Active,Northgate,30-44,Other,Social tenancy,4,2024-10-14,,1196.73,2024,10,14,3,15,2,6,6903.52,1150.5866666666668,1038.27,1257.22,71.06977435356517,6,1,0,0,0,0,0.0,60.49000000000001,0.9614421520866583,1.0505460713778378,1,0.16666666666666666
C-33878,Active,Calder Central,60-74,English,Owner-occupier,3,2024-03-08,,1239.98,2024,3,21,1,21,2,6,7378.91,1229.8183333333334,1168.66,1311.62,65.01874511759405,6,1,0,0,0,0,0.0,142.8499999999999,0.9918049753490648,1.0577751254052483,1,0.16666666666666666
C-33879,Active,Weybridge,30-44,English,Resident with family,2,2023-09-13,,878.69,2023,9,27,3,1,0,6,5209.0199999999995,868.17,826.41,911.87,33.277617102190455,6,1,0,0,0,0,0.0,49.95999999999981,0.988027632043155,1.0377607574912653,0,0.0
C-33880,Active,Calder Central,45-59,English,Resident with family,2,2022-04-23,,610.0,2022,4,44,1,13,0,6,3631.56,605.26,579.41,641.58,23.936158421935616,6,1,0,0,0,0,0.0,45.59000000000003,0.9922295081967213,1.0517704918032789,0,0.0
C-33881,Active,Calder Central,30-44,English,Social tenancy,4,2021-11-22,,1109.31,2021,11,49,3,11,2,6,6810.63,1135.105,1085.37,1159.75,27.740651578504824,6,1,0,0,0,0,0.0,178.71000000000026,1.0232531934265445,1.0454697063940648,2,0.3333333333333333
C-33882,Active,Weybridge,60-74,English,Private tenancy,3,2022-05-07,,1179.37,2022,5,43,1,14,1,6,7089.21,1181.535,1123.68,1238.85,39.92443149250844,6,1,0,0,0,0,0.0,96.58000000000038,1.001835725853634,1.0504337061312397,2,0.3333333333333333
C-33883,Active,Calder Central,60-74,English,Social tenancy,6,2021-02-04,,1040.59,2021,2,58,1,4,1,6,6099.13,1016.5216666666666,984.35,1093.46,41.428457570451094,6,1,0,0,0,0,0.0,52.87000000000012,0.9768704933419183,1.0508077148540733,2,0.3333333333333333
C-33884,Active,Northgate,60-74,English,Private tenancy,5,2024-09-25,,1567.45,2024,9,15,0,17,1,6,9114.02,1519.0033333333333,1410.89,1591.41,61.76859255857032,6,1,0,0,0,0,0.0,23.960000000000036,0.969092049719821,1.0152859740342595,1,0.16666666666666666
C-33885,Active,Calder Central,75+,English,Social tenancy,2,2024-09-13,,514.36,2024,9,15,3,15,1,6,3095.76,515.96,488.55,543.9,21.91200857977193,6,1,0,0,0,0,0.0,57.649999999999864,1.0031106617932963,1.057430593358737,1,0.16666666666666666
C-33886,Active,Weybridge,60-74,English,No fixed abode,1,2022-08-06,,669.35,2022,8,40,2,21,2,6,4007.74,667.9566666666666,633.17,689.0,21.842984838768416,6,1,0,0,0,0,0.0,49.45999999999992,0.9979183785264311,1.0293568387241354,4,0.6666666666666666
C-33887,Active,Calder Central,30-44,English,Social tenancy,1,2023-08-27,,561.63,2023,8,28,0,20,0,6,3231.61,538.6016666666667,444.66,571.29,47.29848387281209,6,1,0,0,0,0,0.0,14.740000000000009,0.9589973232673943,1.0171999359008599,0,0.0
C-33888,Active,Calder Central,18-29,English,Resident with family,2,2022-06-10,,979.63,2022,6,42,3,23,1,6,5653.8,942.3000000000001,749.94,1015.68,98.45590302262222,6,1,0,0,0,0,0.0,56.50999999999988,0.9618937762216347,1.036799608015271,1,0.16666666666666666
C-33889,Suspended,Weybridge,45-59,English,Owner-occupier,3,2025-08-20,,1076.67,2025,8,4,1,8,0,6,6160.35,1026.7250000000001,803.8,1096.79,110.74724154578303,6,1,0,0,0,0,0.0,24.36999999999989,0.9536115987257004,1.018687248646289,0,0.0
C-33890,Active,Northgate,18-29,English,No fixed abode,1,2025-03-25,,676.31,2025,3,9,3,7,1,6,4017.3900000000003,669.565,645.73,689.11,17.710432801035633,6,1,0,0,0,0,0.0,24.0300000000002,0.9900267628750129,1.0189262320533483,3,0.5
C-33891,Active,Calder Central,18-29,English,No fixed abode,4,2024-09-29,,1408.49,2024,9,15,2,9,0,6,8374.29,1395.7150000000001,1344.95,1437.65,39.52015523754937,6,1,0,0,0,0,0.0,60.6400000000001,0.9909300030529149,1.0207030223856755,0,0.0
C-33892,Active,Northgate,45-59,English,Private tenancy,2,2024-06-22,,808.67,2024,6,18,0,0,2,6,4686.71,781.1183333333333,553.01,834.95,112.1491769772149,6,1,0,0,0,0,0.0,90.35000000000025,0.9659296540409974,1.032497805037902,2,0.3333333333333333
C-33893,Active,Weybridge,75+,English,No fixed abode,5,2023-08-26,,1616.98,2023,8,28,2,15,1,6,9071.52,1511.92,1218.55,1655.11,173.64732027877648,6,1,0,0,0,0,0.0,64.70999999999981,0.9350270256898664,1.0235809966728098,2,0.3333333333333333
C-33894,Active,Calder Central,75+,English,Owner-occupier,1,2021-06-03,,692.33,2021,6,54,1,10,1,6,4008.54,668.09,513.69,725.05,79.67127161028618,6,1,0,0,0,0,0.0,76.29999999999973,0.9649877948377218,1.0472606993774645,1,0.16666666666666666
C-33895,Active,Calder Central,18-29,English,Owner-occupier,1,2022-05-04,,759.33,2022,5,43,2,15,0,6,4599.93,766.6550000000001,724.5,802.06,32.9397709463803,6,1,0,0,0,0,0.0,111.43999999999971,1.009646662189035,1.056273293561429,0,0.0
C-33896,Active,Calder Central,18-29,Spanish,Owner-occupier,2,2025-06-20,,800.63,2025,6,6,5,8,3,6,4803.78,800.63,800.63,800.63,0.0,6,1,0,0,0,0,0.0,0.0,1.0,1.0,2,0.3333333333333333
C-33897,Active,Weybridge,45-59,English,Private tenancy,5,2023-11-04,,915.85,2023,11,25,2,6,0,6,5166.11,861.0183333333333,685.77,968.67,100.00513935126868,6,1,0,0,0,0,0.0,57.77999999999986,0.940130297901767,1.057673199759786,0,0.0
C-33898,Active,Calder Central,45-59,Spanish,No fixed abode,1,2023-09-03,,722.74,2023,9,27,6,7,2,6,4288.77,714.7950000000001,566.81,752.94,73.00528083638882,6,1,0,0,0,0,0.0,108.25999999999999,0.9890071118244458,1.0417854276780032,2,0.3333333333333333
C-33899,Active,Northgate,30-44,English,Owner-occupier,1,2021-11-22,,592.06,2021,11,49,1,10,1,6,3424.2200000000003,570.7033333333334,421.79,622.99,77.1870897667911,6,1,0,0,0,0,0.0,85.61000000000024,0.9639282054746706,1.0522413268925448,2,0.3333333333333333
C-33900,Active,Calder Central,60-74,English,Owner-occupier,4,2022-06-15,,1266.6,2022,6,42,1,13,0,6,7537.31,1256.2183333333335,1194.69,1320.41,50.259115160005194,6,1,0,0,0,0,0.0,97.75000000000023,0.991803515974525,1.0424838149376285,0,0.0
C-33901,Active,Calder Central,75+,English,Private tenancy,5,2023-04-16,,1015.69,2023,4,32,0,6,1,6,5667.75,944.625,755.22,1001.69,94.31469042519306,6,1,0,0,0,0,0.0,0.0,0.9300327855940296,0.9862162667743111,1,0.16666666666666666
C-33902,Active,Calder Central,45-59,English,No fixed abode,2,2023-05-03,,884.4,2023,5,31,1,1,1,6,5414.03,902.3383333333333,859.8,930.24,28.129297479081618,6,1,0,0,0,0,0.0,137.92000000000007,1.0202830544248453,1.0518317503392132,1,0.16666666666666666
C-33903,Active,Weybridge,30-44,Spanish,Owner-occupier,2,2022-08-31,,739.98,2022,8,40,4,22,4,6,4359.33,726.555,699.66,769.21,29.544744879588997,6,1,0,0,0,0,0.0,46.870000000000005,0.9818576177734534,1.0395010675964216,1,0.16666666666666666
C-33904,Active,Weybridge,75+,English,Owner-occupier,1,2025-05-19,,539.97,2025,5,7,3,4,0,6,3142.58,523.7633333333333,441.54,566.39,45.100995406605676,6,1,0,0,0,0,0.0,48.069999999999936,0.9699859868758139,1.048928644183936,0,0.0
C-33905,Active,Northgate,30-44,English,Owner-occupier,3,2023-11-19,,1095.89,2023,11,25,0,10,1,6,6845.89,1140.9816666666668,1109.05,1160.64,18.126514741302802,6,1,0,0,0,0,0.0,270.5499999999995,1.0411461612631439,1.059084397156649,2,0.3333333333333333
C-33906,Closed,Calder Central,45-59,English,Resident with family,3,2021-08-25,2025-12,1229.51,2021,8,52,0,23,1,6,6667.49,1111.2483333333332,896.5,1289.63,172.90843974967405,6,1,0,0,0,0,0.0,93.63000000000011,0.9038139855172657,1.0488975282836253,0,0.0
C-33907,Active,Northgate,60-74,Spanish,Owner-occupier,1,2022-10-26,,534.37,2022,10,38,5,0,1,6,3223.59,537.265,520.71,564.86,20.905078569572506,6,1,0,0,0,0,0.0,59.26999999999998,1.0054175945505923,1.0570578438160825,1,0.16666666666666666
C-33908,Active,Weybridge,30-44,English,No fixed abode,1,2025-07-02,,756.01,2025,7,5,1,13,0,6,4571.889999999999,761.9816666666666,734.74,795.53,22.16472640631205,6,1,0,0,0,0,0.0,65.68999999999994,1.0078989254992219,1.052274440814275,0,0.0
C-33909,Active,Calder Central,30-44,English,No fixed abode,1,2025-01-09,,451.29,2025,1,11,2,2,0,6,2706.39,451.065,430.62,474.41,19.52276696577615,6,1,0,0,0,0,0.0,48.509999999999934,0.9995014292361896,1.0512309158190964,0,0.0
C-33910,Active,Northgate,30-44,Spanish,Social tenancy,3,2025-05-28,,1226.94,2025,5,7,5,7,3,6,7066.49,1177.7483333333332,1059.63,1254.78,70.11916953777093,6,1,0,0,0,0,0.0,42.309999999999945,0.9599070315853533,1.0226905961171695,3,0.5
C-33911,Closed,Calder Central,30-44,Other,Owner-occupier,1,2022-11-24,2025-10,576.51,2022,11,37,5,17,2,4,2303.16,575.79,547.22,603.6,23.42895359734756,4,1,0,0,0,0,0.0,32.08000000000004,0.998751105791747,1.0469896445855233,1,0.25
C-33912,Active,Calder Central,45-59,English,No fixed abode,2,2021-08-15,,891.46,2021,8,52,4,19,0,6,5380.59,896.765,873.1,939.39,23.63916644046484,6,1,0,0,0,0,0.0,64.12999999999988,1.0059509119870773,1.0537657326184011,0,0.0
C-33913,Active,Calder Central,60-74,Other,Owner-occupier,1,2023-03-27,,374.66,2023,3,33,5,5,1,6,2209.06,368.1766666666667,362.23,375.39,4.8374359599550845,6,1,0,0,0,0,0.0,0.7299999999999613,0.9826954216267193,1.001948433246143,0,0.0
C-33914,Active,Ash Hill,60-74,Other,No fixed abode,2,2024-10-18,,966.16,2024,10,14,5,22,3,6,5889.36,981.56,921.33,1015.26,38.65257662821457,6,1,0,0,0,0,0.0,143.31000000000006,1.0159393889210897,1.0508197400016561,2,0.3333333333333333
C-33915,Active,Northgate,45-59,Other,Private tenancy,2,2022-03-15,,783.2,2022,3,45,5,11,1,6,4441.62,740.27,591.82,812.49,75.97664456923586,6,1,0,0,0,0,0.0,29.289999999999964,0.9451864147088865,1.0373978549540346,0,0.0
C-33916,Active,Calder Central,75+,English,No fixed abode,2,2022-11-22,,587.19,2022,11,37,1,4,0,6,3354.45,559.0749999999999,485.16,588.2,37.422993867407236,6,1,0,0,0,0,0.0,1.009999999999991,0.952119416202592,1.0017200565404725,0,0.0
C-33917,Active,Weybridge,60-74,English,Private tenancy,4,2022-10-26,,1149.87,2022,10,38,0,6,0,6,6352.15,1058.6916666666666,810.77,1212.31,175.85031366667124,6,1,0,0,0,0,0.0,129.70000000000027,0.9207055290308181,1.0543017906372025,0,0.0
C-33918,Active,Northgate,45-59,English,Owner-occupier,1,2024-11-08,,417.59,2024,11,13,0,23,1,6,2395.27,399.21166666666664,293.1,433.91,53.42973719443754,6,1,0,0,0,0,0.0,38.00000000000006,0.9559895272077078,1.03908139562729,3,0.5
C-33919,Active,Calder Central,30-44,English,Private tenancy,2,2022-10-24,,926.28,2022,10,38,2,5,1,6,5749.59,958.265,932.13,978.8,18.280771045007892,6,1,0,0,0,0,0.0,191.9100000000002,1.0345305955002806,1.0566999179513754,1,0.16666666666666666
C-33920,Active,Ash Hill,45-59,English,Private tenancy,1,2021-02-04,,657.62,2021,2,58,4,0,1,6,4039.11,673.1850000000001,643.82,693.26,20.963988885705838,6,1,0,0,0,0,0.0,113.70999999999992,1.023668684042456,1.0541954320124083,1,0.16666666666666666
C-33921,Active,Weybridge,60-74,English,Resident with family,2,2024-07-07,,616.42,2024,7,17,1,21,2,6,3737.05,622.8416666666667,589.26,644.86,20.254383640749637,6,1,0,0,0,0,0.0,69.38000000000011,1.0104176805857479,1.0461373738684665,1,0.16666666666666666
C-33922,Active,Calder Central,45-59,English,Resident with family,5,2021-05-09,,998.37,2021,5,55,4,7,1,6,5935.15,989.1916666666666,943.49,1050.27,36.898937879926336,6,1,0,0,0,0,0.0,56.32999999999993,0.9908066815576055,1.0519847351182428,0,0.0
C-33923,Active,Ash Hill,60-74,English,Private tenancy,1,2023-03-24,,492.61,2023,3,33,2,6,0,6,2880.94,480.1566666666667,380.13,508.95,50.34064904892136,6,1,0,0,0,0,0.0,50.58999999999992,0.9747196903568068,1.0331702563894358,0,0.0
C-33924,Active,Calder Central,30-44,English,Private tenancy,2,2022-03-17,,610.48,2022,3,45,2,19,0,6,3704.5699999999997,617.4283333333333,587.22,640.41,22.42859729601178,6,1,0,0,0,0,0.0,78.59999999999991,1.0113817542480235,1.0490269951513562,0,0.0
C-33925,Active,Ash Hill,60-74,English,Private tenancy,3,2025-03-26,,1115.57,2025,3,9,0,3,1,6,6818.54,1136.4233333333334,1064.1,1179.86,45.38999214217454,6,1,0,0,0,0,0.0,193.22000000000003,1.0186929850509905,1.0576297318859418,1,0.16666666666666666
C-33926,Active,Northgate,18-29,English,Resident with family,2,2021-01-16,,675.3,2021,1,59,2,10,3,7,4484.15,640.592857142857,554.76,715.24,63.65146468969004,6,2,1,1,0,0,0.0,63.36000000000013,0.9486048528696241,1.0591440841107658,2,0.2857142857142857
C-33927,Closed,Northgate,60-74,Other,Social tenancy,4,2023-08-17,2025-08,1254.58,2023,8,28,4,7,3,6,7239.23,1206.5383333333332,1005.93,1290.67,101.94227198109073,6,1,0,0,4,1,5010.650000000001,36.090000000000146,0.9617069723200858,1.0287665991806023,0,0.0
C-33928,Active,Northgate,18-29,English,Owner-occupier,1,2025-07-12,,522.0,2025,7,5,2,6,1,6,3117.56,519.5933333333334,494.24,552.38,21.581557558866447,6,1,0,0,0,0,0.0,44.47000000000003,0.9953895274584931,1.0581992337164752,1,0.16666666666666666
C-33929,Closed,Northgate,18-29,English,No fixed abode,1,2021-08-08,2025-08,500.39,2021,8,52,3,19,0,2,990.17,495.085,481.96,508.21,18.561553006146873,2,1,0,0,0,0,0.0,7.819999999999993,0.989398269349907,1.0156278103079597,0,0.0
C-33930,Active,Weybridge,18-29,English,Social tenancy,3,2021-09-03,,1054.43,2021,9,51,1,17,1,6,6026.51,1004.4183333333334,884.84,1107.29,70.83024026972285,6,1,0,0,0,0,0.0,52.8599999999999,0.9525699509055445,1.0501313505875212,2,0.3333333333333333
C-33931,Active,Weybridge,30-44,English,Social tenancy,3,2022-01-07,,906.6,2022,1,47,1,8,0,6,5568.78,928.13,916.47,937.08,8.14509177357753,6,1,0,0,0,0,0.0,129.17999999999995,1.0237480697110082,1.0336201191264063,0,0.0
C-33932,Active,Calder Central,45-59,English,No fixed abode,3,2021-10-10,,1057.11,2021,10,50,1,6,1,6,6283.45,1047.2416666666666,1002.35,1110.03,41.082262068521366,6,1,0,0,0,0,0.0,76.97000000000025,0.9906647999419803,1.0500610154099386,3,0.5
C-33933,Active,Weybridge,18-29,English,Private tenancy,3,2022-03-31,,780.29,2022,3,45,2,23,0,6,4650.36,775.06,746.76,792.91,16.201586342083942,6,1,0,0,0,0,0.0,16.21000000000015,0.9932973638006383,1.016173473964808,0,0.0
C-33934,Active,Calder Central,60-74,English,Resident with family,1,2021-07-22,,471.98,2021,7,53,1,0,1,6,2671.52,445.25333333333333,366.16,490.81,42.806527851096085,6,1,0,0,0,0,0.0,18.829999999999984,0.9433733067785358,1.039895758294843,1,0.16666666666666666
C-33935,Active,Calder Central,75+,Other,Owner-occupier,1,2021-05-08,,711.08,2021,5,55,1,16,3,6,4268.81,711.4683333333334,601.84,750.51,55.9158093625288,6,1,0,0,0,0,0.0,113.7399999999999,1.000546117642647,1.055450863475277,1,0.16666666666666666
C-33936,Active,Calder Central,30-44,English,Owner-occupier,2,2024-06-27,,752.88,2024,6,18,2,4,1,6,4460.22,743.37,709.62,789.52,35.7313162366012,6,1,0,0,0,0,0.0,69.58000000000004,0.9873685049410265,1.0486664541493995,1,0.16666666666666666
C-33937,Active,Ash Hill,18-29,English,No fixed abode,6,2024-10-21,,1301.69,2024,10,14,1,15,1,6,7438.98,1239.83,991.08,1364.63,135.93576380040687,6,1,0,0,0,0,0.0,117.23000000000002,0.9524771643017923,1.0483525263311542,2,0.3333333333333333
C-33938,Active,Weybridge,75+,English,Resident with family,4,2021-10-24,,1205.29,2021,10,50,1,8,0,6,7316.63,1219.4383333333333,1168.89,1265.59,38.7278155421484,6,1,0,0,0,0,0.0,146.81000000000017,1.0117385304228306,1.0500294534925205,0,0.0
C-33939,Active,Weybridge,45-59,Spanish,Owner-occupier,2,2021-09-06,,523.89,2021,9,51,6,21,3,6,3143.34,523.89,523.89,523.89,0.0,6,1,0,0,0,0,0.0,0.0,1.0,1.0,4,0.6666666666666666
C-33940,Active,Calder Central,45-59,Spanish,Social tenancy,1,2023-08-14,,472.21,2023,8,28,4,18,1,6,2635.59,439.26500000000004,369.63,486.88,54.14138777312602,6,1,0,0,0,0,0.0,23.640000000000043,0.9302323118951316,1.0310666864318843,4,0.6666666666666666
C-33941,Active,Weybridge,60-74,English,Social tenancy,5,2023-12-23,,1404.46,2023,12,24,3,20,0,7,10158.02,1451.1457142857143,1370.27,1483.57,42.67784353234627,6,2,1,1,0,0,0.0,360.99,1.0332410423121445,1.0563276989020691,0,0.0
C-33942,Closed,Calder Central,30-44,English,Owner-occupier,2,2022-03-06,2025-09,940.87,2022,3,45,4,19,2,6,5439.14,906.5233333333334,686.61,981.33,111.3329072047733,6,1,0,0,3,1,2612.38,89.61000000000001,0.9634947796542916,1.0430027527713712,2,0.3333333333333333
C-33943,Active,Weybridge,45-59,Spanish,Owner-occupier,4,2023-09-12,,1065.64,2023,9,27,3,5,3,6,6506.26,1084.3766666666668,1020.25,1128.83,37.86787539150653,6,1,0,0,0,0,0.0,160.0399999999995,1.0175825482026448,1.0592976990353213,0,0.0
C-33944,Active,Northgate,18-29,English,Owner-occupier,2,2023-02-22,,579.24,2023,2,34,1,20,1,6,3253.37,542.2283333333334,431.75,606.68,67.89402312918762,6,1,0,0,0,0,0.0,44.969999999999914,0.9361030545772621,1.0473724190318348,1,0.16666666666666666
C-33945,Active,Calder Central,30-44,English,No fixed abode,2,2024-11-03,,866.69,2024,11,13,0,15,3,6,5181.76,863.6266666666667,825.77,903.56,26.08005265843354,6,1,0,0,0,0,0.0,47.80999999999983,0.9964654797755444,1.0425411623533212,2,0.3333333333333333
C-33946,Active,Weybridge,30-44,English,Social tenancy,1,2021-10-09,,654.98,2021,10,50,1,13,0,6,3859.37,643.2283333333334,621.13,690.42,27.576825355117773,6,1,0,0,0,0,0.0,42.92999999999995,0.9820579763249767,1.0541085223976303,0,0.0
C-33947,Active,Northgate,75+,Other,Owner-occupier,3,2021-08-07,,1124.6,2021,8,52,5,4,0,6,6781.26,1130.21,1081.6,1185.04,45.41113299621591,6,1,0,0,0,0,0.0,136.1600000000003,1.0049884403343412,1.0537435532633825,0,0.0
C-33948,Active,Calder Central,30-44,English,Social tenancy,1,2024-01-18,,461.24,2024,1,23,3,7,1,6,2601.69,433.615,335.78,488.04,64.57430379028487,6,1,0,0,0,0,0.0,51.94999999999993,0.94010710259301,1.0581042407423467,2,0.3333333333333333
C-33949,Active,Calder Central,60-74,English,Owner-occupier,2,2023-02-22,,1024.95,2023,2,34,4,17,0,6,6280.32,1046.72,1002.18,1078.11,30.76680873928914,6,1,0,0,0,0,0.0,157.0499999999995,1.0212400604907554,1.051865944680228,0,0.0
C-33950,Active,Calder Central,30-44,Other,Resident with family,2,2025-05-29,,973.69,2025,5,7,7,19,1,6,5377.23,896.2049999999999,683.05,1018.52,141.50240008565228,6,1,0,0,0,0,0.0,82.81999999999982,0.9204212839815545,1.0460413478622559,2,0.3333333333333333
C-33951,Active,Northgate,45-59,English,Social tenancy,3,2023-12-26,,662.81,2023,12,24,2,15,2,6,3934.02,655.67,632.85,693.55,28.984056996907793,6,1,0,0,0,0,0.0,59.92000000000007,0.9892276821411868,1.0463782984565713,0,0.0
C-33952,Closed,Calder Central,60-74,English,Private tenancy,1,2022-05-06,2025-12,732.72,2022,5,43,0,1,2,6,4319.95,719.9916666666667,692.62,760.96,26.288788801819454,6,1,0,0,0,0,0.0,37.23000000000002,0.9826286530552825,1.0385413254722131,2,0.3333333333333333
C-33953,Active,Ash Hill,45-59,English,Owner-occupier,2,2021-04-09,,624.84,2021,4,56,1,23,0,6,3729.13,621.5216666666666,598.26,642.64,16.047839003014293,6,1,0,0,0,0,0.0,28.61999999999989,0.9946893071292916,1.028487292746943,0,0.0
C-33954,Active,Ash Hill,30-44,English,Social tenancy,1,2024-02-22,,523.45,2024,2,22,2,14,0,6,3068.06,511.3433333333333,493.89,547.91,19.115947966728353,6,1,0,0,0,0,0.0,24.459999999999923,0.9768713980959657,1.0467284363358484,0,0.0
C-33955,Active,Weybridge,45-59,English,Social tenancy,2,2022-10-03,,622.16,2022,10,38,1,4,0,6,3744.04,624.0066666666667,600.41,653.55,23.852612994526755,6,1,0,0,0,0,0.0,68.34000000000015,1.0029681539582531,1.0504532596116753,0,0.0
C-33956,Active,Calder Central,75+,Spanish,Social tenancy,3,2024-11-28,,1210.42,2024,11,13,5,12,1,6,6923.2,1153.8666666666666,828.31,1242.07,161.0817598198711,6,1,0,0,0,0,0.0,77.36999999999966,0.9532779255685354,1.0261479486459244,3,0.5
C-33957,Active,Northgate,60-74,Spanish,Resident with family,2,2022-03-16,,534.28,2022,3,45,4,22,2,6,2999.8,499.9666666666667,375.25,563.89,73.65652195608116,6,1,0,0,0,0,0.0,59.16000000000008,0.935776496718325,1.055420378827581,3,0.5
C-33958,Active,Weybridge,30-44,English,No fixed abode,1,2022-05-19,,699.51,2022,5,43,1,23,1,6,4007.4,667.9,500.71,726.76,84.40736768789797,6,1,0,0,0,0,0.0,48.77999999999997,0.9548112250003574,1.0389558405169332,3,0.5
C-33959,Active,Calder Central,60-74,English,No fixed abode,4,2023-08-18,,1093.59,2023,8,28,1,20,2,6,6197.57,1032.9283333333333,856.48,1130.44,114.51153154449851,6,1,0,0,0,0,0.0,72.45000000000027,0.9445297902626518,1.033696357867208,2,0.3333333333333333
C-33960,Active,Ash Hill,45-59,English,Social tenancy,3,2023-05-07,,777.96,2023,5,31,3,23,0,6,4763.71,793.9516666666667,775.45,815.12,16.281028734900822,6,1,0,0,0,0,0.0,98.45999999999981,1.0205558983323908,1.0477659519769653,0,0.0
C-33961,Active,Ash Hill,18-29,English,Private tenancy,1,2022-08-16,,528.46,2022,8,40,0,14,0,6,3121.62,520.27,507.39,535.04,11.867436117375961,6,1,0,0,0,0,0.0,8.889999999999873,0.9845021382886121,1.012451273511713,0,0.0
C-33962,Active,Weybridge,30-44,English,No fixed abode,3,2023-03-23,,1087.7,2023,3,33,1,6,2,6,6578.07,1096.345,1061.52,1117.51,21.022335502983495,6,1,0,0,0,0,0.0,85.20999999999981,1.0079479635929023,1.027406453985474,1,0.16666666666666666
C-33963,Active,Calder Central,18-29,Spanish,No fixed abode,3,2025-04-26,,668.42,2025,4,8,6,7,3,6,3759.25,626.5416666666666,491.96,694.5,71.4636943955927,6,1,0,0,0,0,0.0,36.48000000000013,0.9373472766623779,1.0390173842793453,1,0.16666666666666666
C-33964,Active,Weybridge,60-74,English,Owner-occupier,2,2024-06-12,,593.31,2024,6,18,0,1,1,6,3484.0699999999997,580.6783333333333,566.87,595.29,12.548093746329226,6,1,0,0,0,0,0.0,1.9800000000000182,0.9787098369036985,1.0033372098902766,1,0.16666666666666666
C-33965,Active,Calder Central,45-59,English,Resident with family,4,2021-06-04,,1296.68,2021,6,54,4,13,0,6,7808.07,1301.345,1238.11,1363.68,48.04088748139446,6,1,0,0,0,0,0.0,131.92999999999984,1.0035976493814973,1.0516704198414413,0,0.0
C-33966,Active,Northgate,30-44,English,No fixed abode,1,2021-02-25,,412.06,2021,2,58,1,14,0,6,2528.27,421.37833333333333,406.39,436.3,13.98864313172177,6,1,0,0,0,0,0.0,65.64999999999998,1.022614020611885,1.0588263845071106,0,0.0
C-33967,Active,Northgate,45-59,Other,Social tenancy,1,2022-11-26,,417.84,2022,11,37,5,17,2,6,2217.18,369.53,279.73,422.43,69.26055587417704,6,1,0,0,0,0,0.0,7.440000000000055,0.8843815814665902,1.010985066053992,3,0.5
C-33968,Active,Weybridge,60-74,English,No fixed abode,3,2025-07-23,,720.84,2025,7,5,1,15,0,6,4132.74,688.79,595.93,759.21,70.47402074523633,6,1,0,0,0,0,0.0,69.54999999999995,0.9555379834637368,1.0532295655069086,0,0.0
C-33969,Active,Ash Hill,18-29,English,Owner-occupier,3,2025-06-08,,600.27,2025,6,6,1,19,0,6,3473.4700000000003,578.9116666666667,465.32,635.37,60.763404913374195,6,1,0,0,0,0,0.0,54.129999999999995,0.9644187893225826,1.0584736868409217,0,0.0
C-33970,Active,Northgate,18-29,English,Resident with family,3,2023-07-14,,841.99,2023,7,29,4,17,2,6,5014.73,835.7883333333333,795.16,883.85,33.54857339242111,6,1,0,0,0,0,0.0,57.43999999999994,0.9926345126822568,1.0497155548165655,1,0.16666666666666666
C-33971,Active,Northgate,45-59,English,No fixed abode,2,2023-10-17,,534.88,2023,10,26,1,15,1,6,3211.99,535.3316666666666,503.83,554.8,19.658480527921448,6,1,0,0,0,0,0.0,48.83999999999992,1.000844426164124,1.0372419982052048,2,0.3333333333333333
C-33972,Active,Calder Central,75+,Spanish,Owner-occupier,1,2023-01-19,,643.16,2023,1,35,3,7,2,6,3816.5299999999997,636.0883333333333,618.38,657.13,15.377997810725123,6,1,0,0,0,0,0.0,21.600000000000023,0.9890048095860026,1.021720878164065,1,0.16666666666666666
C-33973,Active,Calder Central,30-44,English,Social tenancy,1,2022-04-09,,513.21,2022,4,44,1,15,1,6,2910.77,485.12833333333333,397.51,542.03,54.05364535964867,6,1,0,0,0,0,0.0,29.199999999999932,0.9452823080870077,1.0561563492527424,1,0.16666666666666666
C-33974,Active,Northgate,18-29,English,No fixed abode,1,2023-06-29,,498.4,2023,6,30,4,17,1,6,2862.84,477.14000000000004,374.45,519.07,52.27749152359935,6,1,0,0,0,0,0.0,24.90000000000009,0.9573434991974318,1.041472712680578,2,0.3333333333333333
C-33975,Active,Weybridge,75+,English,Social tenancy,3,2024-06-09,,1133.65,2024,6,18,1,14,0,6,6713.58,1118.93,1091.62,1150.47,23.598862684460055,6,1,0,0,0,0,0.0,24.829999999999927,0.9870153927579057,1.014837030829621,0,0.0
C-33976,Closed,Ash Hill,18-29,English,No fixed abode,1,2021-04-03,2025-11,466.09,2021,4,56,5,23,2,5,2232.77,446.554,355.27,491.63,53.21767826577931,5,1,0,0,0,0,0.0,30.220000000000027,0.9580853483232852,1.0547962839794889,0,0.0
C-33977,Active,Ash Hill,18-29,English,Owner-occupier,6,2022-02-22,,952.04,2022,2,46,2,19,0,6,5422.21,903.7016666666667,708.92,988.71,100.01615457848133,6,1,0,0,0,0,0.0,51.010000000000105,0.9492265731131746,1.03851728918953,0,0.0
C-33978,Active,Calder Central,30-44,English,Private tenancy,1,2025-05-12,,686.08,2025,5,7,3,1,0,6,4106.14,684.3566666666667,651.12,721.24,26.925133735353423,6,1,0,0,0,0,0.0,60.799999999999955,0.9974881452114427,1.0512476679104477,0,0.0
C-33979,Active,Ash Hill,18-29,Spanish,Resident with family,2,2024-05-16,,791.33,2024,5,19,3,20,0,6,4893.77,815.6283333333334,779.09,838.67,20.450321676361632,6,1,0,0,0,0,0.0,158.02999999999975,1.0307056895774622,1.059823335397369,0,0.0
C-33980,Active,Weybridge,60-74,Spanish,Private tenancy,3,2021-01-29,,1086.29,2021,1,59,6,0,5,10,11073.67,1107.367,1030.15,1131.69,33.03672200916892,6,2,4,1,0,0,0.0,286.46000000000004,1.0194027377587935,1.0417936278525992,4,0.4
C-33981,Active,Weybridge,18-29,English,Private tenancy,2,2023-06-11,,875.22,2023,6,30,1,17,1,6,5273.7,878.9499999999999,833.98,920.05,40.90860300719151,6,1,0,0,0,0,0.0,119.24999999999989,1.00426178560819,1.0512214071890496,0,0.0
C-33982,Active,Calder Central,60-74,English,Resident with family,6,2024-12-21,,958.15,2024,12,12,3,8,1,6,5544.03,924.005,791.96,983.79,69.8669629367128,6,1,0,0,0,0,0.0,48.97000000000003,0.9643636173876743,1.0267599018942755,1,0.16666666666666666
C-33983,Active,Northgate,30-44,Other,No fixed abode,2,2022-12-19,,512.42,2022,12,36,4,13,1,6,2951.21,491.86833333333334,382.42,526.1,55.15711537659186,6,1,0,0,0,0,0.0,29.070000000000164,0.9598929263754993,1.0266968502400375,2,0.3333333333333333
C-33984,Active,Northgate,30-44,English,Resident with family,3,2021-10-15,,898.13,2021,10,50,3,0,1,6,5317.12,886.1866666666666,865.82,910.67,17.7062346834855,6,1,0,0,0,0,0.0,15.949999999999932,0.9867019993393681,1.0139623439813834,0,0.0
C-33985,Active,Northgate,60-74,English,Private tenancy,1,2021-10-14,,543.51,2021,10,50,2,10,0,6,3288.41,548.0683333333333,519.37,570.55,22.044699514093292,6,1,0,0,0,0,0.0,69.75,1.0083868435416705,1.0497506945594377,0,0.0
C-33986,Active,Ash Hill,45-59,English,Owner-occupier,2,2021-09-29,,857.31,2021,9,51,0,3,1,6,5288.26,881.3766666666667,852.83,908.31,21.102382487924555,6,1,0,0,0,0,0.0,148.88000000000034,1.0280723036785606,1.0594883997620463,1,0.16666666666666666
C-33987,Closed,Ash Hill,30-44,English,No fixed abode,4,2024-06-13,2025-09,1400.54,2024,6,18,1,8,0,3,4094.78,1364.9266666666667,1327.41,1396.98,35.105302068680835,3,1,0,0,0,0,0.0,0.0,0.9745717128155332,0.9974581232953004,0,0.0
C-33988,Active,Northgate,30-44,Spanish,No fixed abode,1,2024-05-12,,757.41,2024,5,19,3,9,2,6,4340.97,723.495,608.23,774.17,59.69112689504193,6,1,0,0,0,0,0.0,16.75999999999999,0.9552224026617023,1.0221280416155054,2,0.3333333333333333
C-33989,Closed,Weybridge,18-29,English,Private tenancy,3,2022-02-04,2025-10,925.22,2022,2,46,1,18,0,4,3372.76,843.19,788.42,910.04,63.054834337529854,4,1,0,0,0,0,0.0,0.0,0.9113400056202848,0.9835930913728625,0,0.0
C-33990,Active,Northgate,30-44,English,Resident with family,2,2024-11-13,,1019.55,2024,11,13,2,10,2,6,6250.75,1041.7916666666667,962.76,1078.81,45.06231836764134,6,1,0,0,0,0,0.0,194.95000000000005,1.021815179899629,1.058123682016576,2,0.3333333333333333
C-33991,Active,Calder Central,30-44,English,Social tenancy,1,2025-06-25,,674.77,2025,6,6,2,13,0,6,3870.7,645.1166666666667,526.3,713.57,63.947500550581914,6,1,0,0,0,0,0.0,39.29000000000008,0.9560541616649624,1.0575010744401798,0,0.0
C-33992,Active,Calder Central,60-74,English,Private tenancy,3,2021-04-23,,897.07,2021,4,56,0,11,2,6,5092.17,848.695,704.47,915.53,74.02275670359757,6,1,0,0,0,0,0.0,18.459999999999923,0.9460744423512101,1.020578104272799,1,0.16666666666666666
C-33993,Active,Calder Central,45-59,English,Private tenancy,1,2024-11-24,,644.98,2024,11,13,2,10,0,6,3827.0,637.8333333333334,560.97,667.45,39.342395283798716,6,1,0,0,0,0,0.0,49.97000000000003,0.9889195530610767,1.0348382895593662,0,0.0
C-33994,Active,Calder Central,75+,English,No fixed abode,4,2023-07-25,,1230.93,2023,7,29,2,17,0,6,6993.24,1165.54,971.69,1301.05,107.40622309717446,6,1,0,0,0,0,0.0,70.11999999999989,0.946877564118187,1.056965058939176,0,0.0
C-33995,Active,Northgate,18-29,Other,Resident with family,2,2021-06-02,,984.22,2021,6,54,3,7,2,6,5999.21,999.8683333333333,928.91,1037.03,40.668348585437606,6,1,0,0,0,0,0.0,152.9699999999998,1.015899223073432,1.053656702769706,0,0.0
C-33996,Active,Northgate,45-59,English,Social tenancy,1,2022-12-23,,760.5,2022,12,36,0,20,2,6,4605.64,767.6066666666667,724.49,799.89,31.082191471430523,6,1,0,0,0,0,0.0,101.79000000000008,1.0093447293447293,1.0517948717948717,4,0.6666666666666666
C-33997,Active,Northgate,60-74,Spanish,No fixed abode,4,2021-01-25,,886.76,2021,1,59,6,17,2,6,5018.8,836.4666666666667,637.53,911.48,101.87705839229297,6,1,0,0,0,0,0.0,47.04000000000008,0.9432841655765559,1.0278767648518201,0,0.0
C-33998,Active,Northgate,45-59,English,Resident with family,1,2023-08-20,,683.73,2023,8,28,0,21,1,6,4143.14,690.5233333333334,670.44,721.07,20.159956018470538,6,1,0,0,0,0,0.0,66.71000000000004,1.009935695864352,1.0546122007225074,1,0.16666666666666666
C-33999,Active,Calder Central,45-59,English,No fixed abode,4,2025-08-24,,1171.36,2025,8,4,1,11,1,6,6894.04,1149.0066666666667,1001.79,1222.69,85.15516864328711,6,1,0,0,0,0,0.0,130.62000000000035,0.9809167691116879,1.0438208578063108,1,0.16666666666666666
C-34000,Active,Weybridge,45-59,English,Private tenancy,4,2025-01-21,,761.58,2025,1,11,2,12,1,6,4429.7,738.2833333333333,599.07,797.01,72.62051464060734,6,1,0,0,0,0,0.0,69.64999999999986,0.9694100860491783,1.0465217048767037,0,0.0
C-34001,Active,Ash Hill,45-59,English,Owner-occupier,3,2023-03-21,,867.06,2023,3,33,3,2,0,6,5269.18,878.1966666666667,838.46,916.92,28.051832501044668,6,1,0,0,0,0,0.0,104.49000000000024,1.0128441707225184,1.0575046709570273,0,0.0
C-34002,Active,Calder Central,18-29,Spanish,Private tenancy,1,2021-12-29,,751.75,2021,12,48,5,13,1,6,4454.47,742.4116666666667,708.91,790.08,34.331073048576094,6,1,0,0,0,0,0.0,60.450000000000045,0.9875778738499058,1.0509876953774526,1,0.16666666666666666
C-34003,Closed,Calder Central,45-59,English,No fixed abode,3,2022-04-01,2025-08,1080.47,2022,4,44,2,6,1,2,1960.63,980.315,879.92,1080.71,141.97997059444697,2,1,0,0,0,0,0.0,0.2400000000000091,0.9073042287152813,1.0002221255564707,0,0.0
C-34004,Active,Weybridge,60-74,English,No fixed abode,2,2024-10-18,,706.44,2024,10,14,3,5,1,6,4318.95,719.8249999999999,697.77,747.43,18.373221546587853,6,1,0,0,0,0,0.0,94.06999999999971,1.0189471151123943,1.058023328237359,1,0.16666666666666666
C-34005,Active,Ash Hill,18-29,Other,Private tenancy,4,2022-10-08,,813.42,2022,10,38,3,0,3,6,4934.9,822.4833333333332,800.11,845.92,17.562544994011155,6,1,0,0,0,0,0.0,74.34000000000015,1.0111422553334481,1.0399547589191316,4,0.6666666666666666
C-34006,Active,Calder Central,60-74,English,Resident with family,1,2022-10-16,,545.27,2022,10,38,4,1,0,6,3051.82,508.6366666666667,404.82,542.43,52.15153599527694,6,1,0,0,0,0,0.0,0.0,0.9328161583557993,0.9947915711482385,0,0.0
C-34007,Active,Calder Central,18-29,English,Private tenancy,2,2023-07-16,,723.15,2023,7,29,4,0,1,6,4326.13,721.0216666666666,691.12,738.41,19.679548182482854,6,1,0,0,0,0,0.0,41.73000000000002,0.9970568577289175,1.0211021226578165,0,0.0
C-34008,Active,Northgate,75+,English,No fixed abode,1,2023-12-19,,610.56,2023,12,24,3,13,0,6,3622.27,603.7116666666667,584.61,624.01,13.01235015923975,6,1,0,0,0,0,0.0,13.450000000000045,0.9887835211390636,1.022028957023061,0,0.0
C-34009,Active,Calder Central,30-44,English,Owner-occupier,1,2022-01-02,,487.12,2022,1,47,3,21,2,6,2925.31,487.5516666666667,472.37,498.68,9.529703912854098,6,1,0,0,0,0,0.0,23.090000000000032,1.0008861608364812,1.0237313187715553,1,0.16666666666666666
C-34010,Active,Ash Hill,60-74,English,Private tenancy,1,2021-06-16,,560.06,2021,6,54,1,11,0,6,3285.61,547.6016666666667,448.02,585.2,52.08275661547364,6,1,0,0,0,0,0.0,62.290000000000305,0.9777553595448109,1.0448880477091742,0,0.0
C-34011,Active,Calder Central,30-44,English,Private tenancy,2,2023-02-13,,835.49,2023,2,34,3,21,1,6,4858.3,809.7166666666667,654.58,881.1,83.49837475464219,6,1,0,0,0,0,0.0,95.54999999999995,0.9691518350508882,1.054590719218662,0,0.0
C-34012,Active,Northgate,18-29,English,Resident with family,1,2024-08-31,,700.72,2024,8,16,0,13,1,6,4206.38,701.0633333333334,672.15,737.28,25.28186833813248,6,1,0,0,0,0,0.0,62.86999999999989,1.0004899722190508,1.0521749058111656,1,0.16666666666666666
C-34013,Active,Calder Central,60-74,English,Owner-occupier,5,2023-10-22,,1333.33,2023,10,26,0,17,0,6,7600.780000000001,1266.7966666666669,1140.46,1367.69,73.35436419645846,6,1,0,0,0,0,0.0,34.36000000000013,0.9500998752496882,1.025770064425161,0,0.0
C-34014,Active,Ash Hill,30-44,English,Social tenancy,2,2024-04-02,,952.12,2024,4,20,3,17,0,6,5584.18,930.6966666666667,776.83,1005.84,81.49658021455052,6,1,0,0,0,0,0.0,93.67000000000007,0.97749933481774,1.0564214594798975,0,0.0
C-34015,Active,Calder Central,45-59,English,No fixed abode,1,2023-12-31,,525.27,2023,12,24,2,15,0,6,3092.58,515.43,500.74,528.84,10.507669579883085,6,1,0,0,0,0,0.0,4.540000000000077,0.9812667770860702,1.0067965046547491,0,0.0
C-34016,Active,Calder Central,30-44,English,Private tenancy,2,2022-10-20,,925.26,2022,10,38,3,15,1,6,5562.110000000001,927.0183333333334,872.59,977.46,41.393113155048674,6,1,0,0,0,0,0.0,98.8900000000001,1.0019003667437623,1.0564165748005967,0,0.0
C-34017,Active,Northgate,45-59,English,No fixed abode,3,2024-07-30,,789.28,2024,7,17,0,9,1,6,4298.26,716.3766666666667,565.61,828.04,93.33258480652226,6,1,0,0,0,0,0.0,38.75999999999999,0.9076331171025069,1.0491080478410704,0,0.0
C-34018,Active,Weybridge,45-59,English,Social tenancy,3,2024-10-15,,614.83,2024,10,14,0,22,0,6,3667.95,611.3249999999999,587.33,623.41,13.166390165873088,6,1,0,0,0,0,0.0,16.3599999999999,0.9942992371875152,1.013955077013158,0,0.0
C-34019,Active,Weybridge,18-29,English,No fixed abode,2,2023-01-01,,620.92,2023,1,35,1,12,1,6,3737.68,622.9466666666666,590.82,653.54,23.16326891150439,6,1,0,0,0,0,0.0,60.780000000000086,1.003263973888209,1.0525349481414674,2,0.3333333333333333
C-34020,Active,Ash Hill,45-59,English,Private tenancy,1,2022-05-05,,527.87,2022,5,43,3,10,0,6,2996.07,499.345,367.98,555.49,68.58309172091907,6,1,0,0,0,0,0.0,49.789999999999964,0.9459620739954913,1.0523234887377575,0,0.0
C-34021,Active,Calder Central,60-74,English,Resident with family,5,2025-06-09,,1284.43,2025,6,6,0,23,0,6,7615.98,1269.33,1235.0,1305.51,26.072789647446644,6,1,0,0,0,0,0.0,21.639999999999873,0.9882438124304166,1.0164119492693255,0,0.0
C-34022,Active,Northgate,30-44,English,Resident with family,4,2021-05-19,,1425.03,2021,5,55,4,5,0,6,8701.44,1450.24,1346.32,1494.57,55.3339747352383,6,1,0,0,0,0,0.0,229.97000000000003,1.0176908556311095,1.0487989726532072,0,0.0
C-34023,Active,Northgate,30-44,Spanish,Resident with family,3,2025-02-06,,1182.55,2025,2,10,4,6,2,6,7026.48,1171.08,1053.61,1232.57,64.86233606647235,6,1,0,0,0,0,0.0,97.02999999999997,0.9903006215382013,1.042298422899666,1,0.16666666666666666
C-34024,Active,Ash Hill,18-29,English,Owner-occupier,3,2023-10-02,,710.64,2023,10,26,2,2,1,6,4325.46,720.91,688.37,748.48,24.553814367629315,6,1,0,0,0,0,0.0,101.56000000000006,1.0144517617921875,1.053247776652032,2,0.3333333333333333
C-34025,Active,Calder Central,60-74,English,Social tenancy,2,2022-11-03,,692.69,2022,11,37,4,8,2,6,3935.6400000000003,655.94,507.23,716.19,76.67147474778348,6,1,0,0,0,0,0.0,40.33999999999992,0.9469459642841674,1.0339257099135255,1,0.16666666666666666
C-34026,Active,Calder Central,60-74,English,No fixed abode,4,2022-09-29,,1413.23,2022,9,39,0,8,0,6,8414.18,1402.3633333333335,1331.52,1466.75,50.311350077956256,6,1,0,0,0,0,0.0,76.51999999999975,0.9923107585696123,1.0378706933761666,0,0.0
C-34027,Active,Calder Central,18-29,Spanish,No fixed abode,1,2023-08-16,,455.32,2023,8,28,2,13,0,6,2565.05,427.5083333333334,307.43,479.15,61.151591121300065,6,1,0,0,0,0,0.0,24.170000000000016,0.9389184163518699,1.0523368180620223,0,0.0
C-34028,Active,Calder Central,45-59,English,Social tenancy,1,2025-04-24,,512.1,2025,4,8,3,21,1,6,2990.35,498.39166666666665,370.0,542.47,64.4007575783598,6,1,0,0,0,0,0.0,62.94999999999993,0.9732311397513507,1.0593048232767037,0,0.0
C-34029,Active,Weybridge,18-29,English,Owner-occupier,3,2021-03-21,,874.53,2021,3,57,5,9,2,6,5262.48,877.0799999999999,859.81,896.68,15.178503220014802,6,1,0,0,0,0,0.0,42.629999999999995,1.0029158519433297,1.0253278904097058,1,0.16666666666666666
C-34030,Active,Northgate,60-74,English,No fixed abode,4,2023-12-08,,1040.87,2023,12,24,2,15,1,6,5885.58,980.93,827.28,1073.3,99.77003919012964,6,1,0,0,0,0,0.0,57.94000000000028,0.9424135578890737,1.0311566285895453,1,0.16666666666666666
C-34031,Active,Calder Central,60-74,English,Private tenancy,2,2022-04-22,,1029.04,2022,4,44,1,19,1,6,6124.34,1020.7233333333334,903.52,1087.29,62.669385402017994,6,1,0,0,0,0,0.0,90.5,0.9919180336365286,1.0566061571950556,2,0.3333333333333333
C-34032,Active,Weybridge,18-29,English,Resident with family,1,2022-08-01,,703.22,2022,8,40,1,0,0,6,4076.18,679.3633333333333,586.01,738.3,54.874647941163715,6,1,0,0,0,0,0.0,63.159999999999854,0.9660751021491615,1.0498848155626972,0,0.0
C-34033,Active,Calder Central,30-44,English,Social tenancy,3,2025-04-17,,971.6,2025,4,8,3,18,0,6,5857.69,976.2816666666666,864.37,1021.42,58.54332871187516,6,1,0,0,0,0,0.0,135.55999999999983,1.004818512419377,1.0512762453684643,0,0.0
C-34034,Active,Ash Hill,45-59,English,Social tenancy,2,2021-01-12,,938.6,2021,1,59,2,12,1,6,5217.69,869.6149999999999,719.41,991.33,111.28331263042088,6,1,0,0,0,0,0.0,60.17999999999995,0.9265022373748136,1.0561794161517153,3,0.5
C-34035,Active,Northgate,45-59,English,Social tenancy,3,2023-01-29,,967.01,2023,1,35,0,15,1,6,5712.97,952.1616666666667,832.62,1016.5,64.99344133577377,6,1,0,0,0,0,0.0,90.80000000000007,0.9846451088061826,1.0511783745773053,2,0.3333333333333333
C-34036,Active,Weybridge,45-59,Spanish,Private tenancy,4,2022-02-04,,703.58,2022,2,46,2,11,2,6,4142.79,690.465,667.01,722.49,19.924978042647897,6,1,0,0,0,0,0.0,18.909999999999968,0.9813596179538929,1.026876829926945,3,0.5
C-34037,Active,Calder Central,45-59,English,Owner-occupier,4,2023-10-28,,1201.04,2023,10,26,2,15,1,6,6930.01,1155.0016666666668,1142.16,1196.01,20.525709163550626,6,1,0,0,0,0,0.0,0.0,0.961667943337996,0.99581196296543,1,0.16666666666666666
C-34038,Active,Northgate,60-74,Other,No fixed abode,6,2025-07-18,,1602.2,2025,7,5,4,21,1,6,9522.65,1587.1083333333333,1522.3,1669.83,56.44611888045685,6,1,0,0,0,0,0.0,107.3599999999999,0.9905806599259351,1.042210710273374,1,0.16666666666666666
C-34039,Suspended,Ash Hill,30-44,English,Owner-occupier,3,2023-01-10,,1238.27,2023,1,35,1,21,1,6,7521.7,1253.6166666666666,1178.75,1288.77,42.451805458268446,6,1,0,0,0,0,0.0,162.60000000000014,1.0123936352061074,1.040782704902808,1,0.16666666666666666
C-34040,Active,Northgate,30-44,English,Private tenancy,3,2021-05-23,,1114.42,2021,5,55,3,7,0,6,6607.71,1101.285,1067.14,1157.52,41.820556548185735,6,1,0,0,0,0,0.0,79.16999999999985,0.9882135998994993,1.0386748263670789,0,0.0
C-34041,Active,Northgate,30-44,English,Owner-occupier,3,2021-04-29,,1108.81,2021,4,56,1,12,0,6,6376.23,1062.705,856.29,1122.65,101.71663516849154,6,1,0,0,0,0,0.0,14.730000000000246,0.9584193865495442,1.012481849911166,0,0.0
C-34042,Active,Calder Central,30-44,Other,Private tenancy,5,2023-04-09,,1133.6,2023,4,32,6,19,3,6,6730.61,1121.7683333333332,1071.95,1187.36,50.77989500448634,6,1,0,0,0,0,0.0,97.71000000000004,0.9895627499411903,1.04742413549753,2,0.3333333333333333
C-34043,Active,Northgate,18-29,English,No fixed abode,3,2023-03-01,,910.25,2023,3,33,0,22,0,6,5469.76,911.6266666666667,876.05,955.78,27.41553185088092,6,1,0,0,0,0,0.0,63.84999999999991,1.0015124050169366,1.0500192254875034,0,0.0
C-34044,Active,Calder Central,60-74,English,Private tenancy,4,2021-02-16,,1381.63,2021,2,58,1,13,0,6,8424.539999999999,1404.09,1367.1,1440.22,25.63590450910603,6,1,0,0,0,0,0.0,149.28999999999928,1.0162561612009002,1.0424064329813336,0,0.0
C-34045,Active,Calder Central,75+,English,No fixed abode,3,2022-01-03,,717.0,2022,1,47,1,9,1,6,4099.72,683.2866666666667,520.74,750.79,84.0708950033641,6,1,0,0,0,0,0.0,56.229999999999905,0.9529800092980009,1.0471269177126916,2,0.3333333333333333
C-34046,Active,Weybridge,18-29,English,Resident with family,3,2022-03-07,,1000.96,2022,3,45,0,2,1,6,6053.33,1008.8883333333333,960.34,1056.23,36.202487437559654,6,1,0,0,0,0,0.0,113.97999999999979,1.0079207294330776,1.0552169916879794,1,0.16666666666666666
C-34047,Active,Weybridge,18-29,Other,Private tenancy,3,2022-01-31,,1121.59,2022,1,47,5,23,2,6,6502.29,1083.715,851.27,1148.31,114.82903809577085,6,1,0,0,0,0,0.0,60.50000000000023,0.9662309756684707,1.0238233222478803,2,0.3333333333333333
C-34048,Active,Calder Central,18-29,English,Resident with family,1,2022-06-24,,640.76,2022,6,42,2,21,1,6,3676.54,612.7566666666667,509.24,664.32,56.44318264118942,6,1,0,0,0,0,0.0,45.690000000000055,0.9562966893480658,1.0367688370060555,3,0.5
C-34049,Active,Weybridge,75+,English,Resident with family,4,2021-07-15,,1204.56,2021,7,53,2,21,1,6,7335.21,1222.535,1176.93,1245.68,32.26930600431321,6,1,0,0,0,0,0.0,154.8200000000004,1.0149224613136747,1.0341369462708376,1,0.16666666666666666
C-34050,Active,Weybridge,45-59,English,No fixed abode,1,2023-05-16,,437.44,2023,5,31,4,23,1,6,6343.93,1057.3216666666667,912.92,1159.91,80.87024506372335,6,1,0,0,0,0,0.0,3719.29,2.417066721531334,2.65158650329188,1,0.16666666666666666
C-34051,Active,Northgate,30-44,English,No fixed abode,1,2023-01-30,,523.28,2023,1,35,1,23,1,6,3151.05,525.1750000000001,511.18,546.79,14.34989442469872,6,1,0,0,0,0,0.0,42.04000000000008,1.0036213881669471,1.044928145543495,1,0.16666666666666666
C-34052,Active,Northgate,60-74,English,Resident with family,2,2021-10-04,,615.87,2021,10,50,0,17,1,6,3695.32,615.8866666666667,581.29,642.36,24.441439946669817,6,1,0,0,0,0,0.0,61.57000000000005,1.0000270619881901,1.0430123240294218,4,0.6666666666666666
C-34053,Active,Ash Hill,75+,English,Social tenancy,1,2024-06-18,,698.82,2024,6,18,1,5,1,6,4112.81,685.4683333333334,658.19,705.91,20.494243500716646,6,1,0,0,0,0,0.0,9.8599999999999,0.980893983190712,1.0101456741364012,0,0.0
C-34054,Active,Ash Hill,60-74,English,Resident with family,1,2022-11-28,,614.12,2022,11,37,0,7,1,6,3640.09,606.6816666666667,580.62,627.13,17.10646242408602,6,1,0,0,0,0,0.0,13.659999999999968,0.9878878177989101,1.0211847847326256,1,0.16666666666666666
C-34055,Active,Ash Hill,60-74,English,Private tenancy,2,2023-09-23,,525.28,2023,9,27,1,23,1,6,3165.9100000000003,527.6516666666668,495.42,555.46,19.706607436762578,6,1,0,0,0,0,0.0,47.070000000000164,1.0045150522895725,1.0574550715808713,0,0.0
C-34056,Active,Calder Central,60-74,Spanish,Private tenancy,1,2021-12-05,,449.03,2021,12,48,4,23,3,6,2563.46,427.24333333333334,330.95,471.54,48.91377379293758,6,1,0,0,0,0,0.0,22.510000000000048,0.9514805989206364,1.0501302808275617,0,0.0
C-34057,Active,Northgate,30-44,English,Private tenancy,4,2022-12-27,,838.46,2022,12,36,5,11,2,6,5092.91,848.8183333333333,799.23,887.05,39.632038260309855,6,1,0,0,0,0,0.0,137.31999999999994,1.0123539982030547,1.0579514824797842,1,0.16666666666666666
C-34058,Active,Northgate,30-44,English,Private tenancy,4,2024-02-28,,1298.23,2024,2,22,3,9,0,6,7531.66,1255.2766666666666,1036.26,1370.18,119.82176240844844,6,1,0,0,0,0,0.0,119.55999999999995,0.9669139263972228,1.0554216125031775,0,0.0
C-34059,Closed,Calder Central,45-59,English,Owner-occupier,1,2021-06-16,2025-11,678.62,2021,6,54,3,19,0,5,3229.54,645.908,555.65,693.24,54.47699303375693,5,1,0,0,0,0,0.0,17.17999999999995,0.951796292475907,1.0215437210810174,0,0.0
C-34060,Active,Calder Central,60-74,English,Resident with family,1,2021-12-12,,580.66,2021,12,48,0,20,0,6,3496.98,582.83,559.23,606.99,19.830728680510006,6,1,0,0,0,0,0.0,57.1400000000001,1.003737126717873,1.0453449522956637,0,0.0
C-34061,Active,Calder Central,45-59,Other,No fixed abode,4,2021-08-28,,853.74,2021,8,52,3,20,1,6,5102.92,850.4866666666667,825.64,881.93,24.834007060212144,6,1,0,0,0,0,0.0,54.62999999999988,0.9961893160290799,1.03301942043245,1,0.16666666666666666
C-34062,Active,Calder Central,45-59,English,Resident with family,3,2021-12-15,,1209.97,2021,12,48,3,20,0,7,8605.67,1229.3814285714286,1143.63,1274.32,53.957693436176214,6,2,1,1,0,0,0.0,250.53999999999996,1.0160429007094627,1.053183136771986,0,0.0
C-34063,Suspended,Northgate,30-44,English,Private tenancy,2,2024-01-14,,593.33,2024,1,23,1,17,0,6,3649.36,608.2266666666667,585.25,620.33,14.815641284354413,6,1,0,0,0,0,0.0,97.45999999999992,1.025106882622936,1.0455058736285034,0,0.0
C-34064,Active,Weybridge,45-59,Other,Resident with family,5,2021-04-10,,1440.43,2021,4,56,5,3,3,6,8177.8,1362.9666666666667,988.11,1472.67,185.25336614125706,6,1,0,0,0,0,0.0,45.549999999999955,0.946222077203798,1.022382205313691,1,0.16666666666666666
C-34065,Active,Calder Central,18-29,English,Owner-occupier,1,2022-01-12,,701.4,2022,1,47,0,19,1,6,4078.29,679.715,609.21,740.2,50.897388046932235,6,1,0,0,0,0,0.0,76.08000000000004,0.969083262047334,1.0553179355574567,4,0.6666666666666666
C-34066,Active,Northgate,60-74,English,Private tenancy,1,2023-09-22,,420.37,2023,9,27,1,22,1,6,2473.41,412.23499999999996,397.63,428.67,12.10124249819003,6,1,0,0,0,0,0.0,8.300000000000011,0.9806480005709256,1.0197445107881153,0,0.0
C-34067,Active,Calder Central,30-44,English,Owner-occupier,3,2023-09-21,,1123.36,2023,9,27,0,15,0,6,6661.01,1110.1683333333333,1071.72,1139.42,28.281055437636514,6,1,0,0,0,0,0.0,29.860000000000355,0.9882569553245029,1.0142963965247118,0,0.0
C-34068,Active,Ash Hill,60-74,English,Social tenancy,3,2023-03-02,,956.0,2023,3,33,2,11,1,6,5534.77,922.4616666666667,709.24,1010.07,110.66687515542608,6,1,0,0,0,0,0.0,105.25,0.9649180613668061,1.056558577405858,1,0.16666666666666666
C-34069,Active,Weybridge,18-29,English,No fixed abode,3,2022-05-24,,648.61,2022,5,43,1,2,0,6,3860.0,643.3333333333334,581.51,678.39,38.25975309207661,6,1,0,0,0,0,0.0,72.56999999999994,0.9918646541578658,1.0459135690168206,0,0.0
C-34070,Active,Calder Central,60-74,Other,No fixed abode,1,2023-12-05,,373.42,2023,12,24,4,0,2,6,2132.52,355.42,271.8,392.16,42.29147479102615,6,1,0,0,0,0,0.0,18.74000000000001,0.9517969042900756,1.0501847785335547,3,0.5
C-34071,Active,Calder Central,18-29,English,Resident with family,4,2022-10-10,,1117.54,2022,10,38,5,11,0,6,6617.82,1102.97,1000.79,1180.88,65.73002997108709,6,1,0,0,0,0,0.0,97.97000000000025,0.9869624353490702,1.0566780607405553,0,0.0
C-34072,Active,Calder Central,45-59,Spanish,Owner-occupier,4,2022-03-17,,1197.45,2022,3,45,3,4,2,6,6829.32,1138.22,857.34,1247.58,142.4964918866426,6,1,0,0,0,0,0.0,65.01999999999975,0.9505365568499728,1.0418639609169484,2,0.3333333333333333
C-34073,Active,Weybridge,45-59,English,No fixed abode,3,2022-02-27,,605.53,2022,2,46,0,7,2,6,3604.31,600.7183333333334,573.55,637.06,25.848074138447213,6,1,0,0,0,0,0.0,55.120000000000005,0.9920537930958554,1.052070087361485,2,0.3333333333333333
C-34074,Active,Weybridge,30-44,English,Resident with family,3,2022-05-28,,634.25,2022,5,43,3,22,4,6,3870.46,645.0766666666667,608.29,664.6,21.33259165377399,6,1,0,0,0,0,0.0,90.91999999999996,1.017070030219419,1.0478517934568388,0,0.0
C-34075,Active,Weybridge,30-44,English,Owner-occupier,3,2023-05-21,,1234.23,2023,5,31,1,3,0,6,7432.94,1238.8233333333333,1114.61,1297.11,66.30855952791215,6,1,0,0,0,0,0.0,147.1799999999996,1.0037216186070126,1.0509467441238667,0,0.0
C-34076,Closed,Ash Hill,18-29,English,Owner-occupier,1,2021-12-01,2025-09,548.8,2021,12,48,0,2,1,3,1679.52,559.84,553.64,569.51,8.484980848534645,3,1,0,0,0,0,0.0,33.12000000000012,1.020116618075802,1.0377368804664724,0,0.0
C-34077,Active,Calder Central,30-44,English,Private tenancy,1,2022-12-03,,582.37,2022,12,36,1,12,2,6,3365.9,560.9833333333333,523.83,588.49,21.943555470038756,6,1,0,0,0,0,0.0,6.1200000000000045,0.9632764966144091,1.0105087830760513,1,0.16666666666666666
C-34078,Closed,Calder Central,45-59,English,Resident with family,2,2025-02-17,2025-07,729.8,2025,2,10,2,9,0,1,713.37,713.37,713.37,713.37,0.0,1,1,0,0,0,0,0.0,0.0,0.9774869827349959,0.9774869827349959,0,0.0
C-34079,Active,Weybridge,75+,English,Social tenancy,3,2022-06-21,,1008.11,2022,6,42,0,21,1,6,5365.53,894.255,699.37,1063.51,150.04909126682506,6,1,0,0,0,0,0.0,75.76999999999998,0.8870609358105762,1.0549543204610607,1,0.16666666666666666
C-34080,Active,Calder Central,18-29,Other,Private tenancy,2,2025-06-11,,1000.08,2025,6,6,5,10,2,6,5946.89,991.1483333333334,963.72,1056.19,34.74984743371786,6,1,0,0,0,0,0.0,56.110000000000014,0.9910690478095087,1.0561055115590754,0,0.0
C-34081,Active,Calder Central,45-59,English,Social tenancy,4,2022-11-05,,929.85,2022,11,37,1,3,1,6,5392.6,898.7666666666668,880.75,949.0,25.842203208446964,6,1,0,0,0,0,0.0,19.149999999999977,0.9665716692656522,1.0205947195784266,1,0.16666666666666666
C-34082,Active,Weybridge,45-59,English,Social tenancy,4,2021-04-30,,888.12,2021,4,56,3,8,2,6,5106.32,851.0533333333333,703.97,940.83,78.51079891751623,6,1,0,0,0,0,0.0,52.710000000000036,0.9582638982720053,1.0593500878259694,2,0.3333333333333333
C-34083,Active,Calder Central,60-74,Spanish,Private tenancy,3,2025-05-12,,951.91,2025,5,7,6,18,2,6,5436.9,906.15,707.99,1006.93,101.84865556304608,6,1,0,0,0,0,0.0,55.01999999999998,0.9519282285089977,1.0577995818932462,4,0.6666666666666666
C-34084,Active,Calder Central,30-44,English,Resident with family,2,2022-04-02,,753.06,2022,4,44,2,5,1,6,4534.86,755.81,712.95,796.56,42.53297403192023,6,1,0,0,0,0,0.0,124.5100000000001,1.0036517674554484,1.0577643215680026,1,0.16666666666666666
C-34085,Active,Northgate,30-44,English,Owner-occupier,1,2021-01-13,,400.68,2021,1,59,6,16,1,6,2404.08,400.68,400.68,400.68,0.0,6,1,0,0,0,0,0.0,0.0,1.0,1.0,1,0.16666666666666666
C-34086,Active,Weybridge,18-29,English,Resident with family,4,2021-07-12,,1133.81,2021,7,53,2,2,0,6,6741.52,1123.5866666666668,1070.27,1171.8,36.240689654953705,6,1,0,0,0,0,0.0,60.820000000000164,0.9909832041229718,1.0335064957973559,0,0.0
C-34087,Active,Northgate,45-59,Other,No fixed abode,2,2025-07-06,,852.46,2025,7,5,3,15,2,6,5140.22,856.7033333333334,808.23,897.67,36.92986794813467,6,1,0,0,0,0,0.0,109.19999999999982,1.004977750666698,1.0530347464983694,2,0.3333333333333333
C-34088,Active,Calder Central,45-59,English,Owner-occupier,1,2022-11-03,,584.01,2022,11,37,2,10,0,6,3508.4900000000002,584.7483333333333,565.77,603.15,14.092422668465028,6,1,0,0,0,0,0.0,35.760000000000105,1.0012642477583147,1.032773411414188,0,0.0
C-34089,Suspended,Weybridge,60-74,English,Resident with family,2,2023-06-15,,892.22,2023,6,30,3,17,1,6,5501.21,916.8683333333333,884.39,945.16,25.18847626726687,6,1,0,0,0,0,0.0,159.7099999999998,1.0276258471378508,1.059335141557015,1,0.16666666666666666
C-34090,Active,Northgate,30-44,English,Resident with family,1,2021-12-21,,593.45,2021,12,48,3,4,0,6,3583.16,597.1933333333333,584.2,611.3,12.141389816106951,6,1,0,0,0,0,0.0,43.929999999999836,1.0063077484764231,1.03007835537956,0,0.0
C-34091,Closed,Northgate,75+,English,Owner-occupier,1,2025-01-26,2025-09,432.81,2025,1,11,4,13,4,6,2632.83,438.805,407.08,456.77,19.373843965511853,6,1,0,0,3,1,1273.24,70.34999999999997,1.0138513435456666,1.0553591645294702,2,0.3333333333333333
C-34092,Active,Weybridge,18-29,Other,Owner-occupier,1,2023-03-19,,462.59,2023,3,33,5,21,2,6,2668.76,444.79333333333335,434.97,476.0,15.48537718838862,6,1,0,0,0,0,0.0,13.410000000000025,0.9615282071236589,1.0289889535009404,2,0.3333333333333333
C-34093,Active,Northgate,75+,English,Resident with family,3,2021-07-26,,930.88,2021,7,53,2,11,1,6,5549.23,924.8716666666666,886.36,958.79,26.504530493232018,6,1,0,0,0,0,0.0,41.639999999999986,0.99354553397502,1.0299823822619456,2,0.3333333333333333
C-34094,Active,Northgate,45-59,English,Private tenancy,3,2022-12-22,,1120.51,2022,12,36,3,1,2,6,6699.6,1116.6000000000001,1087.52,1180.69,36.054067731672134,6,1,0,0,0,0,0.0,75.48000000000002,0.9965105175321951,1.0537076866783877,1,0.16666666666666666
C-34095,Active,Weybridge,60-74,English,No fixed abode,2,2021-05-27,,520.12,2021,5,55,3,2,1,6,3118.12,519.6866666666666,492.51,548.82,24.49806332481548,6,1,0,0,0,0,0.0,59.710000000000036,0.9991668589299906,1.0551795739444745,3,0.5
C-34096,Active,Weybridge,30-44,English,No fixed abode,1,2023-08-21,,600.95,2023,8,28,2,23,2,6,3456.24,576.04,504.27,631.67,42.74241078834932,6,1,0,0,0,0,0.0,34.27999999999986,0.9585489641401114,1.0511190614859804,1,0.16666666666666666
C-34097,Active,Northgate,75+,Other,Social tenancy,3,2025-02-23,,966.39,2025,2,10,5,12,2,6,5839.07,973.1783333333333,943.16,1012.65,26.507415880592113,6,1,0,0,0,0,0.0,87.06000000000006,1.007024424231763,1.047868872815323,5,0.8333333333333334
C-34098,Active,Calder Central,45-59,English,Resident with family,4,2024-05-11,,850.85,2024,5,19,1,16,0,6,5035.45,839.2416666666667,804.05,871.1,27.082741675588668,6,1,0,0,0,0,0.0,33.76999999999987,0.9863567804744275,1.0237997296820827,0,0.0
C-34099,Active,Calder Central,45-59,English,Owner-occupier,3,2022-02-23,,957.19,2022,2,46,3,9,2,6,5695.14,949.19,918.34,1002.26,37.05372100073081,6,1,0,0,0,0,0.0,78.37999999999988,0.9916422026974789,1.0470857405530771,2,0.3333333333333333
C-34100,Active,Calder Central,60-74,English,Social tenancy,1,2022-10-03,,660.22,2022,10,38,2,20,1,6,3993.07,665.5116666666667,653.21,679.13,9.726147061743731,6,1,0,0,0,0,0.0,43.84999999999991,1.0080150050993104,1.0286419678289054,1,0.16666666666666666
C-34101,Active,Calder Central,30-44,English,Social tenancy,3,2025-08-20,,1158.04,2025,8,4,2,22,0,6,6487.85,1081.3083333333334,824.9,1219.84,158.13854892677705,6,1,0,0,0,0,0.0,134.69000000000005,0.9337400550355198,1.0533660322614071,0,0.0
C-34102,Active,Ash Hill,60-74,English,Resident with family,2,2025-06-11,,967.74,2025,6,6,4,21,0,6,5530.84,921.8066666666667,719.38,1016.71,112.04416908820676,6,1,0,0,0,0,0.0,107.64999999999998,0.9525354606264768,1.0506024345382023,0,0.0
C-34103,Active,Weybridge,45-59,English,Private tenancy,1,2024-10-18,,400.69,2024,10,14,2,19,2,6,2307.89,384.6483333333333,318.54,423.77,35.85964105602098,6,1,0,0,0,0,0.0,27.91999999999996,0.9599648938913706,1.0576006388979011,2,0.3333333333333333
C-34104,Active,Calder Central,45-59,English,Owner-occupier,2,2022-05-14,,931.9,2022,5,43,3,1,1,6,5435.57,905.9283333333333,690.27,976.28,109.01815691281277,6,1,0,0,0,0,0.0,114.94000000000005,0.9721304145652252,1.0476231355295633,1,0.16666666666666666
C-34105,Active,Weybridge,18-29,English,Owner-occupier,1,2022-06-03,,536.21,2022,6,42,1,0,0,6,3183.7799999999997,530.63,475.2,565.29,35.67937443397796,6,1,0,0,0,0,0.0,69.95999999999992,0.9895936293616306,1.0542324835418957,0,0.0
C-34106,Suspended,Northgate,18-29,Other,Owner-occupier,4,2023-12-03,,934.03,2023,12,24,3,2,2,6,5634.75,939.125,878.2,982.19,38.92797181975965,6,1,0,0,0,0,0.0,104.85000000000014,1.0054548569103776,1.0515615130135008,1,0.16666666666666666
C-34107,Active,Ash Hill,30-44,English,Social tenancy,2,2025-07-12,,960.44,2025,7,5,3,5,1,6,5866.4400000000005,977.7400000000001,950.97,1006.93,18.831146539709138,6,1,0,0,0,0,0.0,113.26999999999975,1.0180125775686142,1.0484048977551954,1,0.16666666666666666
C-34108,Closed,Calder Central,30-44,English,Social tenancy,3,2025-07-31,2025-09,635.58,2025,7,5,1,16,0,3,1990.76,663.5866666666667,649.48,672.6,12.37295976447569,3,1,0,0,0,0,0.0,84.01999999999987,1.0440647387687887,1.0582460115170396,0,0.0
C-34109,Active,Calder Central,45-59,English,Resident with family,4,2023-04-19,,1085.67,2023,4,32,3,5,2,6,6137.5599999999995,1022.9266666666666,796.41,1104.69,115.08236296959957,6,1,0,0,0,0,0.0,22.7199999999998,0.9422077304030383,1.0175191356489541,1,0.16666666666666666
C-34110,Active,Weybridge,45-59,English,Owner-occupier,1,2025-08-15,,536.08,2025,8,4,3,0,1,6,3103.86,517.3100000000001,460.48,559.9,34.0522316449304,6,1,0,0,0,0,0.0,23.819999999999936,0.9649865691687807,1.0444336666169227,0,0.0
C-34111,Active,Calder Central,75+,English,Owner-occupier,1,2021-12-05,,502.43,2021,12,48,0,15,0,6,2888.17,481.3616666666667,398.71,526.26,44.31708086806563,6,1,0,0,0,0,0.0,32.01999999999998,0.9580671270956485,1.047429492665645,0,0.0
C-34112,Active,Weybridge,18-29,English,Private tenancy,1,2025-07-08,,568.54,2025,7,5,2,3,1,6,3244.76,540.7933333333334,474.17,576.35,35.739232038009206,6,1,0,0,0,0,0.0,7.810000000000059,0.9511966323096588,1.0137369402328773,3,0.5
C-34113,Active,Calder Central,60-74,English,No fixed abode,1,2022-03-12,,687.65,2022,3,45,3,9,1,6,4129.5,688.25,652.05,724.91,31.27843410402764,6,1,0,0,0,0,0.0,84.87,1.0008725369010396,1.0541845415545699,0,0.0
C-34114,Active,Ash Hill,75+,English,Owner-occupier,3,2024-05-07,,1188.88,2024,5,19,1,14,0,6,6679.049999999999,1113.175,878.0,1257.28,181.13709302624895,6,1,0,0,0,0,0.0,161.60999999999945,0.9363224211022138,1.0575331404346948,0,0.0
C-34115,Active,Weybridge,45-59,English,Private tenancy,1,2021-01-04,,605.59,2021,1,59,4,19,2,6,3672.45,612.0749999999999,573.08,640.63,22.701841995750033,6,1,0,0,0,0,0.0,73.59999999999991,1.0107085652008785,1.0578609290113772,1,0.16666666666666666
C-34116,Active,Calder Central,18-29,Other,Private tenancy,2,2025-08-08,,833.73,2025,8,4,5,9,2,6,5037.66,839.61,821.91,858.2,13.021500681565113,6,1,0,0,0,0,0.0,47.10000000000002,1.0070526429419597,1.0293500293860123,2,0.3333333333333333
C-34117,Active,Northgate,60-74,English,Resident with family,6,2022-02-20,,1609.27,2022,2,46,0,1,2,6,8957.92,1492.9866666666667,1170.73,1587.52,159.76958404736075,6,1,0,0,0,0,0.0,0.0,0.9277415639803555,0.9864845551088381,0,0.0
C-34118,Active,Northgate,18-29,English,Owner-occupier,5,2021-04-07,,1365.62,2021,4,56,5,7,0,6,13585.529999999999,2264.2549999999997,1972.93,2476.31,197.02074213138067,6,1,0,0,0,0,0.0,5391.81,1.6580417685739812,1.8133228863080506,0,0.0
C-34119,Active,Northgate,75+,Spanish,Resident with family,1,2022-10-01,,699.52,2022,10,38,4,22,2,6,4163.15,693.8583333333332,673.73,735.92,23.00783815717298,6,1,0,0,0,0,0.0,39.58000000000004,0.9919063548337909,1.052035681610247,2,0.3333333333333333
C-34120,Active,Northgate,45-59,English,Social tenancy,1,2021-05-09,,406.8,2021,5,55,2,22,2,6,2319.59,386.59833333333336,294.66,418.24,46.9246985783251,6,1,0,0,0,0,0.0,23.870000000000005,0.9503400524418223,1.0281219272369715,1,0.16666666666666666
C-34121,Active,Calder Central,75+,Other,Resident with family,1,2021-11-01,,582.88,2021,11,49,4,11,1,6,3274.8199999999997,545.8033333333333,415.06,591.28,65.26782811360177,6,1,0,0,0,0,0.0,8.399999999999977,0.9363905663830177,1.0144111995608014,2,0.3333333333333333
C-34122,Active,Ash Hill,18-29,Spanish,No fixed abode,1,2023-12-06,,561.06,2023,12,24,7,18,1,6,3432.24,572.04,540.13,592.97,19.20625106573377,6,1,0,0,0,0,0.0,86.81000000000017,1.0195700994546038,1.0568744875770864,2,0.3333333333333333
C-34123,Active,Northgate,45-59,English,Owner-occupier,2,2025-05-23,,906.68,2025,5,7,0,12,1,6,5352.16,892.0266666666666,855.52,954.25,41.31351965963036,6,1,0,0,0,0,0.0,72.66000000000008,0.983838472963633,1.0524661402038207,1,0.16666666666666666
C-34124,Active,Calder Central,30-44,English,Resident with family,1,2024-02-13,,498.2,2024,2,22,2,6,1,6,2992.0299999999997,498.6716666666666,470.25,519.22,20.846823658933438,6,1,0,0,0,0,0.0,55.730000000000075,1.0009467416031044,1.042191890806905,3,0.5
C-34125,Active,Ash Hill,30-44,English,No fixed abode,4,2024-03-15,,1134.18,2024,3,21,2,11,0,6,6625.0599999999995,1104.1766666666665,898.97,1200.86,110.33648583613063,6,1,0,0,0,0,0.0,140.0499999999995,0.9735462331082073,1.0587913735033239,0,0.0
C-34126,Active,Northgate,60-74,English,Social tenancy,1,2022-01-13,,440.12,2022,1,47,0,16,0,6,2695.39,449.2316666666666,424.61,458.93,13.827032098996025,6,1,0,0,0,0,0.0,70.17999999999995,1.02070268714593,1.042738344087976,0,0.0
C-34127,Active,Northgate,45-59,English,Owner-occupier,1,2025-06-23,,499.2,2025,6,6,4,4,1,6,2825.53,470.9216666666667,372.1,512.83,50.804718448847524,6,1,0,0,0,0,0.0,13.630000000000052,0.9433526976495727,1.027303685897436,2,0.3333333333333333
C-34128,Active,Weybridge,75+,English,Social tenancy,3,2023-09-21,,1068.29,2023,9,27,3,17,0,6,6236.46,1039.41,1021.17,1076.04,21.267514194188262,6,1,0,0,0,0,0.0,7.75,0.9729661421524117,1.0072545844293217,0,0.0
C-34129,Active,Ash Hill,75+,English,Owner-occupier,1,2024-07-09,,651.44,2024,7,17,5,23,0,6,3802.89,633.8149999999999,501.84,688.25,68.6451183260689,6,1,0,0,0,0,0.0,77.99999999999989,0.9729445536043227,1.0565055876212697,0,0.0
C-34130,Active,Calder Central,75+,Spanish,Social tenancy,5,2022-05-06,,922.75,2022,5,43,3,7,1,6,5636.43,939.4050000000001,906.01,971.87,26.416512828153532,6,1,0,0,0,0,0.0,128.35000000000002,1.018049309130317,1.0532321863993497,0,0.0
C-34131,Active,Weybridge,60-74,Other,No fixed abode,2,2022-01-18,,987.5,2022,1,47,1,9,0,6,5963.55,993.9250000000001,944.88,1030.26,35.58321163132976,6,1,0,0,0,0,0.0,114.31000000000006,1.006506329113924,1.0433012658227847,0,0.0
C-34132,Active,Ash Hill,18-29,Other,Social tenancy,2,2022-03-20,,1026.39,2022,3,45,3,8,2,6,5916.200000000001,986.0333333333334,892.31,1048.6,56.78388351166786,6,1,0,0,0,0,0.0,31.759999999999764,0.9606809627269687,1.0216389481581074,3,0.5
C-34133,Active,Weybridge,18-29,Other,Social tenancy,5,2022-11-10,,1088.45,2022,11,37,3,4,1,6,6366.34,1061.0566666666666,838.38,1139.85,112.47658061421791,6,1,0,0,0,0,0.0,111.5499999999995,0.9748327131854163,1.047223115439386,3,0.5
C-34134,Active,Weybridge,60-74,English,Owner-occupier,5,2022-05-30,,924.59,2022,5,43,1,16,2,6,5494.85,915.8083333333334,786.72,974.25,68.35013633246581,6,1,0,0,0,0,0.0,111.17999999999984,0.9905020964247214,1.053710293211045,0,0.0
C-34135,Active,Calder Central,60-74,Spanish,Resident with family,4,2021-03-12,,1151.19,2021,3,57,4,16,2,6,7033.22,1172.2033333333334,1092.77,1218.93,55.57747877213098,6,1,0,0,0,0,0.0,219.99999999999977,1.0182535752858637,1.058843457639486,2,0.3333333333333333
C-34136,Suspended,Calder Central,18-29,English,Owner-occupier,1,2023-01-25,,424.74,2023,1,35,1,7,1,6,2402.25,400.375,318.08,448.46,43.878519004177896,6,1,0,0,0,0,0.0,23.71999999999997,0.942635494655554,1.0558459292743796,0,0.0
C-34137,Active,Northgate,30-44,Spanish,Social tenancy,2,2024-11-19,,589.72,2024,11,13,4,21,1,6,3558.79,593.1316666666667,558.93,621.84,25.328129355849903,6,1,0,0,0,0,0.0,70.8599999999999,1.0057852314092564,1.0544665264871464,1,0.16666666666666666
C-34138,Active,Weybridge,75+,English,No fixed abode,2,2024-01-07,,508.93,2024,1,23,3,19,1,6,3106.63,517.7716666666666,485.28,538.58,22.689615613021452,6,1,0,0,0,0,0.0,90.45000000000005,1.0173730506487468,1.058259485587409,2,0.3333333333333333
C-34139,Active,Calder Central,30-44,English,Resident with family,3,2024-12-07,,778.3,2024,12,12,0,16,0,6,4505.67,750.945,649.71,804.78,55.87893511870102,6,1,0,0,0,0,0.0,37.180000000000064,0.9648528844918411,1.0340228703584735,0,0.0
C-34140,Active,Calder Central,30-44,English,Private tenancy,4,2025-05-27,,927.71,2025,5,7,2,3,1,6,5258.61,876.435,732.89,969.82,78.72982224036838,6,1,0,0,0,0,0.0,42.110000000000014,0.944729495208632,1.0453913399661532,1,0.16666666666666666
C-34141,Active,Calder Central,30-44,English,Owner-occupier,4,2021-10-24,,1220.62,2021,10,50,4,9,3,6,7136.4,1189.3999999999999,909.06,1279.69,142.885162000818,6,1,0,0,0,0,0.0,169.63000000000056,0.9744228342973243,1.0483934393996495,1,0.16666666666666666
C-34142,Active,Weybridge,45-59,English,Social tenancy,6,2024-02-09,,898.75,2024,2,22,5,12,2,6,5153.7,858.9499999999999,682.93,917.07,87.54770608074209,6,1,0,0,0,0,0.0,18.32000000000005,0.9557162726008345,1.020383866481224,1,0.16666666666666666
C-34143,Active,Calder Central,30-44,English,Resident with family,3,2025-07-21,,640.7,2025,7,5,0,7,1,6,3858.71,643.1183333333333,610.38,678.39,30.387988032554336,6,1,0,0,0,0,0.0,82.9699999999998,1.0037745174548671,1.058826283752146,4,0.6666666666666666
C-34144,Active,Northgate,60-74,English,Social tenancy,2,2021-07-25,,1005.29,2021,7,53,2,13,2,6,6100.2,1016.6999999999999,964.54,1048.55,30.274375963841116,6,1,0,0,0,0,0.0,109.21000000000004,1.0113499587183798,1.0430323588218324,1,0.16666666666666666
C-34145,Active,Weybridge,18-29,English,Resident with family,4,2022-09-24,,1167.77,2022,9,39,3,14,0,6,7073.24,1178.8733333333332,1123.15,1226.12,33.35436263319486,6,1,0,0,0,0,0.0,111.24000000000001,1.009508150863041,1.0499670311790847,0,0.0
C-34146,Active,Ash Hill,60-74,English,Resident with family,4,2022-04-30,,1407.9,2022,4,44,4,5,1,6,7855.66,1309.2766666666666,1087.95,1440.75,132.27384649531683,6,1,0,0,0,0,0.0,38.029999999999745,0.9299500438004592,1.0233326230556148,0,0.0
C-34147,Active,Calder Central,18-29,English,Owner-occupier,3,2024-04-15,,808.49,2024,4,20,0,2,0,6,4890.92,815.1533333333333,777.7,844.02,24.456550588066705,6,1,0,0,0,0,0.0,79.41999999999996,1.008241701608348,1.0439461217825823,0,0.0
C-34148,Active,Northgate,30-44,Other,Social tenancy,1,2021-03-02,,760.83,2021,3,57,2,10,1,6,4369.47,728.245,577.65,797.64,78.27007467736311,6,1,0,0,0,0,0.0,45.12999999999988,0.9571717729321924,1.0483813729742517,3,0.5
C-34149,Active,Northgate,60-74,Other,Social tenancy,1,2023-07-01,,463.85,2023,7,29,5,14,1,6,2746.31,457.7183333333333,392.98,479.23,32.54357658074272,6,1,0,0,0,0,0.0,36.62999999999994,0.9867809277424454,1.0331572706693974,2,0.3333333333333333
C-34150,Active,Weybridge,30-44,English,No fixed abode,3,2023-06-13,,1011.79,2023,6,30,2,13,1,6,5876.06,979.3433333333334,799.8,1067.88,93.68325734445122,6,1,0,0,0,0,0.0,82.49000000000024,0.967931421869492,1.0554364047875548,1,0.16666666666666666
C-34151,Active,Ash Hill,60-74,English,Owner-occupier,2,2025-03-11,,746.19,2025,3,9,1,10,1,6,4515.04,752.5066666666667,720.48,777.72,21.82797990347862,6,1,0,0,0,0,0.0,67.61999999999978,1.0084652255681081,1.0422546536404937,2,0.3333333333333333
C-34152,Active,Calder Central,18-29,Other,Owner-occupier,2,2025-08-21,,524.82,2025,8,4,6,5,1,6,2906.07,484.345,413.07,516.33,42.86095554231145,6,1,0,0,0,0,0.0,0.0,0.9228783201859684,0.9838230250371556,1,0.16666666666666666
C-34153,Active,Weybridge,30-44,English,Private tenancy,2,2024-04-17,,871.57,2024,4,20,1,0,1,6,5197.5,866.25,826.81,917.1,30.983571776023524,6,1,0,0,0,0,0.0,57.86999999999989,0.9938960726046101,1.0522390628406209,2,0.3333333333333333
C-34154,Active,Northgate,75+,English,No fixed abode,3,2024-07-12,,709.84,2024,7,17,2,7,0,6,3951.05,658.5083333333333,499.1,722.61,80.6440533248836,6,1,0,0,0,0,0.0,12.769999999999982,0.9276855817273376,1.0179899695706074,0,0.0
C-34155,Active,Ash Hill,45-59,Other,Resident with family,2,2021-06-13,,573.6,2021,6,54,3,19,2,6,3374.34,562.39,539.45,598.11,26.406396194861582,6,1,0,0,0,0,0.0,45.01999999999998,0.9804567642956764,1.0427301255230126,2,0.3333333333333333
C-34156,Active,Ash Hill,60-74,English,Social tenancy,3,2022-01-13,,601.07,2022,1,47,1,6,0,6,3633.67,605.6116666666667,600.56,608.42,3.8345764650958225,6,1,0,0,0,0,0.0,28.039999999999736,1.007555969631934,1.012228193055717,0,0.0
C-34157,Active,Calder Central,18-29,English,Resident with family,2,2025-01-07,,1024.19,2025,1,11,6,14,1,7,6974.49,996.3557142857143,716.28,1076.35,126.67266330416926,6,2,1,1,0,0,0.0,147.82999999999993,0.9728231229417531,1.0509280504593872,1,0.14285714285714285
C-34158,Active,Weybridge,60-74,English,Private tenancy,4,2021-02-28,,968.85,2021,2,58,2,11,2,6,5746.97,957.8283333333334,768.92,1026.22,96.67497595896609,6,1,0,0,0,0,0.0,144.15999999999997,0.9886239699987959,1.0592145326933995,1,0.16666666666666666
C-34159,Active,Northgate,30-44,English,Social tenancy,2,2025-03-17,,895.54,2025,3,9,2,12,2,6,5335.31,889.2183333333334,861.69,947.58,30.228954607572312,6,1,0,0,0,0,0.0,52.04000000000008,0.9929409443836494,1.0581101904995869,1,0.16666666666666666
C-34160,Active,Weybridge,45-59,English,Social tenancy,1,2022-07-07,,483.25,2022,7,41,1,1,0,6,2822.45,470.4083333333333,377.06,511.4,50.635390950072335,6,1,0,0,0,0,0.0,69.32999999999998,0.973426452836696,1.0582514226590791,0,0.0
C-34161,Closed,Ash Hill,60-74,English,Resident with family,2,2022-02-26,2025-08,583.41,2022,2,46,1,8,1,2,1178.94,589.47,562.03,616.91,38.806020151517686,2,1,0,0,0,0,0.0,33.5,1.0103872062528925,1.0574210246653297,0,0.0
C-34162,Active,Weybridge,75+,Other,Owner-occupier,1,2021-01-23,,568.06,2021,1,59,5,22,0,6,3435.39,572.5649999999999,538.18,593.77,22.12555242248201,6,1,0,0,0,0,0.0,70.1500000000002,1.0079305002992642,1.0452593035946909,0,0.0
C-34163,Active,Northgate,75+,English,No fixed abode,4,2024-10-24,,858.65,2024,10,14,3,0,0,6,5207.49,867.915,839.3,898.24,23.36834932125072,6,1,0,0,0,0,0.0,86.12000000000012,1.0107901939090433,1.0461072613987072,0,0.0
C-34164,Suspended,Ash Hill,18-29,English,No fixed abode,6,2024-04-21,,1676.3,2024,4,20,1,22,0,6,9344.119999999999,1557.3533333333332,1258.68,1766.31,211.58189437347096,6,1,0,0,0,0,0.0,154.0,0.9290421364513115,1.0536956392053929,0,0.0
C-34165,Active,Weybridge,30-44,English,Private tenancy,1,2024-10-16,,712.7,2024,10,14,1,6,0,6,4289.82,714.9699999999999,676.97,740.31,28.169179611767156,6,1,0,0,0,0,0.0,79.35999999999979,1.0031850708573031,1.0387400028062297,0,0.0
C-34166,Active,Calder Central,60-74,English,Social tenancy,5,2023-10-22,,1645.24,2023,10,26,4,16,0,6,9720.06,1620.01,1553.19,1684.05,54.76101204324116,6,1,0,0,0,0,0.0,73.70000000000005,0.9846648513286814,1.023589263572488,0,0.0
C-34167,Active,Calder Central,60-74,English,Social tenancy,2,2023-04-18,,651.09,2023,4,32,2,14,0,6,3934.12,655.6866666666666,622.48,686.09,29.71014080523126,6,1,0,0,0,0,0.0,92.25,1.0070599558688762,1.0537560091538805,0,0.0
C-34168,Active,Weybridge,30-44,English,Resident with family,1,2025-01-09,,443.99,2025,1,11,2,1,1,6,2598.79,433.13166666666666,420.47,455.4,13.279488569469315,6,1,0,0,0,0,0.0,11.409999999999968,0.975543743477706,1.0256987769994819,2,0.3333333333333333
C-34169,Active,Calder Central,30-44,English,Social tenancy,2,2022-03-29,,745.45,2022,3,45,2,12,1,6,4118.15,686.3583333333332,585.21,750.89,69.18868214286688,6,1,0,0,0,0,0.0,6.449999999999932,0.9207302077045184,1.0072976054732041,1,0.16666666666666666
C-34170,Active,Weybridge,30-44,Spanish,Owner-occupier,2,2021-11-04,,706.57,2021,11,49,4,15,2,6,4135.94,689.3233333333333,490.86,748.96,100.39324094114438,6,1,0,0,0,0,0.0,138.24999999999977,0.9755910006557501,1.0599940557906506,2,0.3333333333333333
C-34171,Active,Northgate,30-44,Spanish,Social tenancy,3,2021-08-03,,921.52,2021,8,52,4,13,1,6,5512.34,918.7233333333334,876.92,969.06,37.90669369209962,6,1,0,0,0,0,0.0,82.33999999999992,0.9969651590126457,1.0515886795728795,3,0.5
C-34172,Active,Ash Hill,18-29,English,Resident with family,1,2021-08-29,,521.85,2021,8,52,2,18,0,6,3228.41,538.0683333333333,518.97,549.92,11.305753255164644,6,1,0,0,0,0,0.0,100.18999999999994,1.0310785347002651,1.0537894030851775,0,0.0
C-34173,Active,Ash Hill,60-74,English,No fixed abode,5,2024-10-31,,1577.1,2024,10,14,0,18,0,6,9383.05,1563.8416666666665,1511.82,1624.14,44.37122690062407,6,1,0,0,0,0,0.0,73.37000000000035,0.9915932196225139,1.02982689747004,0,0.0
C-34174,Active,Northgate,45-59,English,Owner-occupier,1,2022-02-09,,660.84,2022,2,46,1,9,0,6,3961.38,660.23,629.26,686.86,23.299302993866576,6,1,0,0,0,0,0.0,54.53999999999985,0.9990769323890806,1.0393741298952848,0,0.0
C-34175,Active,Weybridge,75+,English,Private tenancy,1,2024-07-06,,494.63,2024,7,17,3,20,0,6,2935.63,489.2716666666667,468.26,504.77,13.590660641288407,6,1,0,0,0,0,0.0,17.810000000000002,0.9891669867712567,1.020500171845622,0,0.0
C-34176,Active,Calder Central,45-59,English,Owner-occupier,4,2024-06-15,,1264.48,2024,6,18,3,11,1,6,7089.18,1181.53,942.51,1295.3,123.33913636798339,6,1,0,0,0,0,0.0,30.819999999999936,0.9343999114260407,1.0243736555738328,3,0.5
C-34177,Active,Ash Hill,60-74,Other,Social tenancy,1,2021-05-08,,725.85,2021,5,55,7,21,3,6,4339.96,723.3266666666667,690.43,760.55,27.112582073027795,6,1,0,0,0,0,0.0,61.309999999999945,0.9965236159904479,1.0478060205276571,2,0.3333333333333333
C-34178,Active,Ash Hill,45-59,English,Social tenancy,1,2023-12-12,,406.13,2023,12,24,1,7,1,6,2423.9700000000003,403.99500000000006,390.79,425.96,13.724385232133331,6,1,0,0,0,0,0.0,26.870000000000005,0.9947430625661734,1.0488267303572747,2,0.3333333333333333
C-34179,Active,Ash Hill,30-44,English,Private tenancy,1,2022-04-12,,406.19,2022,4,44,2,2,1,6,2472.17,412.02833333333336,393.35,422.89,11.574802662104712,6,1,0,0,0,0,0.0,50.329999999999984,1.01437340489262,1.0411137644944484,1,0.16666666666666666
C-34180,Active,Ash Hill,75+,English,Resident with family,2,2022-07-29,,866.84,2022,7,41,6,20,2,6,8486.05,1414.3416666666665,1215.34,1557.33,124.82761992710854,6,1,0,0,0,0,0.0,3285.0099999999993,1.6316063710334854,1.7965599187854735,1,0.16666666666666666
C-34181,Active,Weybridge,75+,Other,Owner-occupier,3,2023-09-24,,1152.57,2023,9,27,4,18,3,6,6870.2,1145.0333333333333,979.31,1218.17,84.74127369037281,6,1,0,0,0,0,0.0,130.53000000000043,0.9934609900772476,1.0569162827420462,3,0.5
C-34182,Active,Northgate,30-44,English,Private tenancy,1,2024-04-30,,662.29,2024,4,20,3,21,0,6,3925.39,654.2316666666667,627.38,692.12,23.101099901664114,6,1,0,0,0,0,0.0,35.72000000000003,0.9878326211579017,1.045040692143925,0,0.0
C-34183,Active,Calder Central,60-74,English,Private tenancy,5,2021-06-02,,911.28,2021,6,54,3,3,1,6,5203.15,867.1916666666666,607.43,957.67,130.4551495981154,6,1,0,0,0,0,0.0,84.11000000000013,0.9516193339771165,1.0509064173470284,0,0.0
C-34184,Active,Weybridge,45-59,English,Private tenancy,1,2022-11-18,,722.49,2022,11,37,0,12,1,6,4415.16,735.86,705.97,756.28,18.634659106085092,6,1,0,0,0,0,0.0,96.7399999999999,1.0185054464421652,1.0467688134091822,1,0.16666666666666666
C-34185,Active,Calder Central,30-44,English,Social tenancy,2,2023-03-30,,971.42,2023,3,33,4,13,0,6,5552.04,925.34,887.74,989.91,38.73211587300647,6,1,0,0,0,0,0.0,18.49000000000001,0.952564287331947,1.0190339914763953,0,0.0
C-34186,Active,Northgate,75+,English,Owner-occupier,2,2024-02-08,,981.04,2024,2,22,1,5,0,6,5684.51,947.4183333333334,809.85,1025.92,75.24262420109142,6,1,0,0,0,0,0.0,53.910000000000196,0.9657285465764224,1.045747370137813,0,0.0
C-34187,Active,Calder Central,45-59,English,Resident with family,2,2025-01-02,,1006.73,2025,1,11,2,10,0,6,5874.26,979.0433333333334,872.52,1021.26,55.51371566258797,6,1,0,0,0,0,0.0,23.089999999999918,0.9724984189736406,1.0144328668063929,0,0.0
C-34188,Active,Ash Hill,45-59,English,Social tenancy,2,2024-08-12,,568.49,2024,8,16,0,10,1,6,3303.41,550.5683333333333,443.28,602.25,57.786173923064574,6,1,0,0,0,0,0.0,66.5,0.9684749658451922,1.0593853893648084,2,0.3333333333333333
C-34189,Active,Northgate,45-59,English,Resident with family,2,2021-04-05,,637.03,2021,4,56,2,4,0,6,3525.49,587.5816666666666,493.47,664.53,71.22208377088292,6,1,0,0,0,0,0.0,27.5,0.9223767588130335,1.0431690815189238,0,0.0
C-34190,Active,Northgate,45-59,Other,Private tenancy,5,2023-07-13,,1242.32,2023,7,29,4,19,1,6,7122.31,1187.0516666666667,904.85,1280.74,143.402803517458,6,1,0,0,0,0,0.0,91.23000000000025,0.9555119990555306,1.0309260094017645,1,0.16666666666666666
C-34191,Active,Calder Central,18-29,Other,Social tenancy,3,2023-08-04,,737.69,2023,8,28,5,2,1,6,4475.06,745.8433333333334,710.31,777.82,30.41974402697476,6,1,0,0,0,0,0.0,102.38999999999987,1.011052519802808,1.0543995445241225,3,0.5
C-34192,Active,Weybridge,45-59,English,No fixed abode,2,2022-06-21,,768.93,2022,6,42,2,7,0,6,4474.39,745.7316666666667,655.83,799.7,55.87973422151066,6,1,0,0,0,0,0.0,60.18000000000018,0.9698303703414703,1.040016646508785,0,0.0
C-34193,Active,Northgate,60-74,English,Resident with family,3,2022-05-30,,889.84,2022,5,43,0,5,2,6,5301.71,883.6183333333333,846.19,928.12,31.74164294214566,6,1,0,0,0,0,0.0,61.00999999999999,0.9930081063262309,1.0430189697024184,0,0.0
C-34194,Active,Northgate,75+,English,Social tenancy,2,2023-12-04,,644.9,2023,12,24,2,4,0,6,3926.24,654.3733333333333,623.01,671.77,18.276278249869886,6,1,0,0,0,0,0.0,80.71000000000004,1.014689615961131,1.041665374476663,0,0.0
C-34195,Active,Calder Central,75+,Other,No fixed abode,2,2024-03-02,,599.76,2024,3,21,7,14,1,6,3597.83,599.6383333333333,565.55,632.12,24.056539582131638,6,1,0,0,0,0,0.0,57.83000000000004,0.9997971410786537,1.0539549152994532,1,0.16666666666666666
C-34196,Closed,Northgate,30-44,English,Social tenancy,4,2025-02-21,2025-08,1406.73,2025,2,10,3,12,3,6,8412.96,1402.1599999999999,1356.32,1454.6,34.44739757949786,6,1,0,0,4,1,5581.7,65.66999999999985,0.9967513311012063,1.0340292735635124,2,0.3333333333333333
C-34197,Active,Calder Central,60-74,English,Private tenancy,1,2021-12-29,,462.3,2021,12,48,0,19,1,6,2706.89,451.1483333333333,387.96,488.03,35.08085370492952,6,1,0,0,0,0,0.0,39.4199999999999,0.9758778570913548,1.0556565001081548,5,0.8333333333333334
C-34198,Active,Weybridge,18-29,Other,Private tenancy,3,2025-01-12,,791.47,2025,1,11,6,22,2,6,4757.82,792.9699999999999,763.64,822.31,23.228340448684648,6,1,0,0,0,0,0.0,64.84999999999991,1.001895207651585,1.038965469316588,1,0.16666666666666666
C-34199,Active,Northgate,60-74,English,Private tenancy,3,2022-11-13,,1064.61,2022,11,37,1,19,0,6,6414.4400000000005,1069.0733333333335,1042.0,1091.0,18.029713992924748,6,1,0,0,0,0,0.0,54.07000000000039,1.004192458584208,1.0247884201726454,0,0.0
